Authors,Author full names,Author(s) ID,Title,Year,Source title,Volume,Issue,Art. No.,Page start,Page end,Page count,Cited by,DOI,Link,Affiliations,Authors with affiliations,Abstract,Author Keywords,Index Keywords,Funding Texts,Editors,Publisher,ISSN,ISBN,CODEN,PubMed ID,Language of Original Document,Document Type,Publication Stage,Open Access,Source,EID
"M.N., Kamilah, Mila N.; A.R., Puspita, Ajeng R.; M.L., Syamsuddin, Mega Laksmini","Kamilah, Mila N. (59958450200); Puspita, Ajeng R. (58076927400); Syamsuddin, Mega Laksmini (55909338600)",59958450200; 58076927400; 55909338600,Seasonal migration patterns of eastern little tuna (Euthynnus affinis) in the Makassar Strait,2025,AACL Bioflux,18,3,,1313,1324,0,0,,https://www.scopus.com/inward/record.uri?eid=2-s2.0-105008768857&partnerID=40&md5=3218837d886d2438b5b377e2e8077123,"Universitas Padjadjaran, Bandung, Indonesia; Universitas Padjadjaran, Bandung, Indonesia","Kamilah, Mila N., Universitas Padjadjaran, Bandung, Indonesia; Puspita, Ajeng R., Universitas Padjadjaran, Bandung, Indonesia; Syamsuddin, Mega Laksmini, Department of Marine Sciences, Universitas Padjadjaran, Bandung, Indonesia","The Indonesian Monsoonal Flow (IMF) and the Indonesian Throughflow (ITF) strongly influence the oceanographic features within the Makassar Strait. The eastern little tuna (Euthynnus affinis) represents an important and valuable fishery resource in the Makassar Strait. This study aims to investigate the seasonal spatial patterns and further to predict the migratory patterns of the eastern little tuna throughout the seasons. The data utilized includes satellite oceanographic data (sea surface temperature - SST, sea surface height - SSH, chlorophyll-a) and catch data over a two-year period (2019-2020). The MaxEnt model was chosen for its proficiency in analyzing the relationship between species, in this instance, the eastern little tuna, and environmental factors. The results indicate that the captures of eastern little tuna were higher during the transitional seasons, specifically during March-April-May (MAM) and September-October-November (SON). With an area under the curve (AUC) value of 0.877, the optimal oceanographic parameters range for eastern little tuna are characterized by chlorophyll-a concentrations ranging from 0 to 2 mg m-3, SSH between 0.55 and 0.56 m, and SST at or above 29ºC. Higher habitat suitability index (HSI) values in the Makassar Strait are typically observed during the transitional season. In terms of seasonal prediction pattern, the transitional seasons and the northwest season, have a wider potential reach extending to the eastern part of the Makassar Strait compared to the southeast season. The potential fishing area mostly located within the coordinates of 2° N - 5° S and 114° - 117° E. © 2025 Elsevier B.V., All rights reserved.",Auc; Habitat Suitability Index; Maxent; Seasonal,,"We also thank the Ministry of Marine Affairs and Fisheries of the Republic of Indonesia for the fisheries datasets, Universitas Padjadjaran, and the Ministry of Education, Culture, Research, and Technology of the Republic of Indonesia for their support through the Master Theses Research Grant (PTM 2023).",,BIOFLUX SRL,18449166; 18448143,,,,English,Article,Final,,Scopus,2-s2.0-105008768857
"G.B., Pratama, Gilar Budi; L.A.S., Wijayanti, Lady Ayu Sri; I., Maqbul, Ismail; A.A., Muhyun, Ainun Apriliyani; R.A., Sahar, Rahayu Abriani; R.G., Ayu, Reza Gustiyani; M.R., Firdaus, Mochamad Ramdhan","Pratama, Gilar Budi (57673765200); Wijayanti, Lady Ayu Sri (57219216338); Maqbul, Ismail (57215582302); Muhyun, Ainun Apriliyani (60058219100); Sahar, Rahayu Abriani (60058515200); Ayu, Reza Gustiyani (60058370500); Firdaus, Mochamad Ramdhan (58550222900)",57673765200; 57219216338; 57215582302; 60058219100; 60058515200; 60058370500; 58550222900,Multi-Algorithm Species Distribution Modeling for Skipjack Tuna Fishing Ground Detection in the Indian Ocean: A Case Study of Indonesian FMA 572,2025,Environmental Quality Management,35,1,e70166,,,0,0,10.1002/tqem.70166,https://www.scopus.com/inward/record.uri?eid=2-s2.0-105013881881&doi=10.1002%2Ftqem.70166&partnerID=40&md5=f913d50433e0f326e00eea37b9783cfa,"Universitas Padjadjaran, Bandung, Indonesia; Universitas Padjadjaran, Bandung, Indonesia; Study Program of Fishery Product Technology, Makassar, Indonesia; Badan Riset dan Inovasi Nasional, Central Jakarta, Indonesia","Pratama, Gilar Budi, Department of Fisheries, Universitas Padjadjaran, Bandung, Indonesia; Wijayanti, Lady Ayu Sri, Department of Fisheries, Universitas Padjadjaran, Bandung, Indonesia; Maqbul, Ismail, Department of Marine Sciences, Universitas Padjadjaran, Bandung, Indonesia; Muhyun, Ainun Apriliyani, Study Program of Fishery Product Technology, Makassar, Indonesia; Sahar, Rahayu Abriani, Study Program of Fishery Product Technology, Makassar, Indonesia; Ayu, Reza Gustiyani, Study Program of Fishery Product Technology, Makassar, Indonesia; Firdaus, Mochamad Ramdhan, Oceanographic Research Center, Badan Riset dan Inovasi Nasional, Central Jakarta, Indonesia","The distribution of skipjack tuna (Katsuwonus pelamis) in the Indian Ocean is dynamic and influenced by oceanographic conditions. This study applies Species Distribution Modelling (SDMs) to predict the potential habitat distribution of skipjack tuna using catch logbook data and marine environmental variables. Four algorithms were employed in the modeling process, including Generalized Additive Model (GAM), Multivariate Adaptive Regression Splines (MARS), Maximum Entropy (MAXENT), and Support Vector Machine (SVM). Model evaluations showed high predictive performance based on Area Under the Curve (AUC) and True Skill Statistic (TSS) values. Sea Surface Height (SSH) was identified as the most significant contributing variable, with an optimal range between 0.2 and 0.6 m. The combination of multiple algorithms improved the accuracy of potential fishing ground predictions. These findings provide a strong scientific basis to support adaptive and sustainable management strategies for skipjack tuna fisheries in tropical marine waters. © 2025 Elsevier B.V., All rights reserved.",Algorithm; Habitat; Modeling; Oceanography; Skipjack Tuna; Algorithm; Detection Method; Fish; Fishing; Habitat Management; Oceanography; Sea Surface Height; Indian Ocean,algorithm; detection method; fish; fishing; habitat management; oceanography; sea surface height; Indian Ocean,"The authors express their appreciation to the Indonesian Ministry of Marine Affairs and Fisheries (MMAF) for their support in providing fisheries logbook data. We also extend our gratitude to NASA and Copernicus for their contribution in supplying multi-sensor remote sensing data and time-series ocean model data for marine environmental parameter analysis. Additionally, we highly value the insightful feedback from the reviewers and editors, whose constructive suggestions have helped improve this manuscript.",,John Wiley and Sons Inc,10881913; 15206483,,,,English,Article,Final,,Scopus,2-s2.0-105013881881
"W., Neka, Windra; Soemarno; D., Setyohadi, Daduk; R., Parmawati, Rita","Neka, Windra (60087454300); Soemarno (59915591200); Setyohadi, Daduk (6505842692); Parmawati, Rita (57201723886)",60087454300; 59915591200; 6505842692; 57201723886,"Sustainability Status of Sardinella lemuru Utilization in the Bali Strait, Indonesia",2025,Egyptian Journal of Aquatic Biology and Fisheries,29,4,,2879,2896,0,0,10.21608/ejabf.2025.449300,https://www.scopus.com/inward/record.uri?eid=2-s2.0-105015185879&doi=10.21608%2Fejabf.2025.449300&partnerID=40&md5=40d6da62e8c9b703c2ca964c07503341,"Brawijaya University, Malang, Indonesia; Brawijaya University, Malang, Indonesia; Brawijaya University, Malang, Indonesia; Brawijaya University, Malang, Indonesia","Neka, Windra, Doctoral Student Program in Agricultural Sciences, Brawijaya University, Malang, Indonesia; Soemarno, null, Soil Department, Brawijaya University, Malang, Indonesia; Setyohadi, Daduk, Department of Fisheries Resources Utilization, Brawijaya University, Malang, Indonesia; Parmawati, Rita, Postgraduate School, Brawijaya University, Malang, Indonesia","Sardinella lemuru is a leading commodity in the Bali Strait. However, it is necessary to evaluate the sustainability of fish resource utilization for being exploit in the provinces of East Java and Bali. To maintain the sustainability of the fish, efforts are made to identify problems and produce strategies for managing Sardinella lemuru resources and fishing gear. Purposive sampling techniques were employed to collect both primary and secondary data, which were subsequently analyzed using RAPFish multidimensional measurement (MDS). The results of the sustainability analysis of the lemuru fish resource in the Bali Strait show three dimensions with an extremely sustainable status: the ecological dimension (87.681%), the technical dimension (81.619%), and the social dimension (80.318%). The economic dimension has a moderate sustainable status (57.146%). Environmental variability plays an important role in lemuru population availability, but it cannot offset the pressure of overfishing. MDS revealed that lemuru sustainability in the Bali Strait is under pressure originated from various sources. To achieve sustainable status, interventions must be integrated and holistic, addressing more than one dimension. Efforts to improve the situation should include limiting fishing grounds (ecological), increasing the value of products (economic), strengthening the role of fishing communities (social), and improving the management of fishing efforts (technical). This approach provides a clear roadmap for balancing economic benefits with ecological conservation for the future of lemuru resources. © 2025 Elsevier B.V., All rights reserved.",Fisheries; Mds; Sardinella Lemuru; Strategy; Sustainability,,,,Egyptian Society for the Development of Fisheries and Human Health,25369814; 11106131,,,,English,Article,Final,,Scopus,2-s2.0-105015185879
"G.B., Pratama, Gilar Budi; H., Herawati, Heti; F., Baihaqi, F.; L.A.S., Wijayanti, Lady Ayu Sri; A.A., Muhyun, Ainun Apriliyani; R., Hidayat, Rian","Pratama, Gilar Budi (57673765200); Herawati, Heti (57202194466); Baihaqi, F. (57215422048); Wijayanti, Lady Ayu Sri (57219216338); Muhyun, Ainun Apriliyani (60058219100); Hidayat, Rian (60087323000)",57673765200; 57202194466; 57215422048; 57219216338; 60058219100; 60087323000,"Spatio-Temporal Analysis of Thermal Fronts and Indian Ocean Dipole Influence on Yellowfin Tuna (Thunnus albacares) Productivity in Palabuhanratu, Indonesia",2025,Egyptian Journal of Aquatic Biology and Fisheries,29,4,,3057,3072,0,0,10.21608/ejabf.2025.449313,https://www.scopus.com/inward/record.uri?eid=2-s2.0-105015153516&doi=10.21608%2Fejabf.2025.449313&partnerID=40&md5=7be20c45cf7a0d31fdc330717a7f9a82,"Universitas Padjadjaran, Bandung, Indonesia; Institut Teknologi Sains dan Bisnis Muhammadiyah Selayar, Indonesia; IPB University, Bogor, Indonesia","Pratama, Gilar Budi, Department of Fisheries, Universitas Padjadjaran, Bandung, Indonesia; Herawati, Heti, Department of Fisheries, Universitas Padjadjaran, Bandung, Indonesia; Baihaqi, F., Department of Fisheries, Universitas Padjadjaran, Bandung, Indonesia; Wijayanti, Lady Ayu Sri, Department of Fisheries, Universitas Padjadjaran, Bandung, Indonesia; Muhyun, Ainun Apriliyani, Study Program of Fishery Product Technology, Institut Teknologi Sains dan Bisnis Muhammadiyah Selayar, Indonesia; Hidayat, Rian, IPB University, Bogor, Indonesia","Thermal fronts are oceanographic features often associated with potential fishing zones for pelagic species such as the yellowfin tuna (Thunnus albacares). This study analyzed the spatial and temporal dynamics of thermal fronts and their relationship with thermal front intensity, sea surface temperature (SST), and the Indian Ocean Dipole (IOD) on the yellowfin tuna catch in Palabuhanratu waters from 2016 to 2020. The data included satellite-derived SST imagery, tuna catch records from PPN Palabuhanratu, and the Dipole Mode Index (DMI) as an indicator of IOD variability. Thermal fronts were detected using the Single Image Edge Detection (SIED) algorithm with a 0.5°C gradient threshold. Results indicated that thermal fronts occurred most frequently during transitional and dry seasons, with peak intensity from October to December. Pearson correlation analysis revealed a negative relationship between SST and tuna catch (r = –0.340; CI = –0.547 to –0.094) and between IOD and SST (r = –0.549; CI = –0.705 to –0.344), suggesting that warmer waters and positive IOD phases reduce tuna catch volume. In contrast, thermal front intensity showed no significant correlation with tuna catch (r = 0.104), IOD (r = 0.083), or SST (r = – 0.177). These findings suggest that while SST and IOD exert measurable influences on tuna catch, thermal fronts may not serve as reliable indicators for the yellowfin tuna fishing in the Palabuhanratu region. © 2025 Elsevier B.V., All rights reserved.",Correlation; Dipole Mode Index; Oceanographic; Sea Surface Temperature,,"The authors would like to express their sincere gratitude to the management of PPN Palabuhanratu for their support in providing access to fisheries landing data used in this study. We also acknowledge NASA\u2019s OceanColor project for freely providing high-resolution sea surface temperature (SST) satellite imagery, and the Climate Prediction Center (CPC) for making the Dipole Mode Index (DMI) data publicly available. Our appreciation also goes to the Fisheries Study Program at Universitas Padjadjaran for the academic and logistical support throughout the research process. This study would not have been possible without the collaboration and data contributions from these institutions.",,Egyptian Society for the Development of Fisheries and Human Health,25369814; 11106131,,,,English,Article,Final,,Scopus,2-s2.0-105015153516
"M.I., Zakariah, Muhammad Ikbal; M., Kasnir, Muhammad; Kasmawati; J., Alwi, Jamal","Zakariah, Muhammad Ikbal (60059839700); Kasnir, Muhammad (56447141800); Kasmawati (57214298353); Alwi, Jamal (60059724000)",60059839700; 56447141800; 57214298353; 60059724000,"Spatial Mapping of Mini Purse Seine Fishing Grounds Associated with Fish Aggregating Devices (FADs) in the Coastal Waters of Buru Regency, Maluku Province, Indonesia",2025,Egyptian Journal of Aquatic Biology and Fisheries,29,4,,4745,4759,0,0,10.21608/EJABF.2025.446691,https://www.scopus.com/inward/record.uri?eid=2-s2.0-105013985517&doi=10.21608%2FEJABF.2025.446691&partnerID=40&md5=a01e0a114cc665f773a2144edfdd0d1e,"Universitas Muslim Indonesia, Makassar, Indonesia; Universitas Muslim Indonesia, Makassar, Indonesia","Zakariah, Muhammad Ikbal, Doctoral Program in Fisheries Science, Universitas Muslim Indonesia, Makassar, Indonesia; Kasnir, Muhammad, Department of Fisheries Science, Universitas Muslim Indonesia, Makassar, Indonesia; Kasmawati, null, Department of Fisheries Science, Universitas Muslim Indonesia, Makassar, Indonesia; Alwi, Jamal, Department of Fisheries Science, Universitas Muslim Indonesia, Makassar, Indonesia","This study aimed to identify the spatial distribution of Fish Aggregating Devices (FADs) within the fishing grounds of mini purse seine operations in the waters of Buru Regency, Maluku Province, and analyze the spatial relationship between FAD distribution, chlorophyll-a concentration, and sea surface temperature (SST) across different seasonal periods. A quantitative descriptive approach was applied, utilizing secondary oceanographic data derived from Aqua MODIS satellite imagery covering the period from December 2023 to November 2024. Chlorophyll-a and SST data were spatially analyzed using Geographic Information System (GIS) software and integrated with FAD coordinates obtained through field observations and interviews with 12 mini purse seine vessels, representing the entire population. The results indicate that FAD distribution remained consistently located from the northwestern to eastern waters of Buru Regency throughout the year, despite seasonal variations in environmental conditions. During the Southeast Monsoon (June–August 2024), chlorophyll-a concentrations peaked (0.22– 0.31mg/ m³), and SST values were relatively lower (27– 29°C) across most of the study area, indicating high primary productivity. Conversely, the West Monsoon and transitional seasons generally exhibited reduced productivity. However, fishers did not relocate their FADs, suggesting limited adaptation to oceanographic changes. The resulting spatial maps underscore that integrating oceanographic data with FAD distribution can serve as a foundational basis for spatial fishing zone policies and the sustainable management of small pelagic fish resources. © 2025 Elsevier B.V., All rights reserved.",Chlorophyll-a; Fish Aggregating Device; Mini Purse Seine; Sea Surface Temperature,,,,Egyptian Society for the Development of Fisheries and Human Health,25369814; 11106131,,,,English,Article,Final,,Scopus,2-s2.0-105013985517
"U., Uzar, Umut; K., Eyüboglu, Kemal","Uzar, Umut (57208443288); Eyüboglu, Kemal (57193456329)",57208443288; 57193456329,The role of income inequality in shaping fishing ground footprint in Indonesia: Insights from the fourier augmented ARDL approach,2025,Marine Policy,176,,106635,,,0,1,10.1016/j.marpol.2025.106635,https://www.scopus.com/inward/record.uri?eid=2-s2.0-85218868270&doi=10.1016%2Fj.marpol.2025.106635&partnerID=40&md5=3c2aafc0fa1e70acea94a37c7cd6107b,"Karadeniz Technical University, Trabzon, Turkey; Tarsus University, Tarsus, Turkey","Uzar, Umut, Department of Economics/Center for Strategic Research, Karadeniz Technical University, Trabzon, Turkey; Eyüboglu, Kemal, Department of Finance and Banking, Tarsus University, Tarsus, Turkey","While many studies examine the determinants of ecological footprint, evidence regarding the determinants of fishing ground footprint is quite limited. These limited studies focus on traditional economic factors, examining the determinants of fishing ground footprint. This study represents the first theoretical and empirical investigation linking income inequality to fishing ground footprint. The aim is to explore the influence of income inequality on fishing grounds footprint in Indonesia from 1980 to 2022. The study employs the Fourier Augmented Autoregressive Distributed Lag method, which robustly captures both long-term dynamics while accounting for structural breaks in the data. This method offers more reliable results than traditional methods. The analysis also incorporates economic factors such as financial development, economic growth, energy consumption, trade openness, and urbanization. The key finding reveals that income inequality increases the fishing ground footprint, indicating a positive nexus between income inequality and the fishing ground footprint in Indonesia. Additionally, financial development, economic growth, and urbanization enhance the fishing ground footprint, while energy consumption and trade openness have no significant effects. The results provide important insights for policymakers, highlighting the nexus between sustainable development goals and suggesting that Indonesia can simultaneously reduce inequality and fishing ground footprint. © 2025 Elsevier B.V., All rights reserved.",Faardl; Financial Development; Fishing Ground; Income Inequality; Indonesia; Ecological Footprint; Economic Growth; Fishing; Sustainable Development Goal; Trade Openness; Urbanization; Indonesia,ecological footprint; economic growth; fishing; Sustainable Development Goal; trade openness; urbanization; Indonesia,,,Elsevier Ltd,0308597X,,,,English,Article,Final,,Scopus,2-s2.0-85218868270
"J.K.P., Argeswara, Janis K.P.; S.K., Venables, Stephanie K.; E.S., Germanov, Elitza S.; J.J., Kiszka, Jeremy J.","Argeswara, Janis K.P. (57212444795); Venables, Stephanie K. (57192248585); Germanov, Elitza S. (24477471700); Kiszka, Jeremy J. (16025171700)",57212444795; 57192248585; 24477471700; 16025171700,"Estimating the abundance and population trends of reef manta rays (Mobula alfredi) in Nusa Penida, Bali, Indonesia",2025,Environmental Biology of Fishes,108,5,112427,791,805,0,0,10.1007/s10641-025-01681-z,https://www.scopus.com/inward/record.uri?eid=2-s2.0-85219064859&doi=10.1007%2Fs10641-025-01681-z&partnerID=40&md5=617fce7eb4855e7ee38d03eacd38d183,"Florida International University, Miami, United States; Marine Megafauna Foundation, West Palm Beach, United States","Argeswara, Janis K.P., Institute of Environment, Florida International University, Miami, United States, Marine Megafauna Foundation, West Palm Beach, United States; Venables, Stephanie K., Marine Megafauna Foundation, West Palm Beach, United States; Germanov, Elitza S., Marine Megafauna Foundation, West Palm Beach, United States; Kiszka, Jeremy J., Institute of Environment, Florida International University, Miami, United States","Assessing population responses to anthropogenic impacts is crucial for effective conservation management. However, estimating the abundance and demographic parameters of vulnerable marine megafauna presents significant logistical and financial challenges, particularly in developing nations with limited resources and infrastructure. This study provides the first comprehensive population abundance analysis for reef manta rays (Mobula alfredi) in Nusa Penida, Bali, Indonesia, a region adjacent to former targeted manta ray fishing grounds. Additionally, it is only the second such analysis for this species in Indonesia. We used POPAN Jolly–Seber and Robust Design capture-mark-recapture models from an 11-year photo-identification dataset (2012–2023) collected by researchers and citizen scientists. Annual abundance estimates ranged from 170 (95% CI = 154–198.6) in 2012 to 447 (95% CI = 393.6–517.6) in 2022, indicating an overall increase in abundance during the study period, with high rates of apparent survival (mean = 0.92, SE = 0.02, 95% CI = 0.88–0.94). The proportion of individual manta rays sighted more than once (79.5%) was higher than in any other documented manta ray aggregation elsewhere in the Indo-Pacific region. Our results also suggest that citizen science contributions improved the accuracy of abundance estimates. Continued long-term monitoring of individual manta rays at this aggregation, both through dedicated research and the involvement of citizen scientists, is required to monitor population status and detect changes in relation to anthropogenic impacts, particularly fisheries bycatch, climate change, and tourism. © 2025 Elsevier B.V., All rights reserved.",Capture-mark-recapture; Citizen Science; Conservation; Elasmobranch; Megafauna; Photo-identification; Anthropogenic Effect; Bycatch; Conservation Management; Conservation Status; Fauna; Mark-recapture Method; Reef; Relative Abundance; Bali; Indonesia; Lesser Sunda Islands; Nusa Penida; Sunda Isles,anthropogenic effect; bycatch; conservation management; conservation status; fauna; mark-recapture method; reef; relative abundance; Bali; Indonesia; Lesser Sunda Islands; Nusa Penida; Sunda Isles,"We gratefully acknowledge the support of the Marine Megafauna Foundation Canada for funding this project. Additional support was provided by the Fulbright Foundation and Florida International University for JA\u2019s Master\u2019s degree programme under which this project was conducted. All other authors declare that no specific funds, grants, or other support was received during the preparation of this manuscript.",,Springer Science and Business Media B.V.,15735133; 03781909,,EBFID,,English,Article,Final,,Scopus,2-s2.0-85219064859
"A., Yuniar, Alfira; M., Zainuddin, Mukti; Safruddin; M.A., Ahmad-Mustapha, Muzzneena Ahmad; R., Hidayat, Rachmat; S.K., Srioktoviana, Siti Khadijah; D., Mirham, Dirgahayu","Yuniar, Alfira (57226725862); Zainuddin, Mukti (6506490325); Safruddin (60006405600); Ahmad-Mustapha, Muzzneena Ahmad (23100915000); Hidayat, Rachmat (57200559829); Srioktoviana, Siti Khadijah (59311317100); Mirham, Dirgahayu (59981513300)",57226725862; 6506490325; 60006405600; 23100915000; 57200559829; 59311317100; 59981513300,"Estimation Potential Fishing Zones of Decapterus ruselli Using Oceanography-Based Remote Sensing Data in the Bone Gulf, Indonesia",2025,Egyptian Journal of Aquatic Biology and Fisheries,29,3,,2971,2982,0,0,10.21608/ejabf.2025.434405,https://www.scopus.com/inward/record.uri?eid=2-s2.0-105009977479&doi=10.21608%2Fejabf.2025.434405&partnerID=40&md5=c792d37ca02c211eaf78440d46a4485e,"Hasanuddin University, Makassar, Indonesia; Universiti Kebangsaan Malaysia, Bangi, Malaysia","Yuniar, Alfira, Faculty of Marine Science and Fisheries, Hasanuddin University, Makassar, Indonesia; Zainuddin, Mukti, Faculty of Marine Science and Fisheries, Hasanuddin University, Makassar, Indonesia; Safruddin, null, Faculty of Marine Science and Fisheries, Hasanuddin University, Makassar, Indonesia; Ahmad-Mustapha, Muzzneena Ahmad, Faculty of Science and Technology, Universiti Kebangsaan Malaysia, Bangi, Malaysia; Hidayat, Rachmat, Faculty of Marine Science and Fisheries, Hasanuddin University, Makassar, Indonesia; Srioktoviana, Siti Khadijah, Faculty of Marine Science and Fisheries, Hasanuddin University, Makassar, Indonesia; Mirham, Dirgahayu, Faculty of Marine Science and Fisheries, Hasanuddin University, Makassar, Indonesia","This study aimed to identify and map potential fishing zones of Decapterus ruselli (Scad fish) in the waters of Bone Gulf by utilizing remote sensing technology based on oceanographic parameters. Sea surface temperature (SST) and chlorophyll-a concentration (Chl-a) data obtained from MODIS-AQUA satellite imagery were used to determine the optimal habitat range, which is between 28.3–30.7°C for SST and 0.05–0.21mg m-³ for chlorophyll-a. Spatial analysis was conducted over six months (May – October 2024) and showed fluctuations in the area of potential zones influenced by seasonal dynamics. The widest zone was recorded in October (24.478.51km²), while the narrowest occurred in August (6.819.07km²). Model verification using actual capture data in September and October showed high spatial suitability, confirming the reliability of the satellitebased predictive approach. These findings prove that remote sensing is an effective method in mapping the spatial distribution of Decapterus ruselli and has the potential to support efficient and sustainable fisheries planning. The resulting potential zone maps can be used as a strategic reference for small-scale fisheries fleets and hence support ecosystem-based fisheries management in the waters of Bone Gulf, Indonesia. © 2025 Elsevier B.V., All rights reserved.",Decapterus Ruselli; Fishing Zone; Gis; Oceanographic Parameters; Potential Zone; Remote Sensing,,"This study was funded by the Ministry of Higher Education, Science, and Technology of the Republic of Indonesia through the PMDSU scholarship program (Research Grant No. 069/C3/DT.05.00.PL/2025). The authors extend their heartfelt appreciation for the financial support and assistance that enabled the successful completion of this research.",,Egyptian Society for the Development of Fisheries and Human Health,25369814; 11106131,,,,English,Article,Final,All Open Access; Gold Open Access,Scopus,2-s2.0-105009977479
"E., Nurdin, Erfind; M., Taufik, Muhammad; P., Lestari, Pratiwi; A., Ma'mun, Asep; D.D., Kembaren, D. D.; T., Tirtadanu, Tirtadanu; T., Noegroho, Tegoeh; P., Prihatiningsih, P.; A.S., Panggabean, Anthony Sisco","Nurdin, Erfind (57190255796); Taufik, Muhammad (57214979940); Lestari, Pratiwi (57862737300); Ma'mun, Asep (57203353705); Kembaren, D. D. (57202835662); Tirtadanu, Tirtadanu (57204244562); Noegroho, Tegoeh (57203267004); Prihatiningsih, P. (57216919929); Panggabean, Anthony Sisco (56150679500)",57190255796; 57214979940; 57862737300; 57203353705; 57202835662; 57204244562; 57203267004; 57216919929; 56150679500,"Stock Status of Skipjack Tuna (Katsuwonus pelamis Linnaeus, 1758) using Length-Based Assessment in Cenderawasih Bay, Indonesia; Status Stok Tuna Skipjack (Katsuwonus pelamis Linnaeus, 1758) menggunakan Penilaian Berasaskan Panjang di Teluk Cenderawasih, Indonesia",2025,Sains Malaysiana,54,5,,1209,1220,0,0,10.17576/jsm-2025-5405-01,https://www.scopus.com/inward/record.uri?eid=2-s2.0-105006754122&doi=10.17576%2Fjsm-2025-5405-01&partnerID=40&md5=0e1cddd45484a8e1d01af6d99e2c7704,"Badan Riset dan Inovasi Nasional, Central Jakarta, Indonesia; Universitas Maritim Raja Ali Haji, Tanjung Pinang, Indonesia","Nurdin, Erfind, Research Center for Fishery, Badan Riset dan Inovasi Nasional, Central Jakarta, Indonesia; Taufik, Muhammad, Research Center for Fishery, Badan Riset dan Inovasi Nasional, Central Jakarta, Indonesia; Lestari, Pratiwi, Research Center for Fishery, Badan Riset dan Inovasi Nasional, Central Jakarta, Indonesia; Ma'mun, Asep, Universitas Maritim Raja Ali Haji, Tanjung Pinang, Indonesia; Kembaren, D. D., Research Center for Fishery, Badan Riset dan Inovasi Nasional, Central Jakarta, Indonesia; Tirtadanu, Tirtadanu, Research Center for Fishery, Badan Riset dan Inovasi Nasional, Central Jakarta, Indonesia; Noegroho, Tegoeh, Research Center for Fishery, Badan Riset dan Inovasi Nasional, Central Jakarta, Indonesia; Prihatiningsih, P., Research Center for Fishery, Badan Riset dan Inovasi Nasional, Central Jakarta, Indonesia; Panggabean, Anthony Sisco, Research Center for Fishery, Badan Riset dan Inovasi Nasional, Central Jakarta, Indonesia","The West Pacific and the waters of Cenderawasih Bay are potential fishing grounds and part of the fishery management area (FMA) 717 of the Republic of Indonesia. Increased production demand may result in overfishing, which has led to the depletion of fish stocks. To ensure the long-term viability of these fisheries, effective management practices are essential. This study aims to examine size distribution, growth, and population parameters that can be used as fish resource management inputs for skipjack fisheries in Cenderawasih Bay. Length-based approach was used to estimate biological parameters and the dynamics of populations as well as the stock status within data-limited fisheries. Length frequency data was used to assess the Katsuwonus pelamis fisheries condition. From January to November 2021, in all of 2,211 fish were taken samples from numerous commercial small-scale vessel units that were operating around anchor fish aggregating devices (FADs). The results showed that the exploitation rate (E) was 0.69 year1, L<inf>8</inf> = 96.8 cm fork length (cmFL), k= 0.38 year-1, and t<inf>0</inf> = -0.31 year. Natural mortality (M) was 0.66 year-1, fishing mortality (F) was 1.46 year-1, and total mortality (Z) was 2.12 year-1. Overfishing condition has occurred according to the current fishing mortality rate (F<inf>cur</inf>=1.46 year-1), which has exceeded the reference point of maximum fishing mortality (F<inf>max</inf> =0.76 year-1) and F<inf>40%</inf> (0.9 year-1). The growth overfishing condition was indicated based on the current selectivity of handline (Lc<inf>cur</inf>=42 cm), which is smaller than the optimal selectivity of L<inf>max</inf> (55 cm). Some management tools, such as the regulation on minimum size of hooks and the total allowable catch (TAC) system, can be utilized to consider skipjack tuna fisheries sustainability in Cendrawasih Bay. © 2025 Elsevier B.V., All rights reserved.",Exploitation Rate; Fisheries; Growth; Handline; Exploitation; Fishery Management; Management Practice; Mortality; Overfishing; Perciform; Sustainability; Cenderawasih Bay; Indonesia; New Guinea,exploitation; fishery management; management practice; mortality; overfishing; perciform; sustainability; Cenderawasih Bay; Indonesia; New Guinea,"The Research Institute for Marine Fisheries, Ministry of Marine Affairs and Fisheries Indonesia provided funding for these studies through the research project \u2018Fisheries Biological Characteristics, Resources Habitats, and Potential Productions of the Fish Resources in FMA 717\u2019 in the fiscal years 2021. We thank Mr. Henrikus Passiamanto and Mrs Muaya for their assistance in the data collection.",,Penerbit Universiti Kebangsaan Malaysia,01266039,,,,English,Article,Final,All Open Access; Gold Open Access,Scopus,2-s2.0-105006754122
"G.B., Pratama, Gilar Budi; P.I., Wahyuningrum, Prihatin Ika; M., Mustaruddin, Mustaruddin; Y., Herdiyeni, Yeni; R.I., Wahju, Ronny Irawan; T.W., Nurani, Tri Wiji","Pratama, Gilar Budi (57673765200); Wahyuningrum, Prihatin Ika (57024059200); Mustaruddin, Mustaruddin (59917358500); Herdiyeni, Yeni (35728645600); Wahju, Ronny Irawan (7801620906); Nurani, Tri Wiji (57023976100)",57673765200; 57024059200; 59917358500; 35728645600; 7801620906; 57023976100,"Interpretative structural modeling for implementing the pelagic fish habitat suitability model in Palabuhanratu Bay and Its surroundings, West Java, Indonesia",2025,Fisheries and Aquatic Sciences,28,4,,215,224,0,0,10.47853/FAS.2025.e19,https://www.scopus.com/inward/record.uri?eid=2-s2.0-105006810189&doi=10.47853%2FFAS.2025.e19&partnerID=40&md5=ef406d01d5bc433580e953268e54e5b4,"Universitas Padjadjaran, Bandung, Indonesia; IPB University, Bogor, Indonesia; IPB University, Bogor, Indonesia","Pratama, Gilar Budi, Department of Fisheries, Universitas Padjadjaran, Bandung, Indonesia; Wahyuningrum, Prihatin Ika, Department of Fisheries Resources Utilization, IPB University, Bogor, Indonesia; Mustaruddin, Mustaruddin, Department of Fisheries Resources Utilization, IPB University, Bogor, Indonesia; Herdiyeni, Yeni, Mathematics and Informatics, IPB University, Bogor, Indonesia; Wahju, Ronny Irawan, Department of Fisheries Resources Utilization, IPB University, Bogor, Indonesia; Nurani, Tri Wiji, Department of Fisheries Resources Utilization, IPB University, Bogor, Indonesia","A habitat suitability model for pelagic fish in Palabuhanratu Bay and its surroundings was developed to enhance the efficiency and effectiveness of fishing activities. Interpretative structural modelling was used to implement the model with input from six expert respondents. The study identified the key elements for the successful implementation of the model, particularly within the activity sub-elements. These including conducting training on information systems and improving fishers’ ability to interpret fishing ground maps. The key elements in the constraint sub-elements were the limited ability of fishers to interpret fishing ground maps, the lack of oceanographic information provided by fishing ports, and the high dependence of fishers on the presence of fish-aggregating devices in pelagic fishing. The key elements in the activity sub-elements that should be carried out are in-depth involvement and coordination among The Marine Fisheries Agency of the Sukabumi Regency, Palabuhanratu fishing port, and local fisher groups. © 2025 Elsevier B.V., All rights reserved.",Habitat Suitability; Interpretative Structural Modeling; Key Elements; Model Implementation,,"This research was funded by the Ministry of Research, Technology, and Higher Education for funding the research through the Higher Education Excellence Basic Research Scheme in 2021 with contract number 1/E1/KP.PTNBH/2021.",,Korean Society of Fisheries and Aquatic Sciences,22341757; 22341749,,,,English,Article,Final,All Open Access; Gold Open Access,Scopus,2-s2.0-105006810189
"L.I., Harlyan, Ledhyane Ika; M.A., Rahman, Muhammad Arif; S.Z., Fanani, Sukandar Zainal","Harlyan, Ledhyane Ika (57200960453); Rahman, Muhammad Arif (57212931919); Fanani, Sukandar Zainal (59546524400)",57200960453; 57212931919; 59546524400,"Species Diversity of Trammel Net Fisheries of Kotabaru Waters, South Kalimantan, Indonesia",2025,Egyptian Journal of Aquatic Biology and Fisheries,29,1,,841,855,0,1,10.21608/ejabf.2025.407262,https://www.scopus.com/inward/record.uri?eid=2-s2.0-85217160458&doi=10.21608%2Fejabf.2025.407262&partnerID=40&md5=986becdac95199f620d774b255bc5720,"Brawijaya University, Malang, Indonesia","Harlyan, Ledhyane Ika, Department of Fisheries Resources Utilization, Brawijaya University, Malang, Indonesia; Rahman, Muhammad Arif, Department of Fisheries Resources Utilization, Brawijaya University, Malang, Indonesia; Fanani, Sukandar Zainal, Department of Fisheries Resources Utilization, Brawijaya University, Malang, Indonesia","The trammel net shrimp fishery, located in Kotabaru, South Kalimantan, Indonesia, is a small-scale fishery that serves as a primary supplier to the food industry for international markets. PT Sekar Laut, Tbk, one of the companies relying on this fishery for raw materials, particularly yellow shrimp (Metapenaeus brevicornis) and banana shrimp (Penaeus merguensis), requires Marine Stewardship Council (MSC) certification to access global markets. A pre-assessment for MSC certification of this fishery revealed that limited spatial data, especially species-specific geographic information, hindered the ability to provide the necessary species distribution data for the fishery improvement project (FIP) in Kotabaru. This study aimed to explore spatial diversity in species composition and fishing coordinates collected from trammel net fisheries operating in the Kotabaru Waters from January to August 2024. The data will be used for fisheries management to support the yellow shrimp and banana shrimp FIP in Kotabaru. Using Shannon-Wiener’s index (H’) and Margalef’s richness index (S), the spatial diversity across various fishing grounds was assessed, documenting significant variability in species composition and distribution. The results showed diversity indices ranging from 0 to 1.8 and richness indices from 1 to 15, indicating complex spatial patterns that suggest areas of both high conservation value and fishing pressure. The study also employed cluster analysis to identify patterns in fishing ground usage, which can inform more localized management strategies. These findings highlight the need for adaptive management approaches that consider spatial and temporal biodiversity fluctuations to enhance sustainability and support MSC certification. © 2025 Elsevier B.V., All rights reserved.",Cluster Analysis; Fisheries Management; Marine Stewardship Council; Shrimp; Spatial And Temporal Distribution; Species Composition,,,,Egyptian Society for the Development of Fisheries and Human Health,25369814; 11106131,,,,English,Article,Final,All Open Access; Gold Open Access,Scopus,2-s2.0-85217160458
"M., Syukri, Muhammad; M.R., Idrus, Muhammad Rijal; A.A.A., Husain, Aidah Ambo Ala; A.M., Moore, Abigail Mary; J., Tresnati, Joeharnani","Syukri, Muhammad (59535904800); Idrus, Muhammad Rijal (59478129600); Husain, Aidah Ambo Ala (55978070500); Moore, Abigail Mary (22986023100); Tresnati, Joeharnani (56263719200)",59535904800; 59478129600; 55978070500; 22986023100; 56263719200,Analysis of Maximum Sustainable Yield of the Small-Scale Grouper (Serranidae) in Banggai Laut Waters to Promote Indonesian Marine Conservation,2025,Egyptian Journal of Aquatic Biology and Fisheries,29,1,,695,706,0,1,10.21608/ejabf.2025.406257,https://www.scopus.com/inward/record.uri?eid=2-s2.0-85216511980&doi=10.21608%2Fejabf.2025.406257&partnerID=40&md5=75747cacacf0fc8236554ca500704e9d,"Hasanuddin University, Makassar, Indonesia; Hasanuddin University, Makassar, Indonesia; Hasanuddin University, Makassar, Indonesia","Syukri, Muhammad, Department of Environmental Management, Hasanuddin University, Makassar, Indonesia, Climate Change Research Center, Hasanuddin University, Makassar, Indonesia; Idrus, Muhammad Rijal, Climate Change Research Center, Hasanuddin University, Makassar, Indonesia; Husain, Aidah Ambo Ala, Faculty of Marine Science and Fisheries, Hasanuddin University, Makassar, Indonesia; Moore, Abigail Mary, Faculty of Marine Science and Fisheries, Hasanuddin University, Makassar, Indonesia; Tresnati, Joeharnani, Faculty of Marine Science and Fisheries, Hasanuddin University, Makassar, Indonesia","In Indonesia, grouper fisheries play an important role both economically and ecologically. However, stock sustainability is threatened by uncontrolled fishing, especially by small-scale fishermen. The waters of Banggai Laut have high grouper fisheries potential, but the lack of data and studies on the status of grouper catches raises concerns. This study aimed to estimate the catch per unit effort (CPUE) and maximum sustainable yield (MSY) of groupers in Banggai Laut waters. The research method used field surveys and observations. Primary data were collected through direct observation and interviews using purposive sampling. Secondary data were obtained from related agency records and a literature review. The mean CPUE for groupers in Banggai Laut was 0.5395 tons/unit/year, with a mean annual production of 1964.8 tons, and fishing effort of 3592 units/year. The CPUE trend for 6 years (2018–2023) revealed a strong correlation (76.2%) between fishing effort and catch volume. Other influencing factors included seasonal differences and fishing grounds used by each vessel. Based on the Schaefer model, the estimated optimum fishing effort (F) was 1478 units/year with a maximum sustainable catch (CMSY) of 1855.1 tons/year. These results, based on catch values for 6 years, indicate that the number of fishing vessels exceeded the optimum limit F in 2020-2023, resulting in overfishing. Several factors influenced overfishing in grouper fisheries, including the increase in the number of fishing vessels each year, technical aspects of the fishing gear used, including fishing gear that is not environmentally friendly, thereby affecting the productivity. © 2025 Elsevier B.V., All rights reserved.",Banggai Laut; Cpue; Grouper; Msy; Small-scale Fisheries,,,,Egyptian Society for the Development of Fisheries and Human Health,25369814; 11106131,,,,English,Article,Final,All Open Access; Gold Open Access,Scopus,2-s2.0-85216511980
"I., Indrayani, Indrayani; S.A., Lawelle, Sjamsu Alam; A., Pariakan, Arman; A., Mustafa, Ahmad","Indrayani, Indrayani (58996609900); Lawelle, Sjamsu Alam (57209328321); Pariakan, Arman (57215563260); Mustafa, Ahmad (57188733643)",58996609900; 57209328321; 57215563260; 57188733643,Fishing Zone for Mackerel Tuna In Fisheries Management Area 714 (FMA 714) Using PHI Model Approach,2025,Egyptian Journal of Aquatic Biology and Fisheries,29,1,,321,332,0,0,10.21608/ejabf.2025.404339,https://www.scopus.com/inward/record.uri?eid=2-s2.0-85216335320&doi=10.21608%2Fejabf.2025.404339&partnerID=40&md5=a64b8ae47b98baa9668713e341d7eac7,"Universitas Halu Oleo, Kendari, Indonesia; Universitas Halu Oleo, Kendari, Indonesia; Sembilanbelas November University, Kolaka, Indonesia","Indrayani, Indrayani, Department of Fisheries Capture, Universitas Halu Oleo, Kendari, Indonesia; Lawelle, Sjamsu Alam, Department of Agribusiness, Universitas Halu Oleo, Kendari, Indonesia; Pariakan, Arman, Fisheries and Animal Husbandry, Sembilanbelas November University, Kolaka, Indonesia; Mustafa, Ahmad, Department of Fisheries Capture, Universitas Halu Oleo, Kendari, Indonesia","A potential site for mackerel tuna fishing in Indonesian waters is the Banda Sea FMA 714. The primary factor that constrains the distribution and abundance of fish is oceanographic factors. This research aimed to ascertain the relationship between fish dispersion and sea surface temperature in relation to chlorophyll-a, and delineate suitable mackerel tuna fishing spots in the Banda Sea. The analytical results endorsed the utilization of the pelagic habitat index (PHI) study. The results demonstrated a notable association between the distribution of mackerel tuna and the ideal sea surface temperature range of 29.15 to 31.85°C, together with chlorophyll-a concentrations of 0.05 to 0.40mg/ m³.The designated fishing zones are firmly defined, with March and October identified as the peak months. Hotspots, defined by oceanographic preferences, correlate with the spatial distribution of possible mackerel tuna fishing sites, hence enhancing the probability of feeding. This research indicated that fishing strategies, management, and conservation in the Banda Sea FMA 714 can be improved through the spatial regulation of high-potential fishing areas. © 2025 Elsevier B.V., All rights reserved.",Banda Sea; Gis; Mackerel Tuna; Pelagic Hotspot Index,,"We gratefully acknowledge Pelabuhan Perikanan Samudera Kendari. Additionally, we thank the Ocean Color Portal (http://oceancolor.gsfc.nasa.gov) for providing the TERRA-MODIS SST and Chla datasets used in this study. This work was partially supported by the 2024 Ministry of Education, Culture, Research, and Technology (Research Grants in 2024) under the DRTPM basic research scheme (fundamental basic research and domestic collaborative basic research).",,Egyptian Society for the Development of Fisheries and Human Health,25369814; 11106131,,,,English,Article,Final,All Open Access; Gold Open Access,Scopus,2-s2.0-85216335320
"R., Darmawan, Regi; B., Wiryawan, Budy; A., Purbayanto, Ari; I., Yulianto, Irfan; S., Kleinertz, Sonja","Darmawan, Regi (59988318600); Wiryawan, Budy (55845748300); Purbayanto, Ari (7801332073); Yulianto, Irfan (55557876500); Kleinertz, Sonja (21734890000)",59988318600; 55845748300; 7801332073; 55557876500; 21734890000,"Stock Performance of Leopard Coral Grouper (Plectropomus leopardus) and Orange-Spotted Grouper (Epinephelus coioides) in Saleh Bay, West Nusa Tenggara, Indonesia",2025,Asian Fisheries Science,38,2,,113,121,0,0,10.33997/j.afs.2025.38.2.005,https://www.scopus.com/inward/record.uri?eid=2-s2.0-105010447646&doi=10.33997%2Fj.afs.2025.38.2.005&partnerID=40&md5=43c65c388480cfc468fa947689f7fbd0,"IPB University, Bogor, Indonesia; Rekam Nusantara Foundation, Bogor, Indonesia; Universität Bremen, Bremen, Germany","Darmawan, Regi, Department of Fisheries Resources Utilization, IPB University, Bogor, Indonesia; Wiryawan, Budy, Department of Fisheries Resources Utilization, IPB University, Bogor, Indonesia, Fisheries Resource Center of Indonesia, Rekam Nusantara Foundation, Bogor, Indonesia; Purbayanto, Ari, Department of Fisheries Resources Utilization, IPB University, Bogor, Indonesia; Yulianto, Irfan, Department of Fisheries Resources Utilization, IPB University, Bogor, Indonesia, Fisheries Resource Center of Indonesia, Rekam Nusantara Foundation, Bogor, Indonesia; Kleinertz, Sonja, Marine Ecology Department, Universität Bremen, Bremen, Germany","The Saleh Bay grouper fishery is under high fishing pressure, and some species are overexploited such as the leopard coral grouper (Plectropomus leopardus) and the orange-spotted grouper (Epinephelus coioides). These species are targeted because of their high value. This study aimed to determine the stock performance of these two grouper species in Saleh Bay and identify the factors that influence their stock performance using generalised linear models (GLMs). The results showed that both the leopard coral grouper and the orange-spotted grouper have a long lifespan with 11.02 years and 8.47 years, respectively. In addition, both species show relatively slow growth with k values of 0.26 and 0.34, asymptotic lengths of 74.00 cm and 107.80 cm, and lengths at first maturity (L<inf>m</inf>) of 39.83 cm and 55.83 cm. It is important to note that for both species, at least 50 % of the catches are smaller than the size at first maturity (L<inf>m</inf>). The ratios of fishing mortality to natural mortality (F/M) were 0.53 and 1.11, and exploitation rates (E) were 0.35 and 0.525. Both species' catch per unit effort (CPUE) fluctuated from 2016 to 2020. The standardised CPUE models showed that types of fishing gear (speargun and hand line), the engine power of fishing vessels, and fishing ground in the utilisation zone are factors that influence these resources. Therefore, for future management, monitoring, and enforcement of size limits, environmentally friendly fishing gear, and improving marine protected areas with 'no take' zones in Saleh Bay are recommended. © 2025 Elsevier B.V., All rights reserved.",Biological Parameter; Catch Per Unit Effort; Exploitation Rate; Fisheries Management; Generalised Linear Models; Catch Per Unit Effort; Exploitation; Fishery Management; Fishing Gear; Growth Response; Marine Environment; Performance Assessment; Protected Area; Stock Assessment; Indonesia; West Nusa Tenggara,catch per unit effort; exploitation; fishery management; fishing gear; growth response; marine environment; performance assessment; protected area; stock assessment; Indonesia; West Nusa Tenggara,"We would like to thank the Ministry of Education, Culture, Research, and Technology for providing research funding in the scholarship program \""Program Magister menuju Doktor untuk Sarjana Unggul\"". Grant No.: 001/E5/PG.02.00PT/2022 and 3675/IT3.L1/PT.01.03/P/B/2022. We express our gratitude to the local governments in West Nusa Tenggara province, Scientific Forum for Sustainable Fisheries Management of West Nusa Tenggara Province (FIP2B-NTB), Wildlife Conservation Society (Field staff WCS-West Nusa Tenggara: Abdul Muis), Rekam Nusantara Foundation, and local fishers for their information.","Gopal, N.; Williams, M.J.; Porter, M.; Kusakabe, K.; Choo, P.S.",Asian Fisheries Society,01166514; 20733720,,,,English,Article,Final,All Open Access; Gold Open Access,Scopus,2-s2.0-105010447646
"J.W., Arta, Jordy Wira; E., Miranda, Eka","Arta, Jordy Wira (59730628100); Miranda, Eka (56241215100)",59730628100; 56241215100,Mapping Seasonal Potential Fishing Zone of Skipjack Tuna in Biak Numfor using Remote Sensing Data,2025,"2025 International Conference on Advancement in Data Science, E-learning and Information System (ICADEIS)",,,,,,0,0,10.1109/ICADEIS65852.2025.10933381,https://www.scopus.com/inward/record.uri?eid=2-s2.0-105002273025&doi=10.1109%2FICADEIS65852.2025.10933381&partnerID=40&md5=2ffc9f7070daa002c41e579609b919fc,"Bina Nusantara University, Jakarta, Indonesia; Bina Nusantara University, Jakarta, Indonesia","Arta, Jordy Wira, Department of Management Information Systems, Bina Nusantara University, Jakarta, Indonesia; Miranda, Eka, Department of Information Systems, Bina Nusantara University, Jakarta, Indonesia","Overfishing has been a problem in worldwide aquaculture. Indonesia is one of the countries that has this problem. We found Biak Numfor has lots of fishing potential and not overfished yet. Therefore, this study used remote sensing data to map the skipjack tuna's Potential Fishing Zone (PFZ) surrounding Biak Numfor and determine the best fishing months. To determine regions ideal for skipjack tuna, the study looked at sea surface temperature (SST) and chlorophyll-a concentration using Python libraries and Geographical Information System (GIS) techniques using publicly available Ocean Color data within the Google Colab environment. The findings show that March, June, July, August, and September of 2023 saw the highest PFZ occurrences, while October had the lowest. By pinpointing peak fishing seasons and reducing the risk of overfishing, these findings give Indonesian authorities important information to maximize fishing operations in Biak Numfor and ultimately support the region's status as a national fish barn. © 2025 Elsevier B.V., All rights reserved.",Geographical Information Systems; Overfishing; Potential Fishing Zone; Remote Sensing; Skipjack Tuna; Fishing (oil Wells); Mapping; Submarine Geophysics; Geographical Information; Geographical Information System; Indonesia; Overfishing; Potential Fishing Zone; Remote Sensing Data; Remote-sensing; Sea Surfaces; Skipjack Tuna; Surface Chlorophyll; Fisheries,Fishing (oil wells); Mapping; Submarine geophysics; Geographical information; Geographical information system; Indonesia; Overfishing; Potential fishing zone; Remote sensing data; Remote-sensing; Sea surfaces; Skipjack tuna; Surface chlorophyll; Fisheries,This research was made possible by the support and guidance of the Bina Nusantara University through the Research and Technology Transfer Office (RTTO). The authors would like to express their sincere gratitude to BGP for their valuable contributions and support throughout the research process. Their insights and guidance were invaluable in shaping the research direction and ensuring the successful completion of this project.,,Institute of Electrical and Electronics Engineers Inc.,,9.79833E+12,,,English,Conference paper,Final,,Scopus,2-s2.0-105002273025
"E., Nugraha, Erick; D.W.A., Santoso, Dinar Wahyu Aji; M., Hermawan, Maman; E.S., Husen, Eddy Sugriwa; J., Hutajulu, Jerry; D., Kemhay, Djalaludin; M.Y., Annur, Muhammad Yusuf; u., Sepri, undefined; E.T., Putri, Elsari Tanjung; Y., Purwanto, Yuli","Nugraha, Erick (57200116744); Santoso, Dinar Wahyu Aji (59385262100); Hermawan, Maman (57873285000); Husen, Eddy Sugriwa (57221394652); Hutajulu, Jerry (57200119583); Kemhay, Djalaludin (59384193300); Annur, Muhammad Yusuf (58081918900); Sepri, undefined (57221389124); Putri, Elsari Tanjung (59384343500); Purwanto, Yuli (57205394626)",57200116744; 59385262100; 57873285000; 57221394652; 57200119583; 59384193300; 58081918900; 57221389124; 59384343500; 57205394626,"Mapping bullet tuna (Auxis rochei) potential fishing grounds in Prigi waters, East Java, Indonesia, using satellite imagery and in-situ oceanographic parameters",2024,AACL Bioflux,17,5,,2043,2058,0,0,,https://www.scopus.com/inward/record.uri?eid=2-s2.0-85207450317&partnerID=40&md5=81cadf41a28b853f3ef0dfa71a748c67,"Jakarta Technical University of Fisheries, South Jakarta, Indonesia; Jakarta Technical University of Fisheries, South Jakarta, Indonesia; Marine and Fisheries Polytechnic of Sorong, Sorong, Indonesia; Bitung Marine and Fisheries Polytechnic, Bitung, Indonesia","Nugraha, Erick, Faculty of Fishing Technology, Jakarta Technical University of Fisheries, South Jakarta, Indonesia; Santoso, Dinar Wahyu Aji, Faculty of Fishing Technology, Jakarta Technical University of Fisheries, South Jakarta, Indonesia; Hermawan, Maman, Faculty of Fishing Technology, Jakarta Technical University of Fisheries, South Jakarta, Indonesia; Husen, Eddy Sugriwa, Faculty of Fishing Technology, Jakarta Technical University of Fisheries, South Jakarta, Indonesia; Hutajulu, Jerry, Faculty of Fishing Technology, Jakarta Technical University of Fisheries, South Jakarta, Indonesia; Kemhay, Djalaludin, Faculty of Fishing Technology, Jakarta Technical University of Fisheries, South Jakarta, Indonesia; Annur, Muhammad Yusuf, Faculty of Fishing Technology, Jakarta Technical University of Fisheries, South Jakarta, Indonesia; Sepri, undefined, Faculty of Captured Fishing, Marine and Fisheries Polytechnic of Sorong, Sorong, Indonesia; Putri, Elsari Tanjung, Faculty of Captured Fishing, Bitung Marine and Fisheries Polytechnic, Bitung, Indonesia; Purwanto, Yuli, Faculty of Captured Fishing, Bitung Marine and Fisheries Polytechnic, Bitung, Indonesia","Prigi waters in East Java, Indonesia have dominant fishing potential, especially bullet tuna (Auxis rochei). The capture of A. rochei in Prigi generally uses small pelagic purse seine. Overfishing efforts cause A. rochei production to fluctuate every year. In addition, this decline in production can be influenced by oceanographic parameters. The purpose of this study was to understand the conditions of oceanographic parameters (SST, chlorophyll-a, salinity) and their relationship to A. rochei for determining potential fishing zones. The research was carried out from February to April 2024. The research method was carried out by directly measuring oceanographic parameters and using satellite image data. Data analysis uses satellite image data verification tests and in-situ data. The data captured are real-time. A multiple linear regression analysis for determining the optimal parameter combination is carried out to obtain the fishing potential zone. A 1 ppt change in salinity resulted in an increase of 5,276.53 kg in the catch of A. rochei. Meanwhile, simultaneous testing obtained a significance result of 0.008 which means that the variables SST, chlorophyll-a, and salinity together influence the catch of A. rochei. Testing partially SST, and salinity affects (p<0.05) A. rochei, but chlorophyll-a alone does not affect A. rochei. The value of the determination coefficient was 0.796, which means that the influence of SST, chlorophyll-a, and salinity variables on the variable A. rochei was 79.6%, while 20.4% was influenced by other factors that were not included in the regression model. The mapping of the Fishing Potential Zone (ZPPI) can be used as a reference for determining the A. rochei fishing area as a prevention of a decline in A. rochei production in Prigi. ZPPI is an important process to improve the efficiency and sustainability of the fishing industry. © 2024 Elsevier B.V., All rights reserved.",Chlorophyll-a; Purse Seine; Salinity; Small Pelagic; Sst,,,,BIOFLUX SRL,18449166; 18448143,,,,English,Article,Final,,Scopus,2-s2.0-85207450317
"S.F., Tuhumury, Semuel F.; D.A., Selanno, Debby A.J.; J., Tuhumury, Julian","Tuhumury, Semuel F. (57201583808); Selanno, Debby A.J. (57201580951); Tuhumury, Julian (59176271300)",57201583808; 57201580951; 59176271300,"Population dynamics of Blood Cockles (Anadara granosa) in the coastal waters of Letman Village, Kei Kecil District, Southeast Maluku Regency",2024,Marine Ecology,45,5,e12818,,,0,1,10.1111/maec.12818,https://www.scopus.com/inward/record.uri?eid=2-s2.0-85196138300&doi=10.1111%2Fmaec.12818&partnerID=40&md5=24165e9862200742a41ed615b5774599,"University of Pattimura, Ambon, Indonesia","Tuhumury, Semuel F., Faculty of Fisheries and Marine Science, University of Pattimura, Ambon, Indonesia; Selanno, Debby A.J., Faculty of Fisheries and Marine Science, University of Pattimura, Ambon, Indonesia; Tuhumury, Julian, Faculty of Fisheries and Marine Science, University of Pattimura, Ambon, Indonesia","The waters of Letman Village, Southeast Maluku Regency are clam fishing grounds which is a source of income for fishermen. One of the shellfish caught is the Blood Cockle (Anadara granosa). The purpose of this study was to analyse and examine the stock of A. granosa clams in Letman village, Kei Kecil District, Southeast Maluku Regency (length and weight frequency) and to determine the mortality rate and exploitation rate of Blood Cockles. This study was conducted between January and June 2022 with a sampling time of once a month for six consecutive months. Random sampling method was used through a free collection at low tide. The total sample collected during the study was 741 individuals. The research data were analysed using FiSAT II program version 3. The smallest size of the sample obtained during the study was 30 mm and the largest was 69 mm. The infinity length (L8) is 78.50 mm, the growth coefficient (K) is 0.8/year, and the theoretical lifespan of Blood Cockles at a length equal to zero is -0.514/year. Analysis of the total mortality rate (Z) of Blood Cockles (A. granosa) was calculated at 3.90/year with a natural mortality rate (M) of 1.22/year and catchment mortality (F) of 2.68/year, while exploitation rate (E) was at 0.69/year. The addition of new individuals (recruitment) took place every month with varying numbers and the highest recruitment occurred in July and October while the level of exploitation of Blood Cockle in the waters of Letman Village was considered high (overfishing). © 2024 Elsevier B.V., All rights reserved.",Blood Cockles; Coastal Waters; Letman Village; Population Dynamics; Bivalve; Coastal Water; Exploitation; Mortality; Population Dynamics; Stock Assessment; Indonesia; Maluku [indonesia],bivalve; coastal water; exploitation; mortality; population dynamics; stock assessment; Indonesia; Maluku [Indonesia],,,John Wiley and Sons Inc,01739565; 14390485,,,,English,Article,Final,,Scopus,2-s2.0-85196138300
"N.D., Takarina, N. D.; M.C., Ong, Meng Chuan; A., Adiwibowo, Andrio; F.N.A., Jeffery, F. N.A.; N.Z.A.B.N.M., Zamri, Nurnadiah Z.A.B.N.M.; M.A., Adidharma, Mohammad Afdhal","Takarina, N. D. (6505460222); Ong, Meng Chuan (57220668305); Adiwibowo, Andrio (57226558692); Jeffery, F. N.A. (59252197000); Zamri, Nurnadiah Z.A.B.N.M. (36198993300); Adidharma, Mohammad Afdhal (58576981700)",6505460222; 57220668305; 57226558692; 59252197000; 36198993300; 58576981700,Microplastic contamination in different tissues of commercial fish in estuary area,2024,Global Journal of Environmental Science and Management,10,4,,1917,1932,0,4,10.22034/gjesm.2024.04.25,https://www.scopus.com/inward/record.uri?eid=2-s2.0-85200742648&doi=10.22034%2Fgjesm.2024.04.25&partnerID=40&md5=0309a1d475e8ab4ca74aff5ebabec1c2,"Universitas Indonesia, Depok, Indonesia; Universiti Malaysia Terengganu, Kuala Terengganu, Malaysia; Universitas Indonesia, Depok, Indonesia; Institut Teknologi Dan Bisnis Muhammadiyah Kolaka, Kolaka, Indonesia","Takarina, N. D., Gedung E, Universitas Indonesia, Depok, Indonesia; Ong, Meng Chuan, Faculty of Science and Marine Environment, Universiti Malaysia Terengganu, Kuala Terengganu, Malaysia; Adiwibowo, Andrio, Department of Occupational Health and Safety, Universitas Indonesia, Depok, Indonesia; Jeffery, F. N.A., Faculty of Science and Marine Environment, Universiti Malaysia Terengganu, Kuala Terengganu, Malaysia; Zamri, Nurnadiah Z.A.B.N.M., Faculty of Science and Marine Environment, Universiti Malaysia Terengganu, Kuala Terengganu, Malaysia; Adidharma, Mohammad Afdhal, Department of Marine Sciences, Institut Teknologi Dan Bisnis Muhammadiyah Kolaka, Kolaka, Indonesia","BACKGROUND AND OBJECTIVES: The coasts around West Java, Indonesia are prospective fishing grounds due to their commercial fish diversity. The presence of neighboring settlements discharging waste, including microplastics, poses a threat to the estuarine ecosystem. This study aimed to quantify and classify microplastics in the tissues of Mugil cephalus, Eleutheronema tetradactylum, and Scatophagus argus. METHODS: This study takes place in the estuary of the Blanakan River, Subang Regency, an area renowned for its wide variety of commercially valuable fish. Four fish sampling sites were identified according to the predominant land use, with settlements in the upper reaches, ponds in the central area, and mangrove forests in the lower reaches. Fish samples were taken the gastrointestinal tract, gills and muscle to calculated the microplastic content and identify its shape and size. Raman spectroscopy was applied to verify the polymer of microplastic. Statistical analysis was conducted to evaluate variations in microplastic levels at the individual level across these fish species. FINDINGS: The findings indicated the presence of microplastics in the muscle, gastrointestinal tract, and gills of three commercially caught fish from Blanakan, with the muscle being identified as the edible part and the gastrointestinal tract and gills as the non-edible parts. The microplastics were classified according to shape and size and were found in the following order of abundance: Mugil cephalus, Scatophagus argus, Eleutheronema tetradactylum. Mugil cephalus contained the most microplastics (210.8 particles per individual), with the lowest amount recorded in Eleutheronema tetradactylum (41.9 particles per individual). The tissues of Eleutheronema tetradactylum exhibited varying levels of microplastic contamination, with the highest concentration found in the gastrointestinal tract, followed by the gills and muscles. In contrast, in the tissues of Mugil cephalus and Scatophagus argus, microplastics were found in the following order of abundance from high to low: muscle, gastrointestinal tract, gill. The muscle of Mugil cephalus contained the highest microplastic concentration (28.71 particles per gram wet weight), while the lowest was recorded in the muscle of Eleutheronema tetradactylum (3.42 particles per gram wet weight). Microplastics ranging from 300 to 1000 micrometers in size, in the form of fibers and fragments, were commonly found in fish tissues. CONCLUSION: Microplastic content is found most abundantly in the gastrointestinal tract and muscle. This indicates that feeding and ingestion play a role in the entry of microplastics into the fish’s body. Given that the fish falls under the category of commercial and consumption fish, there is a significant concern regarding environmental pollution caused by microplastics and the potential health hazards linked to its consumption. © 2025 Elsevier B.V., All rights reserved.",Gastrointestinal Tract (gt); Gill; Muscle; Size And Shape; Commercial Species; Estuarine Environment; Finfish; Muscle; Perciform; Plastic Waste; Quantitative Analysis; Indonesia; West Java,commercial species; estuarine environment; finfish; muscle; perciform; plastic waste; quantitative analysis; Indonesia; West Java,,,GJESM Publication,23833572; 23833866,,,,English,Article,Final,,Scopus,2-s2.0-85200742648
"Sukardi; M., Zainuddin, Mukti; M.A.I., Hajar, M. Abduh Ibnu; n., Safruddin; A., Nelwan, Alfa; A.A., Marimba, Andi Assir","Sukardi (59248997500); Zainuddin, Mukti (6506490325); Hajar, M. Abduh Ibnu (57211027496); Safruddin (57195941084); Nelwan, Alfa (57193759538); Marimba, Andi Assir (57212931654)",59248997500; 6506490325; 57211027496; 57195941084; 57193759538; 57212931654,Prediction Potential Fishing Zone of the Yellowfin Tuna (Thunnus albacares) in the Southern Flores Sea Using Satellite Remote Sensing Data,2024,Egyptian Journal of Aquatic Biology and Fisheries,28,4,,627,645,0,2,10.21608/ejabf.2024.369192,https://www.scopus.com/inward/record.uri?eid=2-s2.0-85200566556&doi=10.21608%2Fejabf.2024.369192&partnerID=40&md5=7ef2a6476d79c05febdbe4de6d43c74f,"Hasanuddin University, Makassar, Indonesia; Hasanuddin University, Makassar, Indonesia","Sukardi, null, Master Program of Fishery Science, Hasanuddin University, Makassar, Indonesia; Zainuddin, Mukti, Capture Fishery Study Program, Hasanuddin University, Makassar, Indonesia; Hajar, M. Abduh Ibnu, Capture Fishery Study Program, Hasanuddin University, Makassar, Indonesia; Safruddin, null, Capture Fishery Study Program, Hasanuddin University, Makassar, Indonesia; Nelwan, Alfa, Capture Fishery Study Program, Hasanuddin University, Makassar, Indonesia; Marimba, Andi Assir, Capture Fishery Study Program, Hasanuddin University, Makassar, Indonesia","Flores Sea has a very huge potential for large pelagic fish which is dominated by tuna. However, efforts to predict potential fishing areas are still very limited, especially by using Satellite Remote Sensing Data. The methods generally used are conventional methods which have limitations in terms of data accuracy, area coverage, and efficiency. This study aimed to map the oceanographic conditions of potential fishing zones through the interpretation of Aqua Moderate Resolution Imaging Spectroradiometer (MODIS) satellite imagery and to determine the oceanographic conditions favored by the yellowfin tuna (Thunnus albacares) in the Southern Flores sea. The data collection was conducted directly in the field using longline fishing gear, where the fishing position and catch per trip were categorized as primary data. To analyze the data, the Generalized Additive Model (GAM) using oceanographic parameters (chlorophyll-a, depth, temperature, and salinity) was used. Using the Generalized Additive Model (GAM) with a CED value of 60.40% and an AIC value of 770.8742, the results showed that the sea surface temperature (SST), chlorophyll-a concentration, salinity, and depth are variables that affect fish catch. Oceanographic parameters in the yellowfin tuna fishing potential zone include a temperature range from 28.5 to 29°C, chlorophyll-a concentration of 0.10-0.14mg/ m2, salinity of 33.7– 34ppt, and depth of 3500– 1500m, with the largest Zone of Potential Fishing (ZPPI) in September 2023 covering 31,808 km2, with the largest fish catch amounting to 1038kg. © 2024 Elsevier B.V., All rights reserved.",Fishing; Flores Sea; Oceanografphic Satellite Imagery; Yellowfin Tuna Thunnus Albacares,,,,Egyptian Society for the Development of Fisheries and Human Health,25369814; 11106131,,,,English,Article,Final,All Open Access; Gold Open Access,Scopus,2-s2.0-85200566556
"A., Zamroni, Achmad; M., Boer, Mennofatria; N.A., Butet, Nurlisa Alias; Z., Zairion, Zairion; n., Wudianto","Zamroni, Achmad (59668427800); Boer, Mennofatria (56646040700); Butet, Nurlisa Alias (56205379200); Zairion, Zairion (59318954000); Wudianto (57190748366)",59668427800; 56646040700; 56205379200; 59318954000; 57190748366,Kinship relationship of Uroteuthis chinensis in the waters of western Kalimantan and northern Java based on morphometric characters and genetic structure,2024,Regional Studies in Marine Science,72,,103442,,,0,1,10.1016/j.rsma.2024.103442,https://www.scopus.com/inward/record.uri?eid=2-s2.0-85186701292&doi=10.1016%2Fj.rsma.2024.103442&partnerID=40&md5=959015ae2b56d88eac2408f9f9b09eba,"Badan Riset dan Inovasi Nasional, Central Jakarta, Indonesia; IPB University, Bogor, Indonesia","Zamroni, Achmad, Badan Riset dan Inovasi Nasional, Central Jakarta, Indonesia, Department of Water Resources Management, IPB University, Bogor, Indonesia; Boer, Mennofatria, Department of Water Resources Management, IPB University, Bogor, Indonesia; Butet, Nurlisa Alias, Department of Water Resources Management, IPB University, Bogor, Indonesia; Zairion, Zairion, Department of Water Resources Management, IPB University, Bogor, Indonesia; Wudianto, null, Badan Riset dan Inovasi Nasional, Central Jakarta, Indonesia","Uroteuthis chinensis was a squid species with a wide distribution and rapid reproduction. It was commonly found in the waters of western Kalimantan and northern Java, which were the highest squid fishing grounds in Indonesia. Exploitation of U. chinensis in these waters was intensive and increasing, which might have affected the sustainability of U. chinensis squid resources. Therefore, proper and responsible management was needed to maintain the sustainability of this squid resource. For exploitation to be sustainable and optimal, management based on stock units of the managed resources was required. Therefore, information was needed on the stock units of U. chinensis squid in the western waters of Kalimantan and northern Java. Currently, the Indonesian government has separated the management of these two interconnected waters. The method used was to analyze 12 morphometric characters and genetic structures with COI and Rhodopsin markers. Sampling locations included the Sungailiat and Pontianak, for the waters of western Kalimantan, Jakarta, Pekalongan, and Lamongan for the waters of northern Java. Morphometric data were analyzed using Principal Component Analysis (PCA) and Discriminant Analysis (DA) approaches. Genetic analysis (COI and Rhodopsin) included genetic diversity, AMOVA, and haplotype distribution. The results of the morphometric analysis showed that the 12 morphometric size characters in this study showed a close relationship between the five U. chinensis sample populations. Genetic variation between populations and F<inf>ST</inf> values on COI and Rhodopsin showed very low values; P-values also showed results that were not significantly different between populations. The haplotype distribution of both COI and Rhodopsin showed almost the same composition in both observed waters. The results of these analyses suggested that U. chinensis species in both waters showed indications of connectivity and close kinship or could be regarded as a single stock. Therefore, collaborative management across fisheries management areas in both waters (western Kalimantan and northern Java) was required. © 2024 Elsevier B.V., All rights reserved.",Coi; Morphometrics; Mtdna; Rhodopsin; Stock Identification; Uroteuthis Chinensis,,"Funding text 1: We would like to thank the Centre for Marine and Fisheries Education, Ministry of Marine Affairs and Fisheries Republic of Indonesia for supporting this research. We also thank the Genetics Laboratory, Research Institute for Marine Fisheries for assisting in sample analysis. We would also like to thank the field staff at the sampling sites who assisted in the data collection process.; Funding text 2: We would like to thank the Centre for Marine and Fisheries Education , Ministry of Marine Affairs and Fisheries Republic of Indonesia for supporting this research. We also thank the Genetics Laboratory, Research Institute for Marine Fisheries for assisting in sample analysis. We would also like to thank the field staff at the sampling sites who assisted in the data collection process.",,Elsevier B.V.,23524855,,,,English,Article,Final,,Scopus,2-s2.0-85186701292
"S., Picaulima, Simon; M.M., Makalipessy, Marvin M.; I.M., Thenu, Imanuel Musa","Picaulima, Simon (57196948737); Makalipessy, Marvin M. (59327190100); Thenu, Imanuel Musa (56641707900)",57196948737; 59327190100; 56641707900,"Competition Pattern of Small-Scale Cluster-Based Capture Fisheries in Each Season in the Small Island Park Conservation Area of Southeast Maluku Regency, Indonesia",2024,Egyptian Journal of Aquatic Biology and Fisheries,28,2,,1183,1195,0,0,10.21608/ejabf.2024.374105,https://www.scopus.com/inward/record.uri?eid=2-s2.0-85203907514&doi=10.21608%2Fejabf.2024.374105&partnerID=40&md5=b636f74330af08275f57a029685bcfa5,"Tual State Fisheries Polytechnic, Langgur City, Indonesia; Tual State Fisheries Polytechnic, Langgur City, Indonesia; Tual State Fisheries Polytechnic, Langgur City, Indonesia","Picaulima, Simon, Department of Fisheries Product Technology, Tual State Fisheries Polytechnic, Langgur City, Indonesia; Makalipessy, Marvin M., Department of Fisheries Product Technology, Tual State Fisheries Polytechnic, Langgur City, Indonesia; Thenu, Imanuel Musa, Department of Fisheries Product Technology, Tual State Fisheries Polytechnic, Langgur City, Indonesia","Efforts to improve the welfare of small fishermen in the conservation area of small Kei Kecil Island Park by increasing the number of small-scale fishing fleets from year to year without effective and efficient management of fisheries managers have led to competition between fishery fleets, leading to overcapacity. This study aimed to determine the competition pattern of small-scale fishing fleets in the conservation area of small Kei Island Park every season based on clustering. This study used a survey method, selecting respondents by purposive sampling techniques. Data were analyzed using descriptive and cluster analysis of the square Euclidean distance method. In this study, the fishing grounds of small-scale fishing fleets each season were concentrated in the waters of ten islands. The dendrogram described the small-scale fishing fleets operating in the conservation area of small Kei Island Park, which were competed widely and fiercely in each season. Competition among the small-scale fishing fleet was intense during the western season in Cluster 1, the first transition season in Clusters 1 and 3, the eastern season in Clusters 1 and 3, and the second transition season in Clusters 1 and 3. Catches, revenues, and operating costs influenced the competition that occured in each season. © 2025 Elsevier B.V., All rights reserved.",Clustering; Competition; Fishing Ground; Small-scale Fisheries,,,,Egyptian Society for the Development of Fisheries and Human Health,25369814; 11106131,,,,English,Article,Final,All Open Access; Gold Open Access,Scopus,2-s2.0-85203907514
"n., Apriansyah; A.S., Atmadipoera, Agus S.; D.Y., Nugroho, Dwiyoga Y.; R., Noviyanti, Rinda","Apriansyah (57192406541); Atmadipoera, Agus S. (25822241200); Nugroho, Dwiyoga Y. (57210453642); Noviyanti, Rinda (58893645700)",57192406541; 25822241200; 57210453642; 58893645700,Shelf oceanography and small pelagic fishes in the Java Sea,2024,E3S Web of Conferences,483,,01010,,,0,0,10.1051/e3sconf/202448301010,https://www.scopus.com/inward/record.uri?eid=2-s2.0-85185384671&doi=10.1051%2Fe3sconf%2F202448301010&partnerID=40&md5=22c3e37d282cd7b5e6384889d2f5bcef,"Universitas Tanjungpura, Pontianak, Indonesia; IPB University, Bogor, Indonesia; Badan Riset dan Inovasi Nasional, Central Jakarta, Indonesia; Universitas Terbuka, Jakarta, Indonesia","Apriansyah, null, Department of Marine Sciences, Universitas Tanjungpura, Pontianak, Indonesia; Atmadipoera, Agus S., Department of Marine Science and Technology, IPB University, Bogor, Indonesia; Nugroho, Dwiyoga Y., Badan Riset dan Inovasi Nasional, Central Jakarta, Indonesia; Noviyanti, Rinda, Fisheries Management Department, Universitas Terbuka, Jakarta, Indonesia","The optimization of small pelagic fisheries in the Java Sea could be enhanced by providing oceanographic information for analysis and determining potential fishing grounds. This study aims to investigate shelf oceanographic factors influencing small pelagic fisheries using multidatasets of sea surface temperature and surface salinity CROCO ocean model output (2010-2020), distribution of light-fishing vessel position of VIIRS satellite, and small pelagic fish catches landing data (round scads - Decapterus spp. and the spotted sardinella - Amblygaster sirm) at Pekalongan Fishing Port, Central Java. The results showed that the peak of fishing season for the spotted sardinella occurs during northwest monsoon, in which the eastward monsoon current and Sunda shelf throughflow brings fresher (±32.4 psu) and warmer (±28.5 oC) water into the Java Sea. In contrast, the peak of fishing season for round scads. is associated with saltier (>33.0 psu) and cooler (<28.5 °C) water supplied by the westward monsoon current and Makassar - ITF during the southeast monsoon. Alternating intensification of monsoonal current along the northern Java and the southern Kalimantan coast during different monsoon periods is associated with a higher abundance of neritic and oceanic small pelagic fishes, respectively. © 2024 Elsevier B.V., All rights reserved.",,,"The authors thank CROCO, FERRET, GEBCO, CMEMS, ERA5-ECMWF, TPXO, GLOFAS, and VBD for their data, software, and free models. Thank you to PPN Pekalongan staff for preparing Java Sea small pelagic fisheries data.","Radiansyah, M.R.; Wardiny, T.M.; Noviyanti, R.; Kusumaningrum, E.N.; Warlina, L.; Isfarudi; Nursantika, D.; Fauziyyah, A.; Permana, M.; Hakiki, D.N.; Hidayat, W.",EDP Sciences,25550403; 22671242,9782759890163; 9782759890552; 9782759890644,,,English,Conference paper,Final,All Open Access; Gold Open Access,Scopus,2-s2.0-85185384671
"M., Ma’Ruf, M.; R., Ruslin, R.; U., Hasanah, Uswatun; E., Efendi, Efendi; W.A., Arifin, Willdan Aprizal; D.W., Handani, Dhimas Widhi; G.B.D., Suasti, Gede Bagus Dwi; F., Syamsudin, Farih; J.V., Sinaga, Johannes Valentino; B.S., Eryawan, Billal Soebhi","Ma’Ruf, M. (58861184700); Ruslin, R. (58861933400); Hasanah, Uswatun (57207791795); Efendi, Efendi (57212881936); Arifin, Willdan Aprizal (58862918200); Handani, Dhimas Widhi (54947294000); Suasti, Gede Bagus Dwi (59499272500); Syamsudin, Farih (59499272600); Sinaga, Johannes Valentino (59536055500); Eryawan, Billal Soebhi (59499101900)",58861184700; 58861933400; 57207791795; 57212881936; 58862918200; 54947294000; 59499272500; 59499272600; 59536055500; 59499101900,Information Extraction from Automatic Identification System (AIS) Data for Identifying Shipping Line based on Maritime Mobile Service Identity (MMSI),2024,IOP Conference Series: Earth and Environmental Science,1423,1,012016,,,0,0,10.1088/1755-1315/1423/1/012016,https://www.scopus.com/inward/record.uri?eid=2-s2.0-85214035516&doi=10.1088%2F1755-1315%2F1423%2F1%2F012016&partnerID=40&md5=899a347d3117dd066e74e49a61527567,"Universitas Pendidikan Indonesia, Bandung, Indonesia; Akademi Ilmu Pelayaran Nusa Tenggara, Lombok Timur, Indonesia; Universitas Syiah Kuala, Banda Aceh, Indonesia; Universitas Islam Negeri Ar-Raniry, Banda Aceh, Indonesia; Universitas Pendidikan Indonesia, Bandung, Indonesia; Institut Teknologi Sepuluh Nopember, Surabaya, Indonesia","Ma’Ruf, M., Maritime Logistics Study Program, Universitas Pendidikan Indonesia, Bandung, Indonesia; Ruslin, R., Akademi Ilmu Pelayaran Nusa Tenggara, Lombok Timur, Indonesia; Hasanah, Uswatun, Department of Geophysical Engineering, Universitas Syiah Kuala, Banda Aceh, Indonesia; Efendi, Efendi, Economics Study Program, Universitas Islam Negeri Ar-Raniry, Banda Aceh, Indonesia; Arifin, Willdan Aprizal, Universitas Pendidikan Indonesia, Bandung, Indonesia; Handani, Dhimas Widhi, Center of Excellences Maritime Safety and Marine Installation, Institut Teknologi Sepuluh Nopember, Surabaya, Indonesia; Suasti, Gede Bagus Dwi, Center of Excellences Maritime Safety and Marine Installation, Institut Teknologi Sepuluh Nopember, Surabaya, Indonesia; Syamsudin, Farih, Universitas Pendidikan Indonesia, Bandung, Indonesia; Sinaga, Johannes Valentino, Maritime Logistics Study Program, Universitas Pendidikan Indonesia, Bandung, Indonesia; Eryawan, Billal Soebhi, Maritime Logistics Study Program, Universitas Pendidikan Indonesia, Bandung, Indonesia","Automatic Identification System (AIS) is a technology used to track the movement of ships through the transmission of ship data using Very High Frequency (VHF) waves. Ships around the world transmit their information, which is then captured by AIS receivers. This AIS data collected and stored at the ground station. This study uses the data on the number of ships categorized based the Maritime Mobile Service Identity (MMSI) in the southern Indonesian Archipelago Sea Route II (ALKI II), Madura strait, and its surroundings during one month period of March 2023. The AIS raw data processed using The Jupyter Notebook to generate the information such as MMSI, longitude, latitude, and navigation status. The information then plotted on QGIS to see the difference pattern of shipping lanes based on the ship's MMSI number. The aim of this research is to demonstrate how AIS data processing and analysis can generate sufficient information for maritime spatial planning, including depicting maritime traffic density and traffic constellations, shipping lanes and navigation status, the hierarchical network of maritime routes, fishing zones, and spatial-temporal interactions between shipping activities. The findings from maritime spatial planning can offer valuable insights for law enforcement at sea and offer guidance for developing port infrastructure based on specific needs through the utilization of AIS data. © 2025 Elsevier B.V., All rights reserved.",,,"Authors sincerely appreciate Mr. Prof. Dr. Ketut Buda Artana, S.T., M.Sc., Mr. Dr. Eng. Dhimas Widhi Handani S.T., M.Sc., and Mr. Gede Bagus Dwi Suasti, S.T., M.M.T., from The Center of Excellence of Maritime Safety and Marine Installation, Institut Teknologi Sepuluh Nopember (PUI KEKAL ITS) for their support regarding AIS data used on this research.",,Institute of Physics,17551307; 17551315,,,,English,Conference paper,Final,All Open Access; Gold Open Access,Scopus,2-s2.0-85214035516
"S.Y., Sudikan, Setya Yuwana; T., Indarti, Titik; N., Afdholy, Nadya","Sudikan, Setya Yuwana (57218170194); Indarti, Titik (57931996200); Afdholy, Nadya (57931856500)",57218170194; 57931996200; 57931856500,Evolution of Whaling Practices among Lamalera Fishermen in Indonesia,2024,Human Evolution,39,2-Jan,,101,113,0,0,10.14673/HE2024121134,https://www.scopus.com/inward/record.uri?eid=2-s2.0-85196865873&doi=10.14673%2FHE2024121134&partnerID=40&md5=32197b9f1696a31d99d1190d7f3d4f1d,"Universitas Negeri Surabaya, Surabaya, Indonesia; Universitas Airlangga, Surabaya, Indonesia","Sudikan, Setya Yuwana, Department of Language and Literature Education, Universitas Negeri Surabaya, Surabaya, Indonesia; Indarti, Titik, Department of Language and Literature Education, Universitas Negeri Surabaya, Surabaya, Indonesia; Afdholy, Nadya, Graduate Program of Literary and Cultural Studies, Universitas Airlangga, Surabaya, Indonesia","Local wisdom in Lamalera is a topic that is always hotly discussed in Indonesia, especially the whale fishing tradition. This tradition has been a cultural heritage for centuries. The novelty of this research lies in understanding the local wisdom of the Lamalera fishermen’s whale fishing traditions holistically and comprehensively. This research aims to analyze and discover local knowledge and local wisdom of the Lamalera fishing community in whaling. The theory used is ethnosemiotics, which is a combination of ethnoecology and semiotics, which focuses on the concept of local wisdom. The approach used by James Spradley’s new ethnography. Data collection techniques: observation, in-depth interviews, and documentation. Creswell spiral model data analysis technique. Research findings include a) local knowledge in the form of regulations on whales that can be caught and are prohibited from being caught; b) whaling activities as part of the cultural heritage involving skill, dexterity, customs, honesty, justice and chivalry of men; c) determination of the whaling season; d) equipment used for whaling; e) fishing area boundaries (fishing ground); f) distribution of catches from the sea; g) distribution of catches from the sea; h) harmony of Lamalera fishermen’s lives with nature. Further research is needed to develop sustainability strategies in the tradition of whaling in Lamalera by involving local communities to achieve global sustainability. © 2024 Elsevier B.V., All rights reserved.",Bartering; Ethnosemiotics; Lamafa; Local Wisdom; Traders,,,,Angelo Pontecorboli Editore,03939375,,HUEVE,,English,Article,Final,,Scopus,2-s2.0-85196865873
"M.F., Alkoiri, M. Fariz; M., Ramdhan, Muhammad; G., Setyamarta, Garish; N., Hayati, Noorlaila","Alkoiri, M. Fariz (59183094900); Ramdhan, Muhammad (57191378115); Setyamarta, Garish (59183255500); Hayati, Noorlaila (56237577500)",59183094900; 57191378115; 59183255500; 56237577500,Estimation of Potential Skipjack Tuna Fishing Ground Using MODIS Data in 2020–2021 (Case Study: Bali Strait),2024,Springer Proceedings in Physics,305,,,341,352,0,1,10.1007/978-981-97-0740-9_31,https://www.scopus.com/inward/record.uri?eid=2-s2.0-85196664652&doi=10.1007%2F978-981-97-0740-9_31&partnerID=40&md5=c9978e759fa6c8548ee71ba22540adf1,"Institut Teknologi Sepuluh Nopember, Surabaya, Indonesia; Badan Riset dan Inovasi Nasional, Central Jakarta, Indonesia","Alkoiri, M. Fariz, Department of Geomatics Engineering, Institut Teknologi Sepuluh Nopember, Surabaya, Indonesia; Ramdhan, Muhammad, Badan Riset dan Inovasi Nasional, Central Jakarta, Indonesia; Setyamarta, Garish, Department of Geomatics Engineering, Institut Teknologi Sepuluh Nopember, Surabaya, Indonesia; Hayati, Noorlaila, Department of Geomatics Engineering, Institut Teknologi Sepuluh Nopember, Surabaya, Indonesia","The Bali Strait is a semi-enclosed water that connects the Bali Sea with the Indian Ocean. One group of fish commonly caught by fishermen in these waters is skipjack tuna (Katsuwonus pelamis). This study aimed to estimate the optimal potential skipjack tuna fishing ground in Bali Strait waters for 2020 and 2021 using oceanographic parameters, particularly chlorophyll-a, sea surface temperature, and depth, using remote sensing and geographic information system (GIS) technology to help fishermen increase their catch. The results showed that the position of the skipjack tuna habitat shows a spatial pattern that varies every month and is closely related to the monsoon. The total potential area in 2021 decreased when compared with 2020, which amounted to 41,616 km2, and it was found that the potential area for skipjack tuna fishing was well-formed in the west season (January, February, and December) and first transition season (March–May), while in the east season (June–August) the potential area for skipjack tuna fishing decreased significantly. However, Badan Pusat Statistik (BPS) data on skipjack tuna production shows that skipjack tuna catches in Banyuwangi increased rapidly by 3393 tons compared with 2020, which only received 284 tons. Similarly, Jembrana regency caught 1142 tons in 2021, but no results in 2020. This indicates that the large number of potential areas in 2020 was not followed by the large number of skipjack catches. This may be caused by other external factors that disrupt the production process, such as the COVID-19 pandemic, which disrupts the activities of fishermen. © 2024 Elsevier B.V., All rights reserved.",Chlorophyll-a; Depth; Monsoon; Sea Surface Temperature; Skipjack Tuna; Atmospheric Temperature; Atmospheric Thermodynamics; Chlorophyll; Covid-19; Fisheries; Information Use; Oceanography; Remote Sensing; Submarine Geophysics; Surface Waters; Case-studies; Chlorophyll A; Depth; Fishing Ground; Indian Ocean; Monsoon; Sea Surface Temperature; Sea Surfaces; Skipjack Tuna; Surface Temperatures; Surface Temperature,Atmospheric temperature; Atmospheric thermodynamics; Chlorophyll; COVID-19; Fisheries; Information use; Oceanography; Remote sensing; Submarine geophysics; Surface waters; Case-studies; Chlorophyll a; Depth; Fishing ground; Indian ocean; Monsoon; Sea surface temperature; Sea surfaces; Skipjack tuna; Surface temperatures; Surface temperature,,"Lestari, S.; Santoso, H.; Hendrizan, M.; Trismidianto; Nugroho, G.A.; Budiyono, A.; Ekawati, S.",Springer Science and Business Media Deutschland GmbH,09308989; 18674941,9783031948046; 9789811654060; 9789811562914; 9783319466002; 9783662573655; 9783319243207; 9789811313127; 9789819735297; 9783642022241; 9783319976037,,,English,Conference paper,Final,,Scopus,2-s2.0-85196664652
"M.F., Fauzi, Moh F.; T., Tirtadanu, Tirtadanu; A.R.P., Pane, Andina Ramadhani Putri; S., Mardlijah, Siti; T., Noegroho, Tegoeh; A., Zamroni, Achmad; T., Hidayat, Thomas; H., Widiyastuti, Heri; B., Nugraha, Budi; Hufiadi","Fauzi, Moh F. (56411811100); Tirtadanu, Tirtadanu (57204244562); Pane, Andina Ramadhani Putri (57216892414); Mardlijah, Siti (57218369277); Noegroho, Tegoeh (57203267004); Zamroni, Achmad (59668427800); Hidayat, Thomas (57218374950); Widiyastuti, Heri (57545827500); Nugraha, Budi (56157854600); Hufiadi (56444401400)",56411811100; 57204244562; 57216892414; 57218369277; 57203267004; 59668427800; 57218374950; 57545827500; 56157854600; 56444401400,"Population dynamics and stock status of spotted sardinella (Amblygaster sirm, Walbaum, 1792) in the Natuna Sea, Indonesia",2024,Fisheries and Aquatic Sciences,27,4,,256,264,0,0,10.47853/FAS.2024.e25,https://www.scopus.com/inward/record.uri?eid=2-s2.0-85194165864&doi=10.47853%2FFAS.2024.e25&partnerID=40&md5=7e868ae6bfcb4bbca02450ce66e6a57a,"Badan Riset dan Inovasi Nasional, Central Jakarta, Indonesia","Fauzi, Moh F., Research Center for Fishery, Badan Riset dan Inovasi Nasional, Central Jakarta, Indonesia; Tirtadanu, Tirtadanu, Research Center for Fishery, Badan Riset dan Inovasi Nasional, Central Jakarta, Indonesia; Pane, Andina Ramadhani Putri, Research Center for Fishery, Badan Riset dan Inovasi Nasional, Central Jakarta, Indonesia; Mardlijah, Siti, Research Center for Fishery, Badan Riset dan Inovasi Nasional, Central Jakarta, Indonesia; Noegroho, Tegoeh, Research Center for Fishery, Badan Riset dan Inovasi Nasional, Central Jakarta, Indonesia; Zamroni, Achmad, Research Center for Fishery, Badan Riset dan Inovasi Nasional, Central Jakarta, Indonesia; Hidayat, Thomas, Research Center for Fishery, Badan Riset dan Inovasi Nasional, Central Jakarta, Indonesia; Widiyastuti, Heri, Research Center for Fishery, Badan Riset dan Inovasi Nasional, Central Jakarta, Indonesia; Nugraha, Budi, Research Center for Fishery, Badan Riset dan Inovasi Nasional, Central Jakarta, Indonesia; Hufiadi, null, Research Center for Fishery, Badan Riset dan Inovasi Nasional, Central Jakarta, Indonesia","Small pelagic fish populations have long been exploited by various fishing gears in the Natuna Sea, and since the 1970s, purse seine exploitation has expanded to offshore fishing grounds. Various small pelagic fish species are exploited from these waters including spotted sardinella (Amblygaster sirm). This research was conducted for 22 months, from March 2019 to December 2020. The fish sample was taken from the purse seine fleet’s catch in the fisheries management area (FMA) 711 Natuna Sea and Karimata Strait, which was brought to Pemangkat fishing port in the West Kalimantan Province, Indonesia. This paper aims to determine the exploitation status of spotted sardinella in the Natuna Sea as a recommendation material for management policies. The methods used in this analysis are estimated age, cohort, population parameters, and spawning potential ratio of spotted sardinella. The results show three primary cohorts of spotted sardinella in the Natuna Sea, with ages ranging from 9 months to 3.1 years and a maximum attainable age (longevity) of 4.3 years. The asymptotic value (L<inf>8</inf>) is 21.79 cmFL in length, with a growth rate (K) of 0.65 per year. The natural mortality rate (M) was 1.19, the total mortality rate (Z) was 2.19, and the fishing mortality rate (F) was 0.99. The exploitation rate (E) was 0.45 and the stock status was still in a sustainable condition. Therefore, the sardinella fisheries can be developed using a precautionary approach and focus on the ecosystem sustainability of FMA 711. © 2024 Elsevier B.V., All rights reserved.",Exploitation Status; Growth; Natuna Sea; Spawning Potential Ratio; Spotted Sardinella,,"This study was funded by the Research Institute for Marine Fisheries, Ministry of Marine Affairs and Fisheries, Indonesia, under the research project \u2018\u2018Fisheries Biological Characteristics, Resources Habitats, and Potential Productions of the Fish Resources in FMA 711\u2019\u2019 in fiscal years 2019\u20132020.",,Korean Society of Fisheries and Aquatic Sciences,22341757; 22341749,,,,English,Article,Final,All Open Access; Gold Open Access,Scopus,2-s2.0-85194165864
"M., Ramadhaniaty, Mutia; V.R., Manurung, Vindy Rilani; K., Khairunnisa, K.; F., Lubis, Friyuanita; I.E., Susetya, Ipanna Enggar","Ramadhaniaty, Mutia (57201995211); Manurung, Vindy Rilani (57223028876); Khairunnisa, K. (57372597200); Lubis, Friyuanita (58860755100); Susetya, Ipanna Enggar (57200502789)",57201995211; 57223028876; 57372597200; 58860755100; 57200502789,"The first report of DNA barcoding of commercially important fish in Nias Islands, Indonesia",2024,Biodiversitas,25,2,,742,753,0,4,10.13057/biodiv/d250234,https://www.scopus.com/inward/record.uri?eid=2-s2.0-85192432440&doi=10.13057%2Fbiodiv%2Fd250234&partnerID=40&md5=c57118a4f3f847f897045fd17c2b5dcf,"Universitas Syiah Kuala, Banda Aceh, Indonesia; Universitas Sumatera Utara, Medan, Indonesia; Universitas Teuku Umar, Meulaboh, Indonesia","Ramadhaniaty, Mutia, Department of Marine Sciences, Universitas Syiah Kuala, Banda Aceh, Indonesia; Manurung, Vindy Rilani, Department of Aquatic Resources Management, Universitas Sumatera Utara, Medan, Indonesia; Khairunnisa, K., Department of Marine Sciences, Universitas Syiah Kuala, Banda Aceh, Indonesia; Lubis, Friyuanita, Study Program of Aquatic Resources, Universitas Teuku Umar, Meulaboh, Indonesia; Susetya, Ipanna Enggar, Department of Aquatic Resources Management, Universitas Sumatera Utara, Medan, Indonesia","The Nias Islands are an archipelago in the western part of North Sumatera, encompassed by the Indian Ocean, and have become a hotspot for demersal and pelagic fishes. These geographical conditions endow the waters around Nias with large fishery resources, leading to their frequent utilization as fishing grounds for Sumatera Island and its surrounding areas. This research aimed to identify the commercially important fish species with the highest catch frequency in the waters of Nias, and this identification marked the initial stage of the sustainable utilization of fish resources. The method used was DNA Barcoding using genes targeting the COI Mitochondrial locus. Therefore, 43 samples were collected from several North and South Nias fish landing sites. The obtained species were classified into 3 groups based on the commodity type: demersal fish, pelagic fish, and Choncricthyes. There were 8 species of demersal fish (Caesio caerulaurea, Halichoeres scapularis, Lethrinus ornatus, Mulloidichthys flavolineatus, Parupeneus barberinus, Scarus prasiognathos, Plectropomus leopardus, and Variola albimarginata), displaying genetic distances ranging from 0.002-0.275. Pelagic fish consisted of 5 species, namely Amblygaster clupoides, Caranx ignobilis, Caranx sexfasciatus, Ferdauia ferdau, and Scomberomorus commerson, displaying genetic distances ranging from 0.002-0.267. The next commodities were Chondrichthyes with 9 species (Carcharhinus sealei, Himantura leoparda, Neotrygon kuhlii, Paragaleus randalli, Pateobatis jenkinsii, Rhynchobatus cf laevis, Spyrna lewini, Taeniura meyeni, and Urogymnus granulatus), displaying genetic distance ranging from 0-0.271. This value indicates that migratory species such as Chondrichthyes have quite extensive movements so that the genetic distance between species and between populations tends to be low. © 2024 Elsevier B.V., All rights reserved.",Biodiversity; Chondrichthyes; Demersal; Pelagic; Rays; Sharks,,,,Society for Indonesian Biodiversity,1412033X; 20854722,,,,English,Article,Final,All Open Access; Gold Open Access,Scopus,2-s2.0-85192432440
"A.D., Purwanto, Anang Dwi; U.J., Wisha, Ulung J.; A.G., Suhadha, Argo Galih; D., Permatasari, Diyah; E., Rahmawati, Emma","Purwanto, Anang Dwi (56237008500); Wisha, Ulung J. (57196320442); Suhadha, Argo Galih (57219844361); Permatasari, Diyah (58654666200); Rahmawati, Emma (57505003000)",56237008500; 57196320442; 57219844361; 58654666200; 57505003000,Seasonal potential fishing zone model in the regional fisheries management of Indonesia (WPP-RI) 716 based on remote sensing satellite data,2024,Kuwait Journal of Science,51,1,100134,,,0,5,10.1016/j.kjs.2023.10.002,https://www.scopus.com/inward/record.uri?eid=2-s2.0-85174457940&doi=10.1016%2Fj.kjs.2023.10.002&partnerID=40&md5=ddb6d0ed54e5d54d4504aaf9ef58b216,"Badan Riset dan Inovasi Nasional, Central Jakarta, Indonesia; Universitas Diponegoro, Semarang, Indonesia","Purwanto, Anang Dwi, Badan Riset dan Inovasi Nasional, Central Jakarta, Indonesia; Wisha, Ulung J., Badan Riset dan Inovasi Nasional, Central Jakarta, Indonesia; Suhadha, Argo Galih, Badan Riset dan Inovasi Nasional, Central Jakarta, Indonesia; Permatasari, Diyah, Faculty of Fisheries and Marine Science, Universitas Diponegoro, Semarang, Indonesia; Rahmawati, Emma, Badan Riset dan Inovasi Nasional, Central Jakarta, Indonesia","The variability of atmosphere-ocean interactions highly influences the distribution of fishing zones in the surrounding Indonesia Through Flow (ITF) channel, such as the WPP-716 region. Therefore, the seasonal determination of the fishing zone is crucial in this zone as one of the regional fisheries managements in Indonesia. This study aims to create a potential fishing zone (PFZ) model in the Regional Fisheries Management of Indonesia (WPP-RI) 716 based on the remote sensing satellite data. This study used the daily SST data extracted from the Suomi-National Polar-Orbiting Partnership-Visible Infrared Imaging Radiometer Suite (SNPP-VIIRS) image Level 2 from 2018 to 2019. A Single Image Edge Detection (SIED) method is applied to determine the PFZ points. Supporting data, such as sea current patterns, chlorophyll-a, fish-catching zones and Catch per Unit of Effort (CpUE), are also considered to bolster this study's findings. The models were validated and compared with the results established by central authority fish catch data. Of particular concern, the highest detection of PFZ is observed during the second transitional season, reaching 1835 points scattered all over the study area. The frequently detected PFZ is identified in northern Sulawesi and Sangihe Islands, where the circular eddy current observed during the second transitional season, ranging from 0.6 to 0.8 m/s, indicating upwelling (high productivity) events proven by the variability of surface temperature and chlorophyll-a and aligned with the high value of CpUE (ranging from 20 to 28 ?kg/GT/day). The developed model is expected to be a basis for further decision-making regarding fishery resources management in the study area. © 2024 Elsevier B.V., All rights reserved.",Potential Fishing Zone; Sied; Snpp-viirs; Sst; Wpp-ri 716,,We would like to thank the Remote Sensing Application Center of National Research and Innovation Agency (BRIN) for providing facilities during the implementation of this research. We are also grateful to NASA for the access to SNPP-VIIRS and MODIS data and those who helped in the completion of this work.,,Elsevier B.V.,23074116; 23074108,,,,English,Article,Final,All Open Access; Gold Open Access,Scopus,2-s2.0-85174457940
"D., Dimarchopoulou, Donna; E., Wibisono, Elle; S.E., Saul, Steven E.; P.G., Carvalho, Paul G.; A., Nugraha, Angga; P.J., Mous, Peter J.; A.T., Humphries, Austin Turner","Dimarchopoulou, Donna (56554159400); Wibisono, Elle (57219458792); Saul, Steven E. (55889974100); Carvalho, Paul G. (57204266378); Nugraha, Angga (57355692400); Mous, Peter J. (6506010380); Humphries, Austin Turner (37561405300)",56554159400; 57219458792; 55889974100; 57204266378; 57355692400; 6506010380; 37561405300,Combining catch-based indicators suggests overexploitation and poor status of Indonesia's deep demersal fish stocks,2023,Fisheries Research,268,,106854,,,0,7,10.1016/j.fishres.2023.106854,https://www.scopus.com/inward/record.uri?eid=2-s2.0-85171641487&doi=10.1016%2Fj.fishres.2023.106854&partnerID=40&md5=9e559dda3dc431aef8fb5904f7f22c4e,"The University of Rhode Island, Kingston, United States; Arizona State University Polytechnic Campus, Mesa, United States; Ministry of Marine Affairs and Fisheries Republic of Indonesia, Jakarta, Indonesia; Indonesia Fisheries Conservation Program, Bali, Indonesia; University of Rhode Island Narragansett Bay Campus, Narragansett, United States","Dimarchopoulou, Donna, Department of Fisheries, The University of Rhode Island, Kingston, United States; Wibisono, Elle, Department of Fisheries, The University of Rhode Island, Kingston, United States; Saul, Steven E., Polytechnic Campus, Arizona State University Polytechnic Campus, Mesa, United States; Carvalho, Paul G., Department of Fisheries, The University of Rhode Island, Kingston, United States; Nugraha, Angga, Directorate General of Capture Fisheries, Ministry of Marine Affairs and Fisheries Republic of Indonesia, Jakarta, Indonesia; Mous, Peter J., Indonesia Fisheries Conservation Program, Bali, Indonesia; Humphries, Austin Turner, Department of Fisheries, The University of Rhode Island, Kingston, United States, University of Rhode Island Narragansett Bay Campus, Narragansett, United States","The Indonesian deep-slope demersal fisheries are economically valuable and contribute to the wellbeing of millions of people. However, the sustainability of these fisheries is uncertain because they lack data and assessment. As a precursor to management, we developed and applied a framework for using standardized catch per unit effort (CPUE) and spawning potential ratio (SPR) as indicators to assess eight primary species-fishing gear complexes: the Malabar blood snapper Lutjanus malabaricus (droplines and longlines), goldbanded jobfish Pristipomoides multidens (droplines and longlines), sharptooth jobfish P. typus (droplines and longlines), crimson snapper L. erythropterus (droplines), and rusty jobfish Aphareus rutilans (droplines). We standardized CPUE by identifying relevant fishing trips using a species-association approach and removing any changes in the index not attributable to abundance by using a delta-generalized linear model. SPR values were estimated on a per-recruit basis from life-history parameters using length data. Results indicated that in 2020, all stocks were unhealthy (SPR values < 25%) with only a few exceptions (e.g., P. multidens and L. erythropterus). Most fishing grounds with low SPR values had stable or decreasing CPUE trends, suggesting that current fishing rates are suboptimal or unsustainable. However, L. erythropterus had an increasing CPUE trend but moderate to low SPR, indicating that fishing pressure has decreased so SPR may be an underestimate, leading to an optimistic but uncertain conclusion about stock health and the sustainability of current fishing rates. Such discrepancies between CPUE and SPR may be challenging for the implementation of management measures, but we have outlined and applied a framework for interpretation. The most recent yield values set by the Indonesian Ministry of Marine Affairs and Fisheries for these stocks, however, are 1.4–2.4 times higher than our calculations. This discrepancy may be attributed to several factors, such as inclusion of species that are atypical for deep demersal fish stocks in the Ministry's estimates, differences in methods or the types of data used, or annual variability. © 2023 Elsevier B.V., All rights reserved.",Biomass; Catch; Codrs; Fisheries Management; Jobfish; Productivity; Snapper,,"Funding text 1: We thank Dr Jos S Pet (People and Nature Consulting International) for his leadership in data collection, data quality control, and numerous conversations about all aspects of the data and assessments. We also thank Edwison Firmana from the MMAF, as well as the entire Yayasan Konservasi Alam Indonesia team, especially Wawan Gede, Laksmi Larasiti, Wahyu Dita, Geertruidha Latumeten, Helmy Wurlianty, Jersey Cumentas, Seran Abe, Nenden Siti Noviyanti, Syalomitha Hukom, Meysella Anugrah, Petronela Padja, Fatich Ubaidillah, Musa Adi, Josep Lumingas, Nandana Gozali, Dieri Tarau, Hastuti Sabang for their help in data collection. This publication was made possible through support provided by The Nature Conservancy, the Walton Family Foundation, the David & Lucile Packard Foundation, and by the U.S. Agency for International Development, under the terms of Contract No. AID-497-A-16-00011 “Supporting Nature and People - Partnership for Enduring Resources (SNAPPER)”. The findings and opinions expressed herein are those of the authors and do not necessarily reflect the views of the supporting organizations. Finally, we thank the reviewers and handling editor of this manuscript who greatly improved it, particularly the reviewer that provided multiple rounds of carefully considered comments and suggestions.; Funding text 2: We thank Dr Jos S Pet (People and Nature Consulting International) for his leadership in data collection, data quality control, and numerous conversations about all aspects of the data and assessments. We also thank Edwison Firmana from the MMAF, as well as the entire Yayasan Konservasi Alam Indonesia team, especially Wawan Gede, Laksmi Larasiti, Wahyu Dita, Geertruidha Latumeten, Helmy Wurlianty, Jersey Cumentas, Seran Abe, Nenden Siti Noviyanti, Syalomitha Hukom, Meysella Anugrah, Petronela Padja, Fatich Ubaidillah, Musa Adi, Josep Lumingas, Nandana Gozali, Dieri Tarau, Hastuti Sabang for their help in data collection. This publication was made possible through support provided by The Nature Conservancy , the Walton Family Foundation, the David & Lucile Packard Foundation, and by the U.S. Agency for International Development , under the terms of Contract No. AID-497-A-16-00011 “Supporting Nature and People - Partnership for Enduring Resources (SNAPPER)”. The findings and opinions expressed herein are those of the authors and do not necessarily reflect the views of the supporting organizations. Finally, we thank the reviewers and handling editor of this manuscript who greatly improved it, particularly the reviewer that provided multiple rounds of carefully considered comments and suggestions.",,Elsevier B.V.,01657836,,FISRD,,English,Article,Final,All Open Access; Green Accepted Open Access; Green Open Access; Hybrid Gold Open Access,Scopus,2-s2.0-85171641487
"B., He, Bin; F., Yan, Fengqin; F.Z., Su, Fenzheng Zhen; V.D., Lyne, Vincent D.; J., Tang, Jiasheng","He, Bin (55456316700); Yan, Fengqin (56235779400); Su, Fenzheng Zhen (57210948280); Lyne, Vincent D. (6602272679); Tang, Jiasheng (58368013200)",55456316700; 56235779400; 57210948280; 6602272679; 58368013200,Prediction of fishing intensity and trends across South China Sea biogeographic zones,2023,Science of the Total Environment,899,,165691,,,0,5,10.1016/j.scitotenv.2023.165691,https://www.scopus.com/inward/record.uri?eid=2-s2.0-85165874069&doi=10.1016%2Fj.scitotenv.2023.165691&partnerID=40&md5=83c9d29fae69bd84b72dffe9eb3edb37,"Nanjing University, Nanjing, China; Institute of Geographic Sciences and Natural Resources Research, Chinese Academy of Sciences, Beijing, China; Nanjing University, Nanjing, China; University of Chinese Academy of Sciences, Beijing, China; Institute for Marine and Antarctic Studies, Hobart, Australia; Lanzhou Jiaotong University, Lanzhou, China","He, Bin, School of Geography and Ocean Science, Nanjing University, Nanjing, China, State Key Laboratory of Resources and Environmental Information System, Institute of Geographic Sciences and Natural Resources Research, Chinese Academy of Sciences, Beijing, China, Nanjing University, Nanjing, China; Yan, Fengqin, State Key Laboratory of Resources and Environmental Information System, Institute of Geographic Sciences and Natural Resources Research, Chinese Academy of Sciences, Beijing, China, Nanjing University, Nanjing, China, College of Resources and Environment, University of Chinese Academy of Sciences, Beijing, China; Su, Fenzheng Zhen, School of Geography and Ocean Science, Nanjing University, Nanjing, China, State Key Laboratory of Resources and Environmental Information System, Institute of Geographic Sciences and Natural Resources Research, Chinese Academy of Sciences, Beijing, China, Nanjing University, Nanjing, China, College of Resources and Environment, University of Chinese Academy of Sciences, Beijing, China; Lyne, Vincent D., State Key Laboratory of Resources and Environmental Information System, Institute of Geographic Sciences and Natural Resources Research, Chinese Academy of Sciences, Beijing, China, Institute for Marine and Antarctic Studies, Hobart, Australia; Tang, Jiasheng, State Key Laboratory of Resources and Environmental Information System, Institute of Geographic Sciences and Natural Resources Research, Chinese Academy of Sciences, Beijing, China, Faculty of Geomatics, Lanzhou Jiaotong University, Lanzhou, China","The volume of industrial fishing in the South China Sea ranks among the top global sustainable fisheries concerns of the Food and Agriculture Organization (FAO). To better understand the scale of management challenges, biogeographic zones of the SCS were characterized, and within each a multivariate GAM (General Additive Model) was fitted to predict and map the complete fishing activities from 2017 to 2020. Model variables, some incomplete or with gaps, included: VIIRS DNB night-time light imagery; Global Fisheries Watch (GFW) data; satellite Ocean Colour; Sea Surface Temperature; and bathymetry data. Four biogeographic zones with differing fishing patterns and trends were identified. We used cross-validation and the GAM model's own tuning method for model prediction accuracy determination, which performed well in four biogeographic zones (R2 respectively: 0.62, 0.68, 0.74 and 0.71). High-intensity fishing grounds are mainly distributed in offshore continental shelf areas. From 2017 to 2019, high-intensity fishing grounds were located near the Beibu Gulf of Vietnam, south Vietnam, part of the Gulf of Thailand and the central Java Sea, where fishing effort greater than 50 h exceeded average annual SCS fishing intensity for several years. By season, intensity and extent of fishing in Spring were largest. In 2020, due to the impact of COVID-19, except for Spring, fishing volume generally decreased. Our experimental results provide new insights and an adaptable biogeographic modelling methodology to map the scale and intensity of regional fishing activities more accurately and completely. This more comprehensive database, that takes account of intrinsic biogeographic fishery context, will help improve and strengthen the regulation of fishing activities around the world. © 2023 Elsevier B.V., All rights reserved.",Automatic Identification System (ais); Fishing Effort; Gam Prediction; South China Sea; Spatio-temporal Analysis; Viirs Dnb; Automation; Forecasting; Oceanography; Offshore Oil Well Production; Satellite Imagery; Surface Waters; Automatic Identification System; Biogeographic Zones; Fishing Effort; General Additive Model Prediction; General Additive Models; Model Prediction; South China Sea; Spatiotemporal Analysis; Viirs Dnb; Fisheries; Biogeographical Region; Fishery Regulation; Fishing Effort; Multivariate Analysis; Prediction; Spatiotemporal Analysis; Viirs; Article; Bathymetry; Biogeographic Region; Calibration; Controlled Study; Environmental Aspects And Related Phenomena; Environmental Parameters; Environmental Sustainability; Fishing; Fishing Intensity; General Additive Model; Geographic Distribution; Industrial Fishing; Java Sea; Measurement Accuracy; Ocean Color; Oceanic Regions; Predictive Value; Sea Surface Temperature; Seasonal Variation; South China Sea; Statistical Model; Thailand; Trend Study; Viet Nam; Animal Hunting; China; Coronavirus Disease 2019; Fishery; Human; Season; Pacific Ocean; Covid-19; Humans; Hunting; Seasons,Automation; Forecasting; Oceanography; Offshore oil well production; Satellite imagery; Surface waters; Automatic identification system; Biogeographic zones; Fishing effort; General additive model prediction; General additive models; Model prediction; South China sea; Spatiotemporal analysis; VIIRS DNB; Fisheries; biogeographical region; fishery regulation; fishing effort; multivariate analysis; prediction; spatiotemporal analysis; VIIRS; Article; bathymetry; biogeographic region; calibration; controlled study; environmental aspects and related phenomena; environmental parameters; environmental sustainability; fishing; fishing intensity; general additive model; geographic distribution; industrial fishing; Java Sea; measurement accuracy; ocean color; oceanic regions; predictive value; sea surface temperature; seasonal variation; South China Sea; statistical model; Thailand; trend study; Viet Nam; animal hunting; China; coronavirus disease 2019; fishery; human; season; Pacific Ocean; COVID-19; Humans; Hunting; Seasons,This work was supported by National key R&D plan ( 2022YFB3903604 ) and Youth Project of Innovation LREIS (Grant No. YPI001 ).,,Elsevier B.V.,00489697; 18791026,,STEVA,37482352,English,Article,Final,,Scopus,2-s2.0-85165874069
"M., Hermawan, Maman; I.W.G.A.W., Rahaditya, I. Wayan G.A.W.; E., Nugraha, Erick; T.E., Kusumo, Tonny E.; A., Basith, Abdul; Yusrizal; Samsi; B., Murtiyoso, Bambang; Y., Purwanto, Yuli","Hermawan, Maman (57873285000); Rahaditya, I. Wayan G.A.W. (58664825300); Nugraha, Erick (57200116744); Kusumo, Tonny E. (57209342617); Basith, Abdul (57200119607); Yusrizal (57200119293); Samsi (58664825400); Murtiyoso, Bambang (58664825500); Purwanto, Yuli (57205394626)",57873285000; 58664825300; 57200116744; 57209342617; 57200119607; 57200119293; 58664825400; 58664825500; 57205394626,"Distribution of sea surface temperature and its effect on the Katsuwonus pelamis caught by pole and liner in the Savu Sea, Indonesia",2023,AACL Bioflux,16,5,,2648,2659,0,1,,https://www.scopus.com/inward/record.uri?eid=2-s2.0-85174904522&partnerID=40&md5=64946e43df0633ae4c72b916d0e2b9a1,"Jakarta Technical University of Fisheries, South Jakarta, Indonesia; Jakarta Technical University of Fisheries, South Jakarta, Indonesia; Bitung Marine and Fisheries Polytechnic, Bitung City, Indonesia","Hermawan, Maman, Faculty of Fishing Technology, Jakarta Technical University of Fisheries, South Jakarta, Indonesia; Rahaditya, I. Wayan G.A.W., Faculty of Fishing Technology, Jakarta Technical University of Fisheries, South Jakarta, Indonesia; Nugraha, Erick, Faculty of Fishing Technology, Jakarta Technical University of Fisheries, South Jakarta, Indonesia; Kusumo, Tonny E., Faculty of Fishing Technology, Jakarta Technical University of Fisheries, South Jakarta, Indonesia; Basith, Abdul, Faculty of Fishing Technology, Jakarta Technical University of Fisheries, South Jakarta, Indonesia; Yusrizal, null, Faculty of Fishing Technology, Jakarta Technical University of Fisheries, South Jakarta, Indonesia; Samsi, null, Faculty of Fisheries Machinary, Jakarta Technical University of Fisheries, South Jakarta, Indonesia; Murtiyoso, Bambang, Faculty of Fisheries Machinary, Jakarta Technical University of Fisheries, South Jakarta, Indonesia; Purwanto, Yuli, Faculty of Capture Fisheries, Bitung Marine and Fisheries Polytechnic, Bitung City, Indonesia","The Katsuwonus pelamis fishing area in the Savu Sea can be determined by observing oceanographic parameters such as sea surface temperature (SST), because K. pelamis is a species whose swimming trajectory is found in the upper layer near the surface. By knowing the optimum SST distribution of K. pelamis, fishermen can predict fishing areas in order to save time, costs and effort to carry out fishing operations. The data collection in this study is based on a survey method, while the data analysis method used is a descriptive analysis and linear regression analysis. Observations showed that the most dominant SST in the Savu Sea in the period of November 2019 to March 2020 ranged from 29oC to 31oC, with the highest catch of 1,360 kg at a temperature of 29.2oC. Furthermore, SST has an effect of 22.5% on the catch of K. pelamis, while the rest is influenced by other factors. © 2023 Elsevier B.V., All rights reserved.",Aquamodis; Fishing Ground; Oceanographic Parameters; Skipjack Tuna; Thermocline,,,,BIOFLUX SRL,18449166; 18448143,,,,English,Article,Final,,Scopus,2-s2.0-85174904522
"H., Retnoningtyas, Heidi; I., Yulianto, Irfan; B., Wiryawan, Budy; S., Kleinertz, Sonja; H.W., Palm, Harry W.","Retnoningtyas, Heidi (57222256333); Yulianto, Irfan (55557876500); Wiryawan, Budy (55845748300); Kleinertz, Sonja (21734890000); Palm, Harry W. (7006390398)",57222256333; 55557876500; 55845748300; 21734890000; 7006390398,"Stock discrimination of mackerel scad Decapterus macarellus (Cuvier, 1833) in the eastern Indonesia based on metazoan fish parasite composition",2023,Regional Studies in Marine Science,61,,102840,,,0,7,10.1016/j.rsma.2023.102840,https://www.scopus.com/inward/record.uri?eid=2-s2.0-85147584131&doi=10.1016%2Fj.rsma.2023.102840&partnerID=40&md5=e0412cdaed091362ca60d63d385adeb8,"Universität Rostock, Rostock, Germany; Rekam Nusantara Foundation, Bogor, Indonesia; IPB University, Bogor, Indonesia; IPB University, Bogor, Indonesia; Universität Bremen, Bremen, Germany; University of Udayana, Denpasar, Indonesia","Retnoningtyas, Heidi, Aquaculture and Sea-Ranching, Universität Rostock, Rostock, Germany, Rekam Nusantara Foundation, Bogor, Indonesia; Yulianto, Irfan, Rekam Nusantara Foundation, Bogor, Indonesia, Department of Fisheries Resources Utilization, IPB University, Bogor, Indonesia; Wiryawan, Budy, Rekam Nusantara Foundation, Bogor, Indonesia, Department of Fisheries Resources Utilization, IPB University, Bogor, Indonesia; Kleinertz, Sonja, Aquaculture and Sea-Ranching, Universität Rostock, Rostock, Germany, Faculty of Fisheries and Marine Sciences, IPB University, Bogor, Indonesia, Marine Ecology Department, Universität Bremen, Bremen, Germany; Palm, Harry W., Aquaculture and Sea-Ranching, Universität Rostock, Rostock, Germany, Faculty of Veterinary Science, University of Udayana, Denpasar, Indonesia","Mackerel scad Decapterus macarellus (Cuvier, 1833), a small pelagic species, is the major catch in Asia, particularly in Indonesia. Despite a high catch volume, its utilization status is relatively unknown since stock assessment is mostly conducted for the entire small pelagic group without separating the species. Studies on population biology and stock distribution of mackerel scad in Indonesia so far involved catch-based production models, growth parameter analyses, otoliths, and fish genetics. We herewith discriminate eastern Indonesian fish stocks of D. macarellus by comparing the respective metazoan parasite community. We collected 105 specimens of mackerel scad from three closely connected fishing grounds representing two Indonesian fisheries management areas. Recorded metazoan parasites belonged to the Monogenea (4 species), Digenea (8 species), Acanthocephala (1 species), and Crustacea (2 species), with the two Monogenea Allopseudodiclidophora opelu (Yamaguti, 1965) and Pseudodiclidophora decapteri (Yamaguti, 1965) being the most prevalent. A multidimensional scaling analysis revealed the clustering pattern of the hosts based on the parasites, identifying two major fish stocks, the North Sulawesi group and the North Maluku group. The strength and weaknesses of the so far applied stock assessment methodologies for this small pelagic fish in Indonesia are discussed. © 2023 Elsevier B.V., All rights reserved.",Fisheries Management; Multi-dimensional Scaling; Small Pelagic Fish; Stock Assessment; Stock Separation,,"Funding text 1: We thank the German Academic Exchange Service (DAAD) for funding Heidi Retnoningtyas’ doctoral study. Heidi Retnoningtyas and Budy Wiryawan received financial support from KfW Bank Group . Irfan Yulianto received financial support from Walton Family Foundation and Margaret A. Cargill Philanthropies . The authors thank Oktavianto Prasetyo Darmono and Arya Kusuma Dhani for sample collection, Dr. Stefan Theisen and Dr. Rodney Alan Bray for their help with morphological identification of the parasites, Jessica Pingkan for creating the map, and Ulfah Mardhiah, Ph.D. for the technical assistance in undertaking statistical analysis with RStudio. This research was possible with the support from the Wildlife Conservation Society Indonesia Program and the Faculty of Fisheries and Marine Sciences, IPB University .; Funding text 2: We thank the German Academic Exchange Service (DAAD) for funding Heidi Retnoningtyas’ doctoral study. Heidi Retnoningtyas and Budy Wiryawan received financial support from KfW Bank Group. Irfan Yulianto received financial support from Walton Family Foundation and Margaret A. Cargill Philanthropies. The authors thank Oktavianto Prasetyo Darmono and Arya Kusuma Dhani for sample collection, Dr. Stefan Theisen and Dr. Rodney Alan Bray for their help with morphological identification of the parasites, Jessica Pingkan for creating the map, and Ulfah Mardhiah, Ph.D. for the technical assistance in undertaking statistical analysis with RStudio. This research was possible with the support from the Wildlife Conservation Society Indonesia Program and the Faculty of Fisheries and Marine Sciences, IPB University.",,Elsevier B.V.,23524855,,,,English,Article,Final,,Scopus,2-s2.0-85147584131
"F., Fadly, Fadly; M., Kasnir, Muhammad; A., Asbar, Asbar; I., Ihsan, Ihsan","Fadly, Fadly (57216503145); Kasnir, Muhammad (56447141800); Asbar, Asbar (59544977700); Ihsan, Ihsan (57226473828)",57216503145; 56447141800; 59544977700; 57226473828,"Flow trade pattern of blast fishing raw materials and the occurrence of destructive fishing in the Makassar City waters, South Sulawesi, Indonesia",2023,AACL Bioflux,16,3,,1441,1447,0,0,,https://www.scopus.com/inward/record.uri?eid=2-s2.0-85161290405&partnerID=40&md5=0c50fc9fd2ce5dfee5fcb572fcc178ce,"Universitas Muslim Indonesia, Makassar, Indonesia","Fadly, Fadly, School Of Posgraduate, Universitas Muslim Indonesia, Makassar, Indonesia; Kasnir, Muhammad, School Of Posgraduate, Universitas Muslim Indonesia, Makassar, Indonesia; Asbar, Asbar, School Of Posgraduate, Universitas Muslim Indonesia, Makassar, Indonesia; Ihsan, Ihsan, School Of Posgraduate, Universitas Muslim Indonesia, Makassar, Indonesia","The coastal waters of Makassar City have abundant fishing resources, but their utilization is sometimes done in ways that are not environmentally friendly, like blast fishing. The fishermen in Makassar City waters still do that forbidden activity because the raw material still exists. This study aims to determine the pattern of raw materials flow trade and to identify cases of destructive fishing activities in Makassar City, South Sulawesi, Indonesia. The research was taking place in the eleven islands of Makassar City. The data used in this study included primary data and secondary data. Respondents involved in this study were representatives of the population studied. Data analysis was done through analog models, using system features such as flow charts and network graphs. The raw material for blast fishing is the fertilizer produced in Malaysia and was initially intended for agriculture when shipped to Indonesia. Because now it is forbidden by Indonesian law, this fertilizer is sent illegally to Indonesia via Batam, Pangkep, and Selayar. From Pangkep, it moves to the islands of Makassar City until it reaches the fishermen's boss (Punggawa). Destructive fishing activities especially blast fishing, still happen in Makassar City waters. The location was around Lanjukang and Langkai islands, but only in the peak of the wet season (December-January) or when the fishermen cannot go to their fishing ground due to bad weather. © 2023 Elsevier B.V., All rights reserved.",Blast Fishing; Destructive Fishing; Distribution Map; Makassar Waters; Trade Pattern,,,,BIOFLUX SRL,18449166; 18448143,,,,English,Article,Final,,Scopus,2-s2.0-85161290405
"M., Syahdan, Muhammad; A.S., Athmadipoera, Aguss S.; S.B., Susilo, Setyo Budi; J., Lumban-Gaol, Jonson","Syahdan, Muhammad (56964398100); Athmadipoera, Aguss S. (58526582700); Susilo, Setyo Budi (57201676197); Lumban-Gaol, Jonson (56958634200)",56964398100; 58526582700; 57201676197; 56958634200,Determining the Potential Fishing Zone of Small Pelagic Fishes Based on Spatial and Temporal Variability of Remote Sensing Satellite Data,2023,Egyptian Journal of Aquatic Biology and Fisheries,27,3,,967,978,0,1,10.21608/ejabf.2023.306903,https://www.scopus.com/inward/record.uri?eid=2-s2.0-85167189148&doi=10.21608%2Fejabf.2023.306903&partnerID=40&md5=a033037e0f3d88d210738218d3cfddb8,"Universitas Lambung Mangkurat, Banjarmasin, Indonesia; IPB University, Bogor, Indonesia","Syahdan, Muhammad, Faculty of Marine and Fisheries, Universitas Lambung Mangkurat, Banjarmasin, Indonesia; Athmadipoera, Aguss S., Faculty of Fisheries and Marine Sciences, IPB University, Bogor, Indonesia; Susilo, Setyo Budi, Faculty of Fisheries and Marine Sciences, IPB University, Bogor, Indonesia; Lumban-Gaol, Jonson, Faculty of Fisheries and Marine Sciences, IPB University, Bogor, Indonesia","The potential fishing zones detected by remote sensing satellite data in this study focused on the key region of small pelagic fish in the Makassar Strait in the Java Sea, Indonesia. The remote sensing satellite data used sea surface temperature (SST) and chlorophyll-a (Chl-a) imagery obtained from the Aqua-MODIS Level 3, with a time coverage of more than ten years. The fishing production data were sourced from fish landing records in the Nusantara Fishing Port of Pekalongan (PPN Pekalongan), Central Java, Indonesia. The mapping overlay method and cross-correlation analysis were used to determine the variability of relationships between sea surface temperature and chlorophyll-a and small pelagic fish catches. The pattern of fishing migration areas showed that spotted sardinella was dominant in the northwestern monsoon period, with the direction of movement towards the north of Makassar Strait controlled by warm SST. However, the shortfin scad was dominant in the southeast monsoon period with movement towards the south of Makassar Strait up to the east of Java Sea which is controlled by high Chl-a. The increase of shortfin scad catches occurred after 4 months of maximum Chl-a achievement, while spotted sardinella increased in 3 months before the maximum Chl-a achievement. For the SST, these two types of fish respond directly to changes in the waters. To the El Nino event, fish catches experienced an increase that was dominated by shortfin scad; while during La Nina, fish catches that experienced a decrease were dominated by spotted sardinella. © 2023 Elsevier B.V., All rights reserved.",Cross Correlation; Fishing Zones; Remote Sensing; Small Pelagic Fishes; Variability,,,,Egyptian Society for the Development of Fisheries and Human Health,25369814; 11106131,,,,English,Article,Final,All Open Access; Gold Open Access,Scopus,2-s2.0-85167189148
"R., Suharti, Ratna; M., Maulita, Mira; F., Setiawan, Firman; B., Rachmad, Basuki; D., Zulkifli, Dadan; S., Mantani, Sayuri; M., Hermawan, Maman; E., Nugraha, Erick","Suharti, Ratna (58193996900); Maulita, Mira (58064097800); Setiawan, Firman (58193625100); Rachmad, Basuki (57219746641); Zulkifli, Dadan (58193997000); Mantani, Sayuri (58284635400); Hermawan, Maman (57873285000); Nugraha, Erick (57200116744)",58193996900; 58064097800; 58193625100; 57219746641; 58193997000; 58284635400; 57873285000; 57200116744,"Status of the Thunnus albacares fishery in the Fisheries Management Area (FMA) 714, Banda Sea, Indonesia",2023,AACL Bioflux,16,2,,945,956,0,1,,https://www.scopus.com/inward/record.uri?eid=2-s2.0-85153374791&partnerID=40&md5=091488d4dfad59458f9fda460216d7cc,"Jakarta Technical University of Fisheries, South Jakarta, Indonesia; Marine Technical College, Ashiya, Japan; Jakarta Technical University of Fisheries, South Jakarta, Indonesia","Suharti, Ratna, Faculty of Aquatic Resources Management, Jakarta Technical University of Fisheries, South Jakarta, Indonesia; Maulita, Mira, Faculty of Aquatic Resources Management, Jakarta Technical University of Fisheries, South Jakarta, Indonesia; Setiawan, Firman, Faculty of Aquatic Resources Management, Jakarta Technical University of Fisheries, South Jakarta, Indonesia; Rachmad, Basuki, Faculty of Aquatic Resources Management, Jakarta Technical University of Fisheries, South Jakarta, Indonesia; Zulkifli, Dadan, Faculty of Aquatic Resources Management, Jakarta Technical University of Fisheries, South Jakarta, Indonesia; Mantani, Sayuri, Marine Technical College, Ashiya, Japan; Hermawan, Maman, Faculty of Fishing Technology, Jakarta Technical University of Fisheries, South Jakarta, Indonesia; Nugraha, Erick, Faculty of Fishing Technology, Jakarta Technical University of Fisheries, South Jakarta, Indonesia","The Banda Sea is a potential fishing area for large pelagic fish, especially tuna. Exploitation of this resource is carried out by various forms of fishing activities, including purse seine, pole and line, longline tuna, and handline tuna. In addition, the utilization of fish resources in FMA RI 714 is still dominated by small-scale fishermen using vessels <5 GT. Based on the large potential and condition of the available large pelagic fish resources, it is necessary to study the status of large pelagic fisheries, especially tuna in the Maluku region. This study aimed to examine the biological aspects of tuna and the fisheries management. The research was carried out from 4 March to 25 May 2021 in the Maluku Sea. This study used a survey method, namely by observing in the field the observed fish samples. Determination of the location and fishing gear was carried out by purposive sampling, while the determination of respondents was carried out by accidental sampling. The results showed that the growth pattern of Thunnus albacares was isometric. The size of the first caught in the purse seine for T. albacares was 39.09 cm Fork Length. In Fisheries Management Area of Republic Indonesia (FMA RI) 714, the actual production and tuna fishing effort shows that its utilization did not reach the maximum sustainable level and economically, tuna fishing did not yet reach the maximum profit value so that its utilization can still be increased. © 2023 Elsevier B.V., All rights reserved.",Banda Sea; Cpue; Length Of First Caught; Yellowfin Tuna,,,,BIOFLUX SRL,18449166; 18448143,,,,English,Article,Final,,Scopus,2-s2.0-85153374791
"A.F., Oktariani, Adnorita Fandah; P.E., Sudaryatma, Putu Eka; Y., Ramona, Y.; I.M.A.G., Made Agus Gelgel Wirasuta, I. Made Agus Gelgel; I.B.G., Darmayasa, Ida Bagus Gede; P.A., Wiradana, Putu Angga; T., Okabayashi, Tamaki","Oktariani, Adnorita Fandah (57731948500); Sudaryatma, Putu Eka (57202015251); Ramona, Y. (6507656700); Made Agus Gelgel Wirasuta, I. Made Agus Gelgel (55905214300); Darmayasa, Ida Bagus Gede (57210104585); Wiradana, Putu Angga (57207964539); Okabayashi, Tamaki (7004288177)",57731948500; 57202015251; 6507656700; 55905214300; 57210104585; 57207964539; 7004288177,Heavy metals content in fresh tuna and swordfish caught from Hindian and Pacific Oceans: Health risk assessment of dietary exposure,2023,Veterinary World,16,4,,858,868,0,8,10.14202/vetworld.2023.858-868,https://www.scopus.com/inward/record.uri?eid=2-s2.0-85168892223&doi=10.14202%2Fvetworld.2023.858-868&partnerID=40&md5=2ffabb65e989c986f2a94692ba55ee7f,"Universitas Udayana, Bali, Indonesia; National University of Education Denpasar Bali, Bali, Indonesia; Universitas Udayana, Bali, Indonesia; Universitas Udayana, Bali, Indonesia; Universitas Udayana, Bali, Indonesia; Science, Bali, Indonesia; University of Miyazaki, Miyazaki, Japan; University of Miyazaki, Miyazaki, Japan","Oktariani, Adnorita Fandah, Doctoral Student of Study Program of Biological Science, Universitas Udayana, Bali, Indonesia; Sudaryatma, Putu Eka, National University of Education Denpasar Bali, Bali, Indonesia; Ramona, Y., Integrated Laboratory for Bioscience and Biotechnology, Universitas Udayana, Bali, Indonesia, Program Study of Biology, Universitas Udayana, Bali, Indonesia; Made Agus Gelgel Wirasuta, I. Made Agus Gelgel, Department of Pharmacy, Universitas Udayana, Bali, Indonesia; Darmayasa, Ida Bagus Gede, Program Study of Biology, Universitas Udayana, Bali, Indonesia; Wiradana, Putu Angga, and Technology, Science, Bali, Indonesia; Okabayashi, Tamaki, Department of Veterinary Science, University of Miyazaki, Miyazaki, Japan, Center for Animal Disease Control, University of Miyazaki, Miyazaki, Japan","Background and Aim: Yellowfin tuna and swordfish are seafood commodities commonly caught from deep oceans worldwide. Therefore, this study aimed to assess the levels of three heavy metals, namely, cadmium (Cd), lead (Pb), and mercury (Hg) in yellowfin tuna and swordfish. The results are expected to provide consumers with information on the safety of consuming or exporting these fishes caught in the Hindian and Pacific Oceans. Materials and Methods: Fresh yellowfin and swordfish were obtained from fishermen’s catches in FAO Fishing Zone 57 (Indian Ocean) and 71 (Pacific Ocean) and then collected at Benoa Harbor, Bali Province. The comparative method was to evaluate the levels of heavy metals in each fish. Furthermore, heavy metal concentrations, including Pb, Cd, and Hg, were determined using atomic absorption spectroscopy analysis. These results were then used to assess the safety of these fishes by calculating the estimated daily intake (EDI) and target hazard quotients-total target hazard quotients (THQs-TTHQs). Results: The analysis showed that none of the samples exceeded the threshold levels for the three heavy metals, which was specified by the Indonesian National Standard (SNI) and European Commission Regulation (CR) No. 1881/2006. The EDI and provisional tolerable weekly index (PTWI) obtained in this study were still in the safe range. However, the PTWI values for Pb in yellowfin tuna product from the Indian Ocean were higher (0.0038 mg/kg) compared to the recommended standard for the adult population. The THQ-TTHQ values of fish caught from these oceans were also within the acceptable range specified by the two agencies, indicating that they are safe for consumption by people with various age groups and for export purposes. Conclusion: The average levels of three heavy metals (Cd, Pb, and Hg) in muscle samples of yellowfin tuna and swordfish caught from the Pacific and Hindian Oceans were within the acceptable range as specified by the SNI and CR No. 1881/2006. Furthermore, the EDI and THQs values indicated that fishes caught from the Pacific and Hindian Oceans were safe for consumption. This research is still limited to assessing two capture fisheries commodities. Further research is needed on the assessment of heavy metal levels in other capture fisheries commodities in this capture zone. © 2024 Elsevier B.V., All rights reserved.",Health Risk Assessment; Heavy Metal Pollution; Seafood Products; Tuna; Arsenic; Cadmium; Copper; Lead; Arsenic; Cadmium; Copper; Ground Water; Heavy Metal; Lead; Animal Experiment; Aquatic Environment; Article; Bioaccumulation; Cockle; Freshwater Fish; Life Expectancy; Marine Environment; Nonhuman; Pacific Ocean; Phytoplankton; Risk Assessment; Sea Food; Swordfish; Tuna; Water Pollution,arsenic; cadmium; copper; ground water; heavy metal; lead; animal experiment; aquatic environment; Article; bioaccumulation; cockle; freshwater fish; life expectancy; marine environment; nonhuman; Pacific Ocean; phytoplankton; risk assessment; sea food; swordfish; tuna; water pollution,,,Veterinary World,22310916; 09728988,,,,English,Article,Final,All Open Access; Gold Open Access; Green Final Open Access; Green Open Access,Scopus,2-s2.0-85168892223
"M., Zainuddin, Mukti; n., Safruddin; A.A., Farhum, Aisjah Aisjah; B., Budimawan, Budimawan; R., Hidayat, Rachmat; M.B., Selamat, Muhammad Banda; E.S., Wiyono, Eko Sri; M., Ridwan, Muhammad; M.L., Syamsuddin, Mega Laksmini; Y.N., Ihsan, Yudi Nurul","Zainuddin, Mukti (6506490325); Safruddin, S. (57195941084); Farhum, Aisjah Aisjah (57195941968); Budimawan, Budimawan (7409768808); Hidayat, Rachmat (57200559829); Selamat, Muhammad Banda (57195935193); Wiyono, Eko Sri (13806928300); Ridwan, Muhammad (59624846200); Syamsuddin, Mega Laksmini (55909338600); Ihsan, Yudi Nurul (57209476788)",6506490325; 57195941084; 57195941968; 7409768808; 57200559829; 57195935193; 13806928300; 59624846200; 55909338600; 57209476788,"Satellite-Based Ocean Color and Thermal Signatures Defining Habitat Hotspots and the Movement Pattern for Commercial Skipjack Tuna in Indonesia Fisheries Management Area 713, Western Tropical Pacific",2023,Remote Sensing,15,5,1268,,,0,15,10.3390/rs15051268,https://www.scopus.com/inward/record.uri?eid=2-s2.0-85149940058&doi=10.3390%2Frs15051268&partnerID=40&md5=a4085ed0165d97437ca38bad0ad03984,"Hasanuddin University, Makassar, Indonesia; IPB University, Bogor, Indonesia; National Agricultural Polytechnic, Pangkep, Indonesia; Universitas Padjadjaran, Bandung, Indonesia","Zainuddin, Mukti, Faculty of Marine Science and Fisheries, Hasanuddin University, Makassar, Indonesia; Safruddin, null, Faculty of Marine Science and Fisheries, Hasanuddin University, Makassar, Indonesia; Farhum, Aisjah Aisjah, Faculty of Marine Science and Fisheries, Hasanuddin University, Makassar, Indonesia; Budimawan, Budimawan, Faculty of Marine Science and Fisheries, Hasanuddin University, Makassar, Indonesia; Hidayat, Rachmat, Faculty of Marine Science and Fisheries, Hasanuddin University, Makassar, Indonesia; Selamat, Muhammad Banda, Faculty of Marine Science and Fisheries, Hasanuddin University, Makassar, Indonesia; Wiyono, Eko Sri, Faculty of Fisheries and Marine Sciences, IPB University, Bogor, Indonesia; Ridwan, Muhammad, Fisheries Agribusiness Department, National Agricultural Polytechnic, Pangkep, Indonesia; Syamsuddin, Mega Laksmini, Faculty of Fisheries and Marine Science, Universitas Padjadjaran, Bandung, Indonesia; Ihsan, Yudi Nurul, Faculty of Fisheries and Marine Science, Universitas Padjadjaran, Bandung, Indonesia","Understanding the mechanisms that determine the critical habitat of commercial species is one of the significant challenges in marine science, particularly for species that inhabit the vast ocean worldwide. Previous investigations primarily focused on determining skipjack habitats without considering the feasible size for sustainable fisheries. To define habitat hotspots and movement patterns for decently sized skipjack tuna (=50 cm) in Indonesia Fisheries Management Area (IFMA) 713, Indonesia, we examined the remote sensing of synoptic sea surface temperature (SST) and chlorophyll-a concentration (Chl-a) measurements with catch data from 2007 to 2016. A new skipjack tuna habitat model was developed based on the link between the key satellite-based environmental data and the best tuna fishery performance using a combination of generalized additive models (GAMs) and kernel density estimates. The findings reveal that feasible skipjack catch sizes were found in approximately 27% of total fishing grounds and were significantly captured in areas with a Chl-a of 0.15–0.28 mg m-3 and an SST of 29.5–31.0 °C, corresponding with an elevated skipjack habitat index (SHI). The habitat hotspots for the commercial skipjack were particularly produced by favorable Chl-a and SST, in association with Chl-a front and anticyclonic and cyclonic eddies, especially in October, which coincided with the highest skipjack catch per unit effort (CPUE). Skipjack distributions were mostly found within 10 km of favorable feeding habitats. They used the hotspot area as an indicator of their dynamics and movement pattern in the environment. The observed CPUEs cross-validated the predicted SHI values, suggesting that the model provided a reliable proxy for defining the potential habitats and the spatial movement of mature skipjack schools. Our findings have global significance for locating ecological hotspots, monitoring sustainable skipjack fisheries, and tracking skipjack migration, especially within the western tropical Pacific. © 2023 Elsevier B.V., All rights reserved.",Commercial Skipjack Tuna; Habitat Hotspot; Remote Sensing; Shi; Sustainable Fisheries; Ecosystems; Fisheries; Oceanography; Remote Sensing; Surface Waters; Sustainable Development; Tropics; Chlorophyll-a Concentration; Commercial Skipjack Tuna; Habitat Hotspot; Hotspots; Indonesia; Movement Pattern; Remote-sensing; Skipjack Habitat Index; Skipjack Tuna; Sustainable Fishery; Surface Temperature,Ecosystems; Fisheries; Oceanography; Remote sensing; Surface waters; Sustainable development; Tropics; Chlorophyll-a concentration; Commercial skipjack tuna; Habitat hotspot; Hotspots; Indonesia; Movement pattern; Remote-sensing; Skipjack habitat index; Skipjack tuna; Sustainable fishery; Surface temperature,"This research was supported by the Indonesia Research Collaboration (R.K.I. 2022) of Hasanuddin University-IPB University-Padjajaran University (SK No.3147/UN4.1/KEP/2022 and Contract No.1377/UN4.22/PT.01.03/2022), and National Competitive Research Grant, PDUPT 2022 (1400/UN4.22/PT.01.03/2022), Ministry of Research, Technology and Higher Education of the Republic of Indonesia.",,MDPI,20724292,9780891814184; 0891814183; 9780123694072,,,English,Article,Final,All Open Access; Gold Open Access; Green Accepted Open Access; Green Open Access,Scopus,2-s2.0-85149940058
"M.L., Syamsuddin, Mega Laksmini; H.U., Faiz, Hammami U.; M.R., Ismail, Mochamad Rudyansyah; S., Zallesa, Sheila","Syamsuddin, Mega Laksmini (55909338600); Faiz, Hammami U. (58069972900); Ismail, Mochamad Rudyansyah (59964857900); Zallesa, Sheila (57219973549)",55909338600; 58069972900; 59964857900; 57219973549,"Spatial distributions of the thermal front and of catches of mackerel (Scomberomorus commerson) in the Java Sea, Indonesia",2023,AACL Bioflux,16,1,,199,208,0,2,,https://www.scopus.com/inward/record.uri?eid=2-s2.0-85146476129&partnerID=40&md5=925ac7fea7020e0e77431a7542c04d34,"Universitas Padjadjaran, Bandung, Indonesia; Universitas Padjadjaran, Bandung, Indonesia","Syamsuddin, Mega Laksmini, Department of Marine Sciences, Universitas Padjadjaran, Bandung, Indonesia; Faiz, Hammami U., Marine Science Study Program, Universitas Padjadjaran, Bandung, Indonesia; Ismail, Mochamad Rudyansyah, Department of Marine Sciences, Universitas Padjadjaran, Bandung, Indonesia; Zallesa, Sheila, Department of Marine Sciences, Universitas Padjadjaran, Bandung, Indonesia","The thermal front can be used as an indicator to estimate the potential fishing ground in the ocean, especially for pelagic fishes. To determine the potential fishing areas, it is necessary to analyze the relationship between the distributions of the thermal front and mackerel catches. This research was conducted in the Java Sea, at the central part of the Indonesian seas by using oceanographic satellite datasets. The research method used was descriptive analysis with spatial and temporal approaches. Data on average sea surface temperatures and mackerel catches were analyzed from 2018-2020 (on a monthly basis). Based on the results, the thermal front distribution from 2018 to 2020 is mostly located near the coast, where the frequency of occurrence fluctuates every month and season. Data on mackerel catches are spread throughout the Java Sea, with an average sea surface temperature of 29°C. In general, it can be concluded that the mackerel catches distribution does not always coincide with the occurrence of a thermal front, except for January and August 2020. We highlighted that there is no direct relationship between the fishing location and the thermal front. © 2023 Elsevier B.V., All rights reserved.",Catch; Java Sea; Mackerel; Sea Surface Temperature; Thermal Front,,"Funding text 1: Acknowledgements. The authors would like to thank NASA’s Ocean Color (https://oceancolor.gsfc.nasa.gov), and Copernicus Marine Environmental Monitoring Service (https://marine.copernicus.eu/) for the satellite datasets. We also thank Nizam Zachman Ocean Fishing Port, Jakarta, and Marine Affairs and Fisheries Indramayu for the fish catch logbook data. We also thank Universitas Padjadjaran for the UNPAD research grant (HRU).; Funding text 2: The authors would like to thank NASA’s Ocean Color (https://oceancolor.gsfc.nasa.gov), and Copernicus Marine Environmental Monitoring Service (https://marine.copernicus.eu/) for the satellite datasets. We also thank Nizam Zachman Ocean Fishing Port, Jakarta, and Marine Affairs and Fisheries Indramayu for the fish catch logbook data. We also thank Universitas Padjadjaran for the UNPAD research grant (HRU).",,BIOFLUX SRL,18449166; 18448143,,,,English,Article,Final,,Scopus,2-s2.0-85146476129
"R.P., Soumokil, Ruth Phetrosina","Soumokil, Ruth Phetrosina (57216530438)",57216530438,Compatibility Study of the Pier Length With Number of the Ships in Ambon Nusantara Fishing Port to Support Maluku National Fish Barn,2023,AIP Conference Proceedings,2588,,040004,,,0,0,10.1063/5.0113109,https://www.scopus.com/inward/record.uri?eid=2-s2.0-85147428237&doi=10.1063%2F5.0113109&partnerID=40&md5=95a9af638417c088030d3c73546c43b2,"Universitas Pattimura, Kota Ambon, Indonesia","Soumokil, Ruth Phetrosina, Department of Naval Architecture, Universitas Pattimura, Kota Ambon, Indonesia","Indonesia with fishery production of 6.3 million tons ranks the 3rd largest in the world (7.95%) and Maluku Province is the 2nd largest contributor of Indonesia's total fishery production. Of the eleven main Fishing Ground areas in Indonesia, three of them are located in Maluku, namely Banda Sea, Arafura Sea, and Seram Sea. Acording to this, the Government began to declare Maluku as the National Fish Barn (NFB). To explore those fisheries potency, as well as to develop businesses in the field of fisheries, various facilities are needed to support the success of fishery businesses to ensure the smooth start of the pre-production, production, to marketing proccess, in this case, it is needed a Fishing Port. One of the main facilities at fishing port is the pier which functions as a place for anchoring, mooring, loading-unloading catches and filling supplies to catch fisheries at sea. The purpose of this study is to assess the suitability of the pier length with the number of fishing vessels entering the Ambon Nusantara Fishing Port and and to assess the capacity and determine the suitability of the currently available pier. This study uses a descriptive method of survey. Based on the calculation of the ideal length of the pier, the current need for the PPN Ambon Pier is 299 m. Can be used for more or less 14 ships simultaneously with the space of freedom between ships is 2.8 m, so the pier at PPN Ambon is still suitable for current needs. © 2023 Elsevier B.V., All rights reserved.",,,,"Raju, B.D.P.; Sawano, Y.; Nadzir, M.S.M.; Wibawan, I.W.T.; Indratno, W.; Sutapa, I.W.; Elim, H.I.",American Institute of Physics Inc.,0094243X; 15517616,9780735451889; 9780735441088; 9780735403598; 9780735444577; 9780735443594; 9780735448001; 9780735416437; 9780735402744; 9780735408869; 9780735419315,,,English,Conference paper,Final,,Scopus,2-s2.0-85147428237
"L.I., Harlyan, Ledhyane Ika; M.A., Rahman, Muhammad Arif; M.K., Rihmi, Mihrobi Khalwatu; S.F.A., Abdillah, Sya’Diya Fahma Armi","Harlyan, Ledhyane Ika (57200960453); Rahman, Muhammad Arif (57212931919); Rihmi, Mihrobi Khalwatu (57222899762); Abdillah, Sya’Diya Fahma Armi (58790083600)",57200960453; 57212931919; 57222899762; 58790083600,"Biological parameters and spawning potential ratio of Longtail Tuna Thunnus tonggol landed in Kranji fishing port, Lamongan District, Indonesia",2023,Biodiversitas,24,12,,6527,6535,0,4,10.13057/biodiv/d241214,https://www.scopus.com/inward/record.uri?eid=2-s2.0-85181215550&doi=10.13057%2Fbiodiv%2Fd241214&partnerID=40&md5=466dfe7ec8ebcfae6df02d8fbf379dc4,"Brawijaya University, Malang, Indonesia; Brawijaya University, Malang, Indonesia","Harlyan, Ledhyane Ika, Department of Fisheries Resources Utilization, Brawijaya University, Malang, Indonesia, Marine Resources Exploration and Management Research Group, Brawijaya University, Malang, Indonesia; Rahman, Muhammad Arif, Department of Fisheries Resources Utilization, Brawijaya University, Malang, Indonesia, Marine Resources Exploration and Management Research Group, Brawijaya University, Malang, Indonesia; Rihmi, Mihrobi Khalwatu, Department of Fisheries Resources Utilization, Brawijaya University, Malang, Indonesia; Abdillah, Sya’Diya Fahma Armi, Department of Fisheries Resources Utilization, Brawijaya University, Malang, Indonesia","Harlyan LI, Rahman MA, Rihmi MK, Abdillah SFA. 2023. Biological parameters and spawning potential ratio of Longtail Tuna Thunnus tonggol landed in Kranji fishing port, Lamongan District, Indonesia. Biodiversitas 24: 6527-6535. Longtail Tuna (Thunnus tonggol), one of the small-pelagic tropical fisheries in the Fisheries Management Area (FMA-712), is important in supporting global food security. Therefore, to ensure its sustainability, this fishery is applying for fishery certification to be an ecolabel fishery by the Marine Stewardship Council (MSC). However, limited information about Longtail Tuna's biological parameters and stock status in this management area will lead to failure in certification completion. This study aims to provide biological parameters and stock status of Longtail Tuna landed in the Kranji fishing port, Lamongan, Indonesia. Length, weight, and gonad weight of female Longtail Tuna individuals which landed in the Kranji fishing port were conducted from January to April 2023. Several analyses were carried out to figure out the biological parameters of Longtail Tuna, such as length-weight relationship, length at first maturity (L<inf>50</inf>) and length at first capture (L<inf>c</inf>) estimation. Length-Based Spawning Potential Ratio (LB-SPR) analysis was conducted to estimate fish exploitation. Results showed that the Longtail Tuna landing in the Kranji fishing port exhibited a negative allometric growth pattern with the length-weight relationship model W = 0.0433 FL2.7608. A comparison between (43.9+0.11cm) and (43.6+0.04cm) indicated that most female Longtail Tuna landed in the Kranji fishing port are mature (60% of the total samples). The LB-SPR analysis showed moderate exploitation status (SPR = 34%). Fishing activities are still manageable in this situation by focusing on stock sustainability. An overlapping fishing ground occurs in the Kranji water, showing the domination of two species landed in the Kranji fishing port, Longtail Tuna and Eastern Little Tuna (Euthynnus affinis). Therefore, Longtail Tuna fishery management might also consider fishery management of Eastern Little Tuna or other species with overlapped habitats. © 2024 Elsevier B.V., All rights reserved.",Ecolabel Certification; Fisheries Management; Length-weight Relationship; Species Composition; Stock Status,,"The authors would like to thank all Kranji fishing port and Indonesian staff for supporting the statistical data of fisheries during the field study. Also, the Faculty of Fisheries and Marine Science, Universitas Brawijaya, Malang, Indonesia, provided financial support for this work by Doktor Non-Lektor Kepala research grant number 2327/UN10.F06/KS/2023.",,Society for Indonesian Biodiversity,1412033X; 20854722,,,,English,Article,Final,All Open Access; Gold Open Access,Scopus,2-s2.0-85181215550
"R., Furqan, Rifki; A., Schlüter, Achim","Furqan, Rifki (58080891000); Schlüter, Achim (56240507200)",58080891000; 56240507200,Drawing on the project initiators’ perspectives to evaluate TURF implementation in the Kepulauan Seribu Marine National Park: an online Q methodology study,2023,Frontiers in Marine Science,10,,1229096,,,0,2,10.3389/fmars.2023.1229096,https://www.scopus.com/inward/record.uri?eid=2-s2.0-85176747751&doi=10.3389%2Ffmars.2023.1229096&partnerID=40&md5=6b63e80ecb7bdd3a30be19103e5fa2fd,"Leibniz Center for Tropical Marine Research, Bremen, Germany; Constructor University, Bremen, Germany","Furqan, Rifki, Department of Social Sciences, Leibniz Center for Tropical Marine Research, Bremen, Germany, School of Business, Constructor University, Bremen, Germany; Schlüter, Achim, Department of Social Sciences, Leibniz Center for Tropical Marine Research, Bremen, Germany, School of Business, Constructor University, Bremen, Germany","Territorial User Rights for Fisheries (TURF) are established to grant privileged rights exclusively to local fishing communities to manage their stock within a bounded fishing ground. Theoretically, they will improve their sense of ownership which will eventually lead to stewardship and responsibility. In Indonesia, contemporary TURF has been introduced to meet such social outcomes and address the overfishing problems caused by open-access systems. The primary objective of this study was to determine how different project initiators perceive the system’s performance of TURF in Kepulauan Seribu Marine National Park. This study used an online Q methodology to determine what key actors thought of similarities and differences in TURF implementation by developing a concourse based on the original TURF project success elements. The results show that there are two different perspectives on what the essential aspects of TURF succeed in Kepulauan Seribu. The first opinion group appreciated the technical design of TURF, particularly the exclusion mechanism and boundary, which are crucial. A second opinion group argues that the clarity of rights, roles, and responsibilities is fundamental. Both opinion groups agreed that consistent law enforcement is the key to a successful TURF implementation. This study evaluated key stakeholders’ perspectives on co-management programs to identify points of consensus and disagreement that could ultimately help ensure the long-term success of TURF and similar co-management programs. © 2023 Elsevier B.V., All rights reserved.",Fisheries Co-management; Marine Governance; Overfishing; Q Methodology; Stakeholder Perspectives; Territorial User Rights For Fisheries (turf),,"We would like to thank for the funding support from Deutscher Akademischer Austaushdienst (DAAD), Reference Number: 91690703. Acknowledgments",,Frontiers Media SA,22967745,,,,English,Article,Final,All Open Access; Gold Open Access,Scopus,2-s2.0-85176747751
"D.G., Wiadnya, D. G.R.; L.I., Harlyan, Ledhyane Ika; M.A., Rahman, Muhammad Arif; S.M.I., Mustikarani, Sri Marta Isnainik; E.N.S., Nadhiroh, Evi Nur Sokhikhatun; W.T., Taufani, Wiwiet Teguh","Wiadnya, D. G.R. (6506773817); Harlyan, Ledhyane Ika (57200960453); Rahman, Muhammad Arif (57212931919); Mustikarani, Sri Marta Isnainik (58651088100); Nadhiroh, Evi Nur Sokhikhatun (58651998500); Taufani, Wiwiet Teguh (57200013453)",6506773817; 57200960453; 57212931919; 58651088100; 58651998500; 57200013453,"Stock status and supporting species of anchovy fisheries in the northern of East Java, Indonesia",2023,Biodiversitas,24,9,,4775,4782,0,4,10.13057/biodiv/d240918,https://www.scopus.com/inward/record.uri?eid=2-s2.0-85174234743&doi=10.13057%2Fbiodiv%2Fd240918&partnerID=40&md5=89457e00ca4c59d9aad7e4c94ed8a944,"Brawijaya University, Malang, Indonesia; Universitas Diponegoro, Semarang, Indonesia; Hokkaido University, Sapporo, Japan","Wiadnya, D. G.R., Department of Fisheries Resources Utilization, Brawijaya University, Malang, Indonesia; Harlyan, Ledhyane Ika, Department of Fisheries Resources Utilization, Brawijaya University, Malang, Indonesia; Rahman, Muhammad Arif, Department of Fisheries Resources Utilization, Brawijaya University, Malang, Indonesia; Mustikarani, Sri Marta Isnainik, Department of Fisheries Resources Utilization, Brawijaya University, Malang, Indonesia; Nadhiroh, Evi Nur Sokhikhatun, Department of Fisheries Resources Utilization, Brawijaya University, Malang, Indonesia; Taufani, Wiwiet Teguh, Department of Aquatic Resources, Universitas Diponegoro, Semarang, Indonesia, Faculty of Fisheries Sciences, Hokkaido University, Sapporo, Japan","Anchovy, a commercial fish with high demand in local and international markets, was selected as the Unit of Assessment (UoA) of the Fisheries Improvement Project (FIP) based on the priority fisheries consultation process under the Marine Stewardship Council certification in Indonesia. One of the criteria is the availability of stock status and information about supporting species. This research was conducted from January to May 2022 at Lekok Fishing Port, Pasuruan, and Karangagung Fishing Port, Tuban, using primary data collection methods, including a fishery survey to obtain data species composition data and fishing coordinates. The secondary data were the catch-effort data from 2013 to 2021 collected from both fishing ports. Data analysis was carried out by the surplus production models, Schaefer and Fox model, to determine the total allowable catch (TAC) and the exploitation rates of anchovy fisheries. The participatory mapping method was carried out to obtain data on the distribution of fishing grounds and catch composition. The exploitation rate of anchovy (Stolephorus commersonnii) and large anchovy (Encrasicholina punctifer) landed in the Lekok fishing port was 76% and 75% (moderate), respectively. In this situation, fishing efforts can still be increased, as TAC value for anchovy fisheries' sustainability. On the other hand, the exploitation rate of anchovy in the northern waters of Tuban is 105% (over-exploited), which is necessary to reduce fishing efforts for its sustainability. The classification of supporting species resulted in 19 identified species in the Lekok fishing port, covering three target species: two endangered threatened and protected (ETP) species, two main primary species, six minor primary species, one major secondary species, and five minor secondary species. While in Karangagung fishing port, eight species were identified, consisting of 1 major primary species, five minor primary species, and two minor secondary species. The supporting species' information is required to complete FIP Anchovy fisheries. © 2023 Elsevier B.V., All rights reserved.",Anchovy Fisheries; Fisheries Improvement Project; Fishery Certification; Supporting Species; Surplus Production Models,,"The authors would like to thank all Lekok and Karangagung fishing port staff in Indonesia for supporting fisheries statistical data during the field study. Also, the Faculty of Fisheries and Marine Science, Universitas Brawijaya, Malang, Indonesia, financially supported this work by Doktor Lektor Kepala 2022 research grant number 2438/UN10.F06/PP/2022.",,Society for Indonesian Biodiversity,1412033X; 20854722,,,,English,Article,Final,All Open Access; Gold Open Access,Scopus,2-s2.0-85174234743
"F., Ibnusina, Firman; A., Purbayanto, Ari; B., Wiryawan, Budy; Y., Novita, Yopi; I., Yulianto, Irfan","Ibnusina, Firman (58622998400); Purbayanto, Ari (7801332073); Wiryawan, Budy (55845748300); Novita, Yopi (57237698300); Yulianto, Irfan (55557876500)",58622998400; 7801332073; 55845748300; 57237698300; 55557876500,The zoning plan for coastal and small islands: an evaluation of its implementation on small-scaled fisheries in North Sulawesi Waters of Indonesia,2023,AACL Bioflux,16,5,,2434,2453,0,1,,https://www.scopus.com/inward/record.uri?eid=2-s2.0-85172677662&partnerID=40&md5=c410cc68be9e553709b85f786f540188,"IPB University, Bogor, Indonesia; IPB University, Bogor, Indonesia","Ibnusina, Firman, Department of Fisheries Resources Utilization, IPB University, Bogor, Indonesia; Purbayanto, Ari, Department of Fisheries Resources Utilization, IPB University, Bogor, Indonesia; Wiryawan, Budy, Department of Fisheries Resources Utilization, IPB University, Bogor, Indonesia; Novita, Yopi, Department of Fisheries Resources Utilization, IPB University, Bogor, Indonesia; Yulianto, Irfan, Department of Fisheries Resources Utilization, IPB University, Bogor, Indonesia","The zoning plan for coastal and small islands (ZPCSI) is a marine spatial plan that determines the marine spatial structure and marine spatial zone. The North Sulawesi Province has issued the provincial regulation for the ZPCSI. However, there are some issues in North Sulawesi, such as the uncertainty of fishing grounds for small-scaled fishers, the overlap of fishing zones with other utilization, and conflicts among marine resources users. Therefore, this study was conducted to evaluate the implementation of ZPCSI related to the dynamics of small-scaled fisheries in the waters of North Minahasa, North Sulawesi. This study employed scoring and weighting methods to analyze oceanographic parameters, carrying capacity, and the utilization of fish aggregating devices (FADs). The oceanographic parameters considered were current speed, sea surface temperature, chlorophyll-a, wave height, carrying capacity was calculated based on coral reef, mangrove, and seagrass areas. The results indicated that the waters of North Minahasa are predominantly occupied by small-scaled fishers targeting tuna and skipjack using handlines. The existing fishing areas for tuna and skipjack are still within the North Sulawesi ZPCSI fishing zone but overlap with other utilization zones, potentially leading to conflicts. While the percentage of non-overlapping zones is only 18%, the percentage of fishing grounds with potential overlaps is greater at 82%. Potential conflicts between fishing zones and other use zones, such as conservation areas, port zones, shipping lanes, and underwater cable routes, typically occur in the fishing grounds. The recommended potential area for tuna and skipjack fishing is 13,397.85 hectares, while the area with sufficient development potential is 229,173.45 hectares. According to MMAF Regulation No. 7 of 2022 concerning the allocation of FADs in fishing zone III, the designation for placing FADs is outside the ZPCSI, possibly at a distance of 15.99 km, or 8.63 nautical miles, from the coastal area, with the furthest distance being 39.96 km, in addition to making it easier for small-scaled fishers to catch in the fishing zone by adding device for fishing in the form of placing FADs that are designed to be in the ZPCSI area specifically for small-scaled fishers. © 2023 Elsevier B.V., All rights reserved.",Carrying Capacity; Conflict; Fishing Zones; Overlay Method Small-scaled Fisheries,,"We appreciate and thank the Secretary General of the Ministry of Marine Affairs and Fisheries, the Directorate General of Marine Spatial Management, the Directorate General of Capture Fisheries of the Ministry of Marine Affairs and Fisheries, the Republic of Indonesia, and the Marine and Fisheries Agency of North Sulawesi Province for providing access to the data.",,BIOFLUX SRL,18449166; 18448143,,,,English,Article,Final,,Scopus,2-s2.0-85172677662
"A.A., Digdo, Akbar Ario; E.M., Astari, Elisabeth M.; B.R., Arinda, Bella Riskyta; J., Arendege, J.","Digdo, Akbar Ario (58112415600); Astari, Elisabeth M. (58560573100); Arinda, Bella Riskyta (58560437800); Arendege, J. (58560280600)",58112415600; 58560573100; 58560437800; 58560280600,"Humans and seagrass: A complex and intertwining links - An illustration from North Sulawesi, Indonesia",2023,IOP Conference Series: Earth and Environmental Science,1220,1,012027,,,0,2,10.1088/1755-1315/1220/1/012027,https://www.scopus.com/inward/record.uri?eid=2-s2.0-85169559543&doi=10.1088%2F1755-1315%2F1220%2F1%2F012027&partnerID=40&md5=114ef1bdafa1c0f9bf5c594c15c8d0f1,"IPB University, Bogor, Indonesia; Indonesian Environmental and Conservation Education (YAPEKA), Bogor, Indonesia; International Union for Conservation of Nature and Natural Resources, Gland, Switzerland","Digdo, Akbar Ario, IPB University, Bogor, Indonesia, Indonesian Environmental and Conservation Education (YAPEKA), Bogor, Indonesia, International Union for Conservation of Nature and Natural Resources, Gland, Switzerland; Astari, Elisabeth M., Indonesian Environmental and Conservation Education (YAPEKA), Bogor, Indonesia; Arinda, Bella Riskyta, Indonesian Environmental and Conservation Education (YAPEKA), Bogor, Indonesia; Arendege, J., Indonesian Environmental and Conservation Education (YAPEKA), Bogor, Indonesia","Interactions between humans and seagrasses in a rural area in North Sulawesi (North Minahasa) were determined by applying the ecosystem goods and services concept and related social-ecological system. The main role in the villages is small-scale fishermen and the general public. By conducting interviews, questionnaires, focus group discussions, community immersion, and field surveys, we discovered complex social-ecological ties that are essential for local society and the ecosystem. Nursery ground and habitat for fish and invertebrates, traditional medicine, indicative for Ramadan season-opening, and sites for bait collection were within the significant seagrass meadow ecosystem services for the local coastal people. We identified 183 traditional fish names that are associated with seagrass. Gleaning (banyare) and trapping fisheries (""soma"", ""sero""and ""bubu"") in the areas captured seagrass-associated fishes (Siganidae) that contribute a major livelihood source for the fishermen. The seagrass meadow overlaps with species habitats, for instance, dugongs and sea turtles. Out of 90 fishing grounds, 13 overlapped with seagrass beds, which also have dugong feeding trails. Most of the seagrass beds are open and free for all areas, except around LMMAs managed by villages, which likely create positive effects on seagrass meadows. © 2023 Elsevier B.V., All rights reserved.",,,,"Amrulloh, R.; Alyustina, E.T.; Lestari, M.A.; Tampubolon, E.; Muhtar, H.; Wimaya, G.I.; Atmaja, D.S.",Institute of Physics,17551307; 17551315,,,,English,Conference paper,Final,All Open Access; Gold Open Access,Scopus,2-s2.0-85169559543
"B., Semedi, B.; H., Hardoko, Hardoko; C.S.U., Dewi, C. Satrya Utama; N.D.S., Syam’s, Nova Dewi Safitri; N.F., Diza, Novia Fara; G.D.A.P., Bayuaji, Gerardus David Ady Purnama","Semedi, B. (57497598300); Hardoko, Hardoko (57194701871); Dewi, C. Satrya Utama (57211403632); Syam’s, Nova Dewi Safitri (58499728300); Diza, Novia Fara (58499918800); Bayuaji, Gerardus David Ady Purnama (58499346500)",57497598300; 57194701871; 57211403632; 58499728300; 58499918800; 58499346500,Seasonal Migration Zone of Skipjack Tuna (Katsuwonus pelamis) in the South Java Sea Using Multisensor Satellite Remote Sensing,2023,Journal of Marine Sciences,2023,,1073633,,,0,7,10.1155/2023/1073633,https://www.scopus.com/inward/record.uri?eid=2-s2.0-85165494118&doi=10.1155%2F2023%2F1073633&partnerID=40&md5=58f7620f4ac5155a9aefa7a0fc2d117d,"Brawijaya University, Malang, Indonesia; Brawijaya University, Malang, Indonesia","Semedi, B., Department of Fisheries and Marine Resources Utilization, Brawijaya University, Malang, Indonesia; Hardoko, Hardoko, Department of Fisheries and Marine Resources Management, Brawijaya University, Malang, Indonesia; Dewi, C. Satrya Utama, Department of Fisheries and Marine Resources Utilization, Brawijaya University, Malang, Indonesia; Syam’s, Nova Dewi Safitri, Department of Fisheries and Marine Resources Utilization, Brawijaya University, Malang, Indonesia; Diza, Novia Fara, Department of Fisheries and Marine Resources Utilization, Brawijaya University, Malang, Indonesia; Bayuaji, Gerardus David Ady Purnama, Department of Fisheries and Marine Resources Utilization, Brawijaya University, Malang, Indonesia","Skipjack tuna (Katsuwonus pelamis) is the most dominating tuna species caught in the Indian Ocean. However, tuna fishermen in the Indian Ocean still face difficulties determining potential skipjack tuna fishing grounds due to limited geographic information. An attempt to improve information regarding potential skipjack tuna fishing grounds is through modeling the SST, SSC, SSH, and SSS oceanographic parameters with skipjack tuna distribution using GIS. The characteristics of the skipjack tuna habitat can be found through the generalized additive model (GAM) statistical analysis using data of skipjack tuna catch and oceanographic parameters from satellite imagery. The integrated GIS and GAM methods can improve the study of the habitat of skipjack tuna species. Therefore, this research is aimed at analyzing the condition and SST, SSC, SSH, and SSS variations in 2016-2021 in the South Java Sea; at predicting the correlation of SST, SSC, SSH, and SSS towards skipjack tuna catch in 2016-2021 in the South Java Sea using GAM; and at creating a map of skipjack tuna seasonal migration zones. The data included skipjack tuna catches, number of trips, and skipjack tuna fishing coordinates in 2016-2021 from PPS Cilacap and PPP Pondokdadap. The oceanographic parameter data in 2016-2021 was derived from Aqua MODIS level 3 (SST and SSC) and CMEMS (SSH and SSS) satellite imagery. The results showed that the average values of oceanographic parameters at skipjack tuna fishing ground coordinates in the South Java Sea (2016-2021) were SST (26.050-30.816°C), SSC (0.094-0.564 mg/m3), SSH (0.268-0.639 m), and SSS (33.075-34.514 psu). The best GAM modeling was the combination of four oceanographic parameter variables with an AIC value of 45357.92. Skipjack tuna in the South Java Sea migrates southeast during the west monsoon season to the first transitional season and tends to migrate northwest during the east monsoon season to the second transitional season. © 2023 Elsevier B.V., All rights reserved.",,,,,Hindawi Limited,26334674; 26334666,,,,English,Article,Final,All Open Access; Hybrid Gold Open Access,Scopus,2-s2.0-85165494118
"B., Setyadji, Bram; H., Hartaty, Hety","Setyadji, Bram (57203871403); Hartaty, Hety (58046464400)",57203871403; 58046464400,"Relative abundance of yellowfin tuna Thunnus albacares (Bonnaterre, 1788) in the tropical area of the north-eastern Indian Ocean",2022,Indian Journal of Fisheries,69,4,,36,43,0,3,10.21077/ijf.2022.69.4.126260-04,https://www.scopus.com/inward/record.uri?eid=2-s2.0-85145892571&doi=10.21077%2Fijf.2022.69.4.126260-04&partnerID=40&md5=0bb83509758b8b81545fb8c30ab49cce,"Badan Riset dan Inovasi Nasional, Central Jakarta, Indonesia","Setyadji, Bram, Research Center for Fishery, Badan Riset dan Inovasi Nasional, Central Jakarta, Indonesia; Hartaty, Hety, Research Center for Fishery, Badan Riset dan Inovasi Nasional, Central Jakarta, Indonesia","The tropical area of the north-eastern Indian Ocean has historically been a prominent fishing ground for yellowfin tuna Thunnus albacares (Bonnaterre, 1788). However, low effort from either Japanese or Taiwanese fleet in the last two decades has driven some uncertainties in relative abundance estimates of yellowfin tuna, which affects the robustness of the current stock analysis for an already declined population. Hence this study was carried out to bridge the research gap by utilising the Indonesian scientific observer data from 2006-2021, which covers the north-eastern Indian Ocean. A delta-lognormal model was adopted to fit the data, with the catch per unit effort as the response variable and year, quarter, moon phase, latitude and longitude as known covariates. The optimal model was chosen using a backward method based on Akaike Information Criterion (AIC) (Akaike, 1974), Bayesian Information Criterion (BIC) (Schwarz, 1978) and the values of the coefficient of determination (R2). In general, the relative abundance of yellowfin tuna remained at a very low level, with an apparent declining trend in the first decade, followed by a slight sign of recovery in the past three years. However, the increasing trend was overshadowed by uncertainties, likely caused due to natural variation and low coverage in some years. Although the series was considered short, it managed to picture the dynamics of the abundance of yellowfin tuna in the tropical area of the north-eastern Indian Ocean, which is essential for conducting a more robust harvest strategy evaluation. © 2023 Elsevier B.V., All rights reserved.",Declining Stock; Fisheries-independent Data; Highly Migratory; Relative Abundance; Scientific Observer,,"The authors would like to express their gratitude to all scientific observers from the Research Institute for Tuna Fisheries (RITF) who helped collect data over the years. We would also like to thank the Commonwealth Scientific and Industrial Research Organisation (CSIRO), the Australian Centre for International Agricultural Research (ACIAR) and the Research Center for Capture Fisheries (RCCF) for their financial support of the collaboration project FIS/2002/074: Capacity Development to Monitor, Analyse and Report on Indonesian Tuna Fisheries. Many thanks to Dr. Humber Andrade, Dr. Rui Coelho and Dr. Sheng-ping Wang for providing invaluable assistance in the statistical analyses. All authors contributed equally in constructing the paper.",,Indian Council of Agricultural Research,09706011,,,,English,Article,Final,All Open Access; Gold Open Access,Scopus,2-s2.0-85145892571
"R., Rozirwan, Rozirwan; F., Fauziyah, F.; P.I., Wulandari, Puspa Indah; R.Y., Nugroho, Redho Yoga; F., Agutriani, Fitri; A., Agussalim, Andi; F., Supriyadi, Freddy; I., Iskandar, Iskhaq","Rozirwan, Rozirwan (57201667871); Fauziyah, F. (57203097208); Wulandari, Puspa Indah (59827545100); Nugroho, Redho Yoga (57224526901); Agutriani, Fitri (57475427400); Agussalim, Andi (58982893000); Supriyadi, Freddy (57381811700); Iskandar, Iskhaq (8637688700)",57201667871; 57203097208; 59827545100; 57224526901; 57475427400; 58982893000; 57381811700; 8637688700,"Assessment distribution of the phytoplankton community structure at the fishing ground, Banyuasin estuary, Indonesia",2022,Acta Ecologica Sinica,42,6,,670,678,0,18,10.1016/j.chnaes.2022.02.006,https://www.scopus.com/inward/record.uri?eid=2-s2.0-85125653630&doi=10.1016%2Fj.chnaes.2022.02.006&partnerID=40&md5=fdef1954b65aaedbf4a3acc167963df3,"Universitas Sriwijaya, Indralaya, Indonesia; Research Institute for Inland Fisheries & Extension, Palembang, Indonesia; Universitas Sriwijaya, Indralaya, Indonesia","Rozirwan, Rozirwan, Department of Marine Sciences, Universitas Sriwijaya, Indralaya, Indonesia; Fauziyah, F., Research Institute for Inland Fisheries & Extension, Palembang, Indonesia; Wulandari, Puspa Indah, Department of Marine Sciences, Universitas Sriwijaya, Indralaya, Indonesia; Nugroho, Redho Yoga, Department of Marine Sciences, Universitas Sriwijaya, Indralaya, Indonesia; Agutriani, Fitri, Department of Marine Sciences, Universitas Sriwijaya, Indralaya, Indonesia; Agussalim, Andi, Department of Marine Sciences, Universitas Sriwijaya, Indralaya, Indonesia; Supriyadi, Freddy, Research Institute for Inland Fisheries & Extension, Palembang, Indonesia; Iskandar, Iskhaq, Department of Physics, Universitas Sriwijaya, Indralaya, Indonesia","The research objective was to describe the distribution of phytoplankton community structure and corelated to the physic-chemical parameters at fishing ground, Banyuasin estuarine waters. The methodology of research was phytoplankton sampling; physicochemical waters parameters data collected such as; dissolved oxygen, pH, temperature, brightness, salinity, current speed, nitrate, and phosphate. Identifications and calculations phytoplankton are based on photography under a light microscope. Data were analyzed by calculated abundance, diversity (H' index) and dominance (C index), and Principal Component Analysis (PCA). There were 24 species of phytoplankton on the all-observation station grouped in three classes, Bacillariophyceae 91.3%, Dinophyceae 9%, and Cyanophyceae 0.1%. The abundance of phytoplankton species obtained in the range of 666.48 to 184,592.68 cells L-1, were mostly found in high Chaetoceros affinis and Bacteriastrum furcatum. The distribution of phytoplankton abundance in these waters was found to be more influenced by seawater mass than freshwater. Phytoplankton diversity is considered a moderate category (1.37 < H' < 2.57), and there were no species of phytoplankton that dominates (C < 0.5). Principal component analyzes showed that waters can be classified based on their physical-chemical characteristics, which were temperature, salinity, pH, transparency, current speed in the south coast around river estuaries, while DO and nutrients on the north coast of the waters. Based on the distribution of phytoplankton abundance is illustrated that the northern part is more potential for fishing area than the southern part with an abundance of phytoplankton >90,000 cells L-1 and more stable water dynamics. © 2022 Elsevier B.V., All rights reserved.",Bacillariophyceae; Diversity; Estuary; Fishing Ground; Phytoplankton,,"Funding text 1: This work was supported by the University of Sriwijaya through Penelitian Unggulan Kompetitif 2021 and 2020 (Numbers: 0010/UN9/SK.BUK.KP/2021 and 0687/UN9/SK.BUK.KP/2020). We thank to head and members of Marine Bioecology Laboratory, Department of Marine Sciences, Faculty of Mathematics and Natural Sciences, Sriwijaya University who was assisted to facilitate this research activity.; Funding text 2: This work was supported by the University of Sriwijaya through Penelitian Unggulan Kompetitif 2021 and 2020 (Numbers: 0010/UN9/SK.BUK.KP/2021 and 0687/UN9/SK.BUK.KP/2020 ). We thank to head and members of Marine Bioecology Laboratory, Department of Marine Sciences, Faculty of Mathematics and Natural Sciences, Sriwijaya University who was assisted to facilitate this research activity.",,Ecological Society of China,18722032,,,,English,Article,Final,,Scopus,2-s2.0-85125653630
"H., Puspito, Hadi; M., Helmi, Muhammad; B., Yulianto, Bambang; Y.A., Osman, Yassein A.; H., Nguyen, Hoang","Puspito, Hadi (57913390500); Helmi, Muhammad (57193740263); Yulianto, Bambang (57191832540); Osman, Yassein A. (57209521529); Nguyen, Hoang (59121508800)",57913390500; 57193740263; 57191832540; 57209521529; 59121508800,Identification of productive miter squid fishing grounds using a generalized additive model in Indonesian Fisheries Management Area 711,2022,Egyptian Journal of Aquatic Biology and Fisheries,26,5,,361,384,0,1,10.21608/ejabf.2022.262056,https://www.scopus.com/inward/record.uri?eid=2-s2.0-85139164005&doi=10.21608%2Fejabf.2022.262056&partnerID=40&md5=5c56b5c08439c62fad4ea7e72d14c8cf,"Universitas Diponegoro, Semarang, Indonesia; Universitas Diponegoro, Semarang, Indonesia; Universitas Diponegoro, Semarang, Indonesia; Universitas Diponegoro, Semarang, Indonesia; Marine Institute of Memorial University of Newfoundland, St John's, Canada; National Institute of Oceanography and Fisheries, Cairo, Egypt","Puspito, Hadi, Master Program of Environmental Science, Universitas Diponegoro, Semarang, Indonesia; Helmi, Muhammad, Department of Oceanography, Universitas Diponegoro, Semarang, Indonesia, Center for Coastal Disaster Mitigation and Rehabilitation Studies, Universitas Diponegoro, Semarang, Indonesia; Yulianto, Bambang, Department of Marine Sciences, Universitas Diponegoro, Semarang, Indonesia; Osman, Yassein A., National Institute of Oceanography and Fisheries, Cairo, Egypt; Nguyen, Hoang, Marine Institute of Memorial University of Newfoundland, St John's, Canada","This study aimed to evaluate the factors affecting the catch rate and predict the potential catch for the determination of productive fishing grounds for miter squid (Uroteuthis chinensis) in the Indonesian Fisheries Management Area 711 for 2020. A vessel monitoring system and landing data from 66 cast nets were used to investigate catch per unit effort. Depth, chlorophyll-a, and sea surface temperature from satellite imagery combined with the month and geographic location of fishing were evaluated for their effect on catch per unit effort using a general additive model. The best model output was employed to identify productive fishing grounds. The results revealed that the average monthly catch rate ranged from 89.43-337.47kg h-1, with the highest occurring in May. Three significant variables affected the catch rate: month, latitude, and sea surface temperature, with contributions of 42.6%, 33.6%, and 12.7%, respectively. The catch rate continued to rise from March to May and tended to increase at higher latitudes where sea surface temperatures ranged from 27.6-29.5°C or 31.5-32.2°C. Based on the monthly map of predicted potential catch, the most productive fishing grounds were located in the waters between the islands of Anambas, Natuna, and Tambelan. These findings can support marine spatial planning and squid resource management in IFMA 711. © 2022 Elsevier B.V., All rights reserved.",Cast Net; Catch Rate; Remote Sensing; Squid; Vessel Monitoring System,,,,Egyptian Society for the Development of Fisheries and Human Health,25369814; 11106131,,,,English,Article,Final,All Open Access; Gold Open Access,Scopus,2-s2.0-85139164005
"D.K., Saputra, Dhira Khurniawan; B., Semedi, B.; A., Yamindago, Ade; C.S.U., Dewi, C. Satrya Utama; M.A., Asadi, Muhammad Arif; A., Isdianto, Andik; D., Aliviyanti, Dian; R.D., Kasitowati, Rarasrum Dyah; A., Darmawan, Arief; A., Setyanto, Arief","Saputra, Dhira Khurniawan (57196435787); Semedi, B. (57497598300); Yamindago, Ade (57200210784); Dewi, C. Satrya Utama (57211403632); Asadi, Muhammad Arif (57195413325); Isdianto, Andik (57200042372); Aliviyanti, Dian (57222338476); Kasitowati, Rarasrum Dyah (57201780174); Darmawan, Arief (57209020851); Setyanto, Arief (57215951670)",57196435787; 57497598300; 57200210784; 57211403632; 57195413325; 57200042372; 57222338476; 57201780174; 57209020851; 57215951670,"Characteristics of Mangrove Fisheries in Essential Ecosystem Area Ujungpangkah, Indonesia",2022,Journal of Environmental Management and Tourism,13,3,,812,820,0,2,10.14505/jemt.v13.3(59).20,https://www.scopus.com/inward/record.uri?eid=2-s2.0-85131305690&doi=10.14505%2Fjemt.v13.3%2859%29.20&partnerID=40&md5=be5e5f9f6018e26b302716e67a02f109,"Brawijaya University, Malang, Indonesia; Brawijaya University, Malang, Indonesia","Saputra, Dhira Khurniawan, Brawijaya University, Malang, Indonesia; Semedi, B., Brawijaya University, Malang, Indonesia; Yamindago, Ade, Brawijaya University, Malang, Indonesia; Dewi, C. Satrya Utama, Brawijaya University, Malang, Indonesia; Asadi, Muhammad Arif, Brawijaya University, Malang, Indonesia; Isdianto, Andik, Brawijaya University, Malang, Indonesia; Aliviyanti, Dian, Brawijaya University, Malang, Indonesia; Kasitowati, Rarasrum Dyah, Brawijaya University, Malang, Indonesia; Darmawan, Arief, Brawijaya University, Malang, Indonesia; Setyanto, Arief, Brawijaya University, Malang, Indonesia","Ujungpangkah represents a deltaic region with one of the largest mangrove areas in East Java. This 1,554 Ha of high productivity mangrove area were designated as Essential Ecosystem Area (EEA) in 2020. However, linkage between mangrove conditions and fisheries activities within region have not been well documented. This study combines satellite remote sensing to analyze the temporal extent and distribution of mangrove vegetations, and field observation to identify local mangrove-fisheries characteristic. Area of study consists of mangrove and local fishing groups in Pangkahkulon and Pangkahwetan coastal villages. Both MVI and NDVI algorithms were performed on Landsat 8 and Sentinel-2 satellite imageries, using machine learning Google Earth Engine, to provide spatio-temporal change in mangrove extent during last decade (2011-2021). Field activities carried out in 8 sampling stations to analyze existing mangrove condition using Mangrove Health Index (MHI) tool, while semi-structured interview was conducted with representatives from 14 groups of fishermen from two coastal villages within EEA Ujungpangkah. Data obtained from this study include fish species, fishing gear, fishing ground locations, fisheries productivity, and fishery activities related to the mangrove in EEA Ujungpangkah. Correlation between mangrove conditions and fishery productivity in Ujungpangkah is expected to provide information about the local-based function of the mangrove ecosystem. This information may support stakeholders, particularly area managers, to implement sustainable management based on mangrove ecosystems in accordance with the SDGs-SDG2, SDG 13, and SDG 14. © 2022 Elsevier B.V., All rights reserved.",Coastal Resilience; Mangrove Conservation; Mangrove Health Index; Sustainable Management,,This research is supported by Institute of Research and Community Services Brawijaya University (Grant of CoE/ResearchGroupNo.1204.17/UN10.C10/PN/2021),,ASERS Publishing House,20687729,,,,English,Article,Final,All Open Access; Hybrid Gold Open Access,Scopus,2-s2.0-85131305690
"I.L., Labaro, Ivor L.; H., Sambali, Hariyani; R.D.C., Pamikiran, Revols D.Ch; S.B., Pratasik, Silvester Benny","Labaro, Ivor L. (57210594890); Sambali, Hariyani (6504530787); Pamikiran, Revols D.Ch (57222117928); Pratasik, Silvester Benny (6504801082)",57210594890; 6504530787; 57222117928; 6504801082,"Red snapper Etelis sp. feeding behavior in Sario waters, Manado city, North Sulawesi, Indonesia",2022,AACL Bioflux,15,1,,446,453,0,1,,https://www.scopus.com/inward/record.uri?eid=2-s2.0-85127334684&partnerID=40&md5=6f819cbc0923555d0bad99ac1d778981,"Universitas Sam Ratulangi, Manado, Indonesia; Universitas Sam Ratulangi, Manado, Indonesia; Universitas Sam Ratulangi, Manado, Indonesia","Labaro, Ivor L., Study Program of Fisheries Resources Utilization, Universitas Sam Ratulangi, Manado, Indonesia; Sambali, Hariyani, Aquaculture Study Program, Universitas Sam Ratulangi, Manado, Indonesia; Pamikiran, Revols D.Ch, Study Program of Fisheries Resources Utilization, Universitas Sam Ratulangi, Manado, Indonesia; Pratasik, Silvester Benny, Study Program of Aquatic Resources Management, Universitas Sam Ratulangi, Manado, Indonesia","This study is aimed at providing the legal size, fishing techni que, and fishing season in rel ation with feedi ng peri od, bait type, and correct fishing grounds for red snapper Etelis sp.. The study utilized explorative method through direct observations and interviews. During the study, 1,650 individuals of red snappers were caught, 879 individuals in morning operation and 771 i n afternoon operation. On monthly basis, there were 270 fish caught in July, 215 fish in November, 165 fish in February and the rest was distributed in other months. The best bait for red snapper fishing was squid and caught 806 fish. Red snappers Etelis sp. were caught mostly at 04:30-05:00 in the morni ng and 17:01-17:30 i n the afternoon. The fish catches consisted of size range of < 1 kg (166 i nd), 1.1-2.0 kg (661 ind), 2.1-3.0 kg (598 ind), and > 3 kg (225 i nd). Five fishi ng ground positions were detected with the highest catches in area 2 (492 ind) and area 4 (358 i nd). © 2022 Elsevier B.V., All rights reserved.",Bait; Catch; Feedi Ng Periodicity; Fishi Ng Ground,,,,BIOFLUX SRL,18449166; 18448143,,,,English,Article,Final,,Scopus,2-s2.0-85127334684
"F., Fauziyah, F.; A., Setiawan, Agung; F., Agustriani, Fitri; R., Rozirwan, Rozirwan; M., Melki, Melki; E.N., Ningsih, E. N.; T.Z., Ulqodry, Tengku Zia","Fauziyah, F. (57203097208); Setiawan, Agung (58583856900); Agustriani, Fitri (57203920407); Rozirwan, Rozirwan (57201667871); Melki, Melki (57205462242); Ningsih, E. N. (57384962900); Ulqodry, Tengku Zia (55553975000)",57203097208; 58583856900; 57203920407; 57201667871; 57205462242; 57384962900; 55553975000,Distribution pattern of potential fishing zones in the Bangka Strait waters: An application of the remote sensing technique,2022,Egyptian Journal of Remote Sensing and Space Science,25,1,,257,265,0,11,10.1016/j.ejrs.2021.12.003,https://www.scopus.com/inward/record.uri?eid=2-s2.0-85121707117&doi=10.1016%2Fj.ejrs.2021.12.003&partnerID=40&md5=eea1c2c9b4844b4fa8dbe6bfe167858e,"Universitas Sriwijaya, Indralaya, Indonesia","Fauziyah, F., Department of Marine Sciences, Universitas Sriwijaya, Indralaya, Indonesia; Setiawan, Agung, Department of Marine Sciences, Universitas Sriwijaya, Indralaya, Indonesia; Agustriani, Fitri, Department of Marine Sciences, Universitas Sriwijaya, Indralaya, Indonesia; Rozirwan, Rozirwan, Department of Marine Sciences, Universitas Sriwijaya, Indralaya, Indonesia; Melki, Melki, Department of Marine Sciences, Universitas Sriwijaya, Indralaya, Indonesia; Ningsih, E. N., Department of Marine Sciences, Universitas Sriwijaya, Indralaya, Indonesia; Ulqodry, Tengku Zia, Department of Marine Sciences, Universitas Sriwijaya, Indralaya, Indonesia","Information regarding fishing grounds was needed to assist fishermen in their fishing activities. Information about the sea surface chlorophyll-a concentration (SSCC) and sea surface temperature (SST) could be used as a reference to identify potential fishing zones (PFZ). The purpose of this study was to identify SST and SSCC data using MODIS (Moderate Resolution Imaging Spectroradiometer) satellite imagery for determining the PFZ and analyzing their distribution pattern seasonally. The determination of the PFZ point was carried out by overlaying the SSCC and SST data based on the results of image data processing. The results showed that the distribution pattern of PFZ points in the Bangka Strait waters was predominantly found in the Banyuasin waters. The distribution pattern of PFZ points in the dry season (June-August) and transition season II (September-November) had the same pattern and tended to dominate the coastal areas of the waters. The distribution patterns in the wet season (December-February) and transition season I (March-May) spread throughout the Bangka Strait waters. The most PFZ points were found in transition season I (636 PFZ points), while the minor PFZ points were found in transition season II (219 PFZ points). Integrating the remote sensing and GIS technique with statistical validation tests were useful and became a simple method for identifying the PFZ distribution. However, validating the PFZ distributions using the catch data was required. © 2022 Elsevier B.V., All rights reserved.",Chlorophyll-a; Gis; Modis; Sea Surface Temperature; Seasonal Variability; Atmospheric Temperature; Chlorophyll; Data Handling; Fisheries; Geographic Information Systems; Radiometers; Remote Sensing; Satellite Imagery; Submarine Geophysics; Surface Properties; Surface Waters; Chlorophyll A; Chlorophyll-a Concentration; Distribution Patterns; Fishing Activities; Fishing Ground; Moderate-resolution Imaging Spectroradiometers; Remote Sensing Techniques; Sea Surfaces; Seasonal Variability; Surface Chlorophyll; Oceanography; Chlorophyll; Fishing; Fishing Industry; Gis; Satellite Imagery; Sea Surface Temperature; Spatial Distribution; Bangka; Bangka-belitung Islands; Greater Sunda Islands; Indonesia; Sumatra; Sunda Isles,Atmospheric temperature; Chlorophyll; Data handling; Fisheries; Geographic information systems; Radiometers; Remote sensing; Satellite imagery; Submarine geophysics; Surface properties; Surface waters; Chlorophyll a; Chlorophyll-a concentration; Distribution patterns; Fishing activities; Fishing ground; Moderate-resolution imaging spectroradiometers; Remote sensing techniques; Sea surfaces; Seasonal variability; Surface chlorophyll; Oceanography; chlorophyll; fishing; fishing industry; GIS; satellite imagery; sea surface temperature; spatial distribution; Bangka; Bangka-Belitung Islands; Greater Sunda Islands; Indonesia; Sumatra; Sunda Isles,"This work was funded by a grant from the Sriwijaya University (Grant Number: SP.DIPA-023/17.2.677515, 2020 and SP.DIPA-023/17.2.677515, 2021) and Ministry of Research, Technology, and Higher Education of the Republic of Indonesia (Grant Number: 211/SP2H/LT/DRPM/IV/2019 and 0164.02/UN9/SB3.LP2M.PT/2021). The authors would like to thank Ardani and Nabila Aprianti for their help. The authors wish to thank the anonymous reviewers who significantly improved this paper. And express special appreciation to the Banyuasin Team 2020, Marine Science Department, and Exploration of Marine Resources and Acoustic (ESAK) Laboratory Sriwijaya University for supporting our research.",,Elsevier B.V.,11109823; 20902476,,,,English,Article,Final,All Open Access; Gold Open Access,Scopus,2-s2.0-85121707117
"n., Muhammad; A.W., Priana, Agus Widi; J.M., Affan, Junaidi M.; H.A., Haridhi, Haekal A.; I., Irwan, I.; S.M., Yuni, Syarifah Meurah; I., Setiawan, Ichsan","Muhammad, M. (57205322696); Priana, Agus Widi (58074268600); Affan, Junaidi M. (57205319845); Haridhi, Haekal A. (56142291600); Irwan, I. (57222338949); Yuni, Syarifah Meurah (57195931173); Setiawan, Ichsan (57226733622)",57205322696; 58074268600; 57205319845; 56142291600; 57222338949; 57195931173; 57226733622,"Mapping potential fishing zones based on sea surface temperature and Chlorophyll-A in the Waters of Aceh Besar, Indonesia",2022,E3S Web of Conferences,339,,02002,,,0,4,10.1051/e3sconf/202233902002,https://www.scopus.com/inward/record.uri?eid=2-s2.0-85146704232&doi=10.1051%2Fe3sconf%2F202233902002&partnerID=40&md5=bbb15d670da2c076acfd2a527407ff97,"Universitas Syiah Kuala, Banda Aceh, Indonesia; Universitas Syiah Kuala, Banda Aceh, Indonesia; Universitas Syiah Kuala, Banda Aceh, Indonesia; Universitas Syiah Kuala, Banda Aceh, Indonesia","Muhammad, null, Department of Marine Sciences, Universitas Syiah Kuala, Banda Aceh, Indonesia, Universitas Syiah Kuala, Banda Aceh, Indonesia; Priana, Agus Widi, Department of Marine Sciences, Universitas Syiah Kuala, Banda Aceh, Indonesia, Ocean Diving Club, Universitas Syiah Kuala, Banda Aceh, Indonesia; Affan, Junaidi M., Department of Marine Sciences, Universitas Syiah Kuala, Banda Aceh, Indonesia, Universitas Syiah Kuala, Banda Aceh, Indonesia; Haridhi, Haekal A., Department of Marine Sciences, Universitas Syiah Kuala, Banda Aceh, Indonesia, Universitas Syiah Kuala, Banda Aceh, Indonesia; Irwan, I., Department of Marine Sciences, Universitas Syiah Kuala, Banda Aceh, Indonesia, Universitas Syiah Kuala, Banda Aceh, Indonesia; Yuni, Syarifah Meurah, Department of Mathematics, Universitas Syiah Kuala, Banda Aceh, Indonesia; Setiawan, Ichsan, Department of Marine Sciences, Universitas Syiah Kuala, Banda Aceh, Indonesia, Universitas Syiah Kuala, Banda Aceh, Indonesia","Utilization of potential fishery and marine resources is still not maximally used by fishermen. Sea surface temperatures and the spread of chlorophyll-a through remote sensing systems can be used as potential fishing zones. This study aims to determine potential fishing zones using geographic information systems through the distribution of sea surface temperatures and the value of chlorophyll-a concentrations in Aceh Besar waters which is expected to improve the sustainability of fishing efforts. This research was conducted in January-December 2019 using geographic information system by extracting from Aqua-MODIS satellite image with resolution of 4 km and sea surface temperature overlay method with chlorophyll-a concentration. The results found the highest sea surface temperature value was in April at 31.62°C and the lowest temperature was in December at 28.45°C. The highest average chlorophyll-a concentration in Aceh Besar waters was 1.53 mg/m3 in December and the lowest concentration of chlorophyll-a in June and September was 0.20 mg/m3. Suspected potential fishing zones during January to December 2019 were found as many as 62 potential fishing zones, namely in the Western, Northwest and Eastern waters of Aceh Besar. The most zones are in December as many as eight zones, namely in the Western, Northwest and East parts of Aceh Besar waters and the least found in July as many as one zone that is in the Western part of Aceh Besar waters. When compared to fishing operations areas, the potential fishing zone is in the western part of Aceh Besar waters. © 2023 Elsevier B.V., All rights reserved.",,,,"Muhammadar; Muhammad; Zulkarnain; Md Nor, Z.; Yen, D.H.; Badu, M.N.; Irham, M.; Fadli, N.; Syafruddin; Haridhi, H.A.",EDP Sciences,25550403; 22671242,9782759890163; 9782759890552; 9782759890644,,,English,Conference paper,Final,All Open Access; Gold Open Access,Scopus,2-s2.0-85146704232
"A., Nur Bambang, Azis; D., Ayuningrum, Diah; J., Oktaviani, Jessika","Nur Bambang, Azis (56271987800); Ayuningrum, Diah (57193737032); Oktaviani, Jessika (58819764800)",56271987800; 57193737032; 58819764800,"MAXIMUM TOLERABLE INTAKE OF MANGROVE OYSTER (Crassostrea rhizophorae) FROM THE TAPAK RIVER, SEMARANG CITY, INDONESIA, WHICH CONTAINS Cd AND Pb METALS; Asupan Maksimum Tiram Bakau (Crassostrea rhizophorae) yang Dapat Ditoleransi dari Sungai Tapak, Kota Semarang, Indonesia, yang Mengandung Logam Cd dan Pb",2022,Jurnal Pengolahan Hasil Perikanan Indonesia,25,3,,418,427,0,2,10.17844/jphpi.v25i3.39813,https://www.scopus.com/inward/record.uri?eid=2-s2.0-85182654807&doi=10.17844%2Fjphpi.v25i3.39813&partnerID=40&md5=e039e1ebcabcedfea65ab8761523f061,"Universitas Diponegoro, Semarang, Indonesia","Nur Bambang, Azis, Department of Aquatic Resources Management, Universitas Diponegoro, Semarang, Indonesia; Ayuningrum, Diah, Department of Aquatic Resources Management, Universitas Diponegoro, Semarang, Indonesia; Oktaviani, Jessika, Department of Aquatic Resources Management, Universitas Diponegoro, Semarang, Indonesia","Mangrove oysters are a type of oyster typical for human consumption in Semarang City. The Tapak River in Semarang is a popular fishing ground for mangrove oysters, but it is also contaminated with cadmium (Cd) and lead (Pb) metals. This research was determined to analyze the concentration of Cd and Pb metals in mangrove oyster meat from the Tapak River and determine the maximum tolerable intake for humans. Oysters were collected from 3 stations with 3 replicates per station. Metal concentrations in mangrove oyster meat were analyzed with a wet digestion method followed by atomic absorption spectrophotometry. Most of the meat samples contained Cd exceeding standard concentrations for shellfish and all meat samples contained Pb exceeding the standard concentrations for shellfish. The maximum tolerable intake of Cd and Pb for human adults is 0.954±0.431 mg week-1 and 0.164±0.014 mg week-1 respectively. © 2024 Elsevier B.V., All rights reserved.",Cadmium; Lead; Mangrove Oyster; Mti; Tapak River,,,,IPB University Department of Aquatic Product Technology,23032111; 2354886X,,,,English,Article,Final,All Open Access; Gold Open Access,Scopus,2-s2.0-85182654807
"A., Fadhilah, A.; D., Kurniawan, D.; Z.A., Harahap, Zulham Apandy; R., Leidonald, R.","Fadhilah, A. (57201187292); Kurniawan, D. (58042242900); Harahap, Zulham Apandy (57201348236); Leidonald, R. (57201183705)",57201187292; 58042242900; 57201348236; 57201183705,Determination of potential fishing ground of mackerel fish ( Rastrelliger kanagurta) using satellite imagery in the Malacca Strait,2022,IOP Conference Series: Earth and Environmental Science,1115,1,012086,,,0,0,10.1088/1755-1315/1115/1/012086,https://www.scopus.com/inward/record.uri?eid=2-s2.0-85145573954&doi=10.1088%2F1755-1315%2F1115%2F1%2F012086&partnerID=40&md5=a2fce2064e666ebd866238f2c35517a6,"Universitas Sumatera Utara, Medan, Indonesia","Fadhilah, A., Department of Aquatic Resources Management, Universitas Sumatera Utara, Medan, Indonesia; Kurniawan, D., Department of Aquatic Resources Management, Universitas Sumatera Utara, Medan, Indonesia; Harahap, Zulham Apandy, Department of Aquatic Resources Management, Universitas Sumatera Utara, Medan, Indonesia; Leidonald, R., Department of Aquatic Resources Management, Universitas Sumatera Utara, Medan, Indonesia","Mackerel fish (Rastrelliger kanagurta) is a fishery commodity in high demand by the community which is caught in the Malacca Strait. The number of mackerel catches tends to fluctuate every month because it is influenced by different mackerel fishing grounds. Determination of fishing ground tends to use traditional methods such as seeing ripples and a flock of birds flying above the water surface. This study aims to determine the effect of sea surface temperature and chlorophyll-a concentration on mackerel catches and determine the value of primary productivity of the VGPM model every month and also to determine the potential fishing ground to catch mackerel fish based on the sea surface temperature (SST) and chlorophyll-a concentration and Aqua MODIS satellite image data (SST and Chlorophyll-a) were downloaded from oceancolour.gfc.nasa.gov while the catch data were obtained from the Belawan Ocean Fishery Port, the data was taken from 2016 to 2020. The influence of SST and Chlorophyll-a concentration was analyzed and visualized on a map. It was found that every month the potential fishing ground for catching mackerel fish has a different location due to the influence of sea surface temperature and fluctuating chlorophyll-a caused by seasonal changes that occur in Indonesia, where the average SST ranged from 30.01 to 31.34°C and the concentration of chlorophyll-a ranged from 1.48 - 2.28 mg/m3 from 2016 - 2020 with a high net primary productivity ranged from 802.12 - 1.341.59 mgC/m2/day from 2016 to 2020. The potential area for catching mackerel (Rastrelliger kanagurta) caught using purse seines in the Malacca Strait is in the coordinates range of 980 10""51.6""- 1000 19""4.8""(longitude) and 30 28""48""- 4 0 56""34.8""(latitude) and perpendicular horizontally to the Langkat Regency to Asahan Regency shoreline with a distance under 12 miles to 50 miles. Information on potential areas for catching mackerel can help fishermen in fishing activities so that they are more efficient and catch maximum results. © 2023 Elsevier B.V., All rights reserved.",,,,,Institute of Physics,17551307; 17551315,,,,English,Conference paper,Final,All Open Access; Gold Open Access,Scopus,2-s2.0-85145573954
"S.K.J., Wicaksana, Sigit Kurniawan Jati; I., Sofiati, Iis","Wicaksana, Sigit Kurniawan Jati (57940239300); Sofiati, Iis (57202967082)",57940239300; 57202967082,Comparative Analysis of Upwelling Characteristics in Northeast and Southwest of Indonesian Seas Area,2022,Springer Proceedings in Physics,275,,,593,603,0,0,10.1007/978-981-19-0308-3_47,https://www.scopus.com/inward/record.uri?eid=2-s2.0-85140452045&doi=10.1007%2F978-981-19-0308-3_47&partnerID=40&md5=c6ac2a743472c54eeeffdc55ed17aa68,"Badan Riset dan Inovasi Nasional, Central Jakarta, Indonesia","Wicaksana, Sigit Kurniawan Jati, Research Center for Climate and Atmosphere, Badan Riset dan Inovasi Nasional, Central Jakarta, Indonesia; Sofiati, Iis, Research Center for Climate and Atmosphere, Badan Riset dan Inovasi Nasional, Central Jakarta, Indonesia","Information of the characteristics of upwelling in the Indonesian sea has a very important role to estimate the potential fishing areas. The purpose of this study is to identify upwelling based on the Ekman pumping value that occurs in northeastern and southwestern Indonesia. The data used in this study are surface wind, sea surface temperature, chlorophyll-a and geostrophic current. Where the last three data are used as supporting analysis data for the calculation results of Ekman pumping. The method used in this study is to calculate Ekman pumping based on surface wind data for a period of 25 years (1995–2019). From the results, it can be seen that the Sea Surface Temperature (SST) at the time of the December January February (DJF) in the southern sea of Java is warmer than its surroundings around 30 °C, and vice versa during the June July August (JJA) about 27 °C. Chlorophyll-a (0.9 mg/m3), geostrophic currents (1.1 m/s), and Ekman pumping (4.8 × 10–5 m/s) have a fairly high intensity in the northern region of Java during DJF, while during JJA it occurs in southern Java. From the temporal analysis, it can be seen that the minimum intensity of chlorophyll a, geostrophic currents and Ekman pumping occurs during DJF and maximum occurs during JJA and vice versa for SST. This study supports previous studies, where the maximum Ekman pumping was followed by the minimum SST that occurred in both observation areas. However, chlorophyll-a and geostrophic currents in the southwest of Indonesia follow seasonal characteristics but not for the northeastern region. © 2022 Elsevier B.V., All rights reserved.",Chlorophyll-a; Ekman Pumping; Geostrophic Current; Upwelling; Atmospheric Temperature; Chlorophyll; Ocean Currents; Submarine Geophysics; Surface Waters; Chlorophyll A; Comparative Analyzes; Ekman Pumping; Geostrophic Currents; Indonesia; Sea Areas; Sea Surfaces; Surface Temperatures; Surface Winds; Upwelling; Surface Temperature,Atmospheric temperature; Chlorophyll; Ocean currents; Submarine geophysics; Surface waters; Chlorophyll a; Comparative analyzes; Ekman pumping; Geostrophic currents; Indonesia; Sea areas; Sea surfaces; Surface temperatures; Surface winds; Upwelling; Surface temperature,,"Yulihastin, E.; Abadi, P.; Sitompul, P.; Harjupa, W.",Springer Science and Business Media Deutschland GmbH,09308989; 18674941,9783031948046; 9789811654060; 9789811562914; 9783319466002; 9783662573655; 9783319243207; 9789811313127; 9789819735297; 9783642022241; 9783319976037,,,English,Conference paper,Final,,Scopus,2-s2.0-85140452045
"D., Jatisworo, D.; B., Sukresno, Bambang; D., Wijaya Kusuma, Denny; E., Susilo, Eko","Jatisworo, D. (57200091289); Sukresno, Bambang (56537082800); Wijaya Kusuma, Denny (56237247600); Susilo, Eko (59936313000)",57200091289; 56537082800; 56237247600; 59936313000,Bali Strait‘s Potential Fishing Zone of Sardinella lemuru,2022,Indonesian Journal of Geography,54,2,,254,262,0,3,10.22146/ijg.66380,https://www.scopus.com/inward/record.uri?eid=2-s2.0-85138912722&doi=10.22146%2Fijg.66380&partnerID=40&md5=cd5a20d2b16f1e4f1b8d8c8730ff2959,"Kementerian Kelautan dan Perikanan, Central Jakarta, Indonesia","Jatisworo, D., Kementerian Kelautan dan Perikanan, Central Jakarta, Indonesia; Sukresno, Bambang, Kementerian Kelautan dan Perikanan, Central Jakarta, Indonesia; Wijaya Kusuma, Denny, Kementerian Kelautan dan Perikanan, Central Jakarta, Indonesia; Susilo, Eko, Kementerian Kelautan dan Perikanan, Central Jakarta, Indonesia","Catch fluctuation of Sardinella lemuru in the Bali Strait in the period 2007 - 2019 shows a significant decrease. The fishermen of this area demanded information on the Potential Fishing Zone (PFZ) specifically targeted for Sardinella lemuru beyond their traditional. PFZ will be very helpful, especially during the famine years. Identification of a Potential Fishing Zone (PFZ) is highly important for increased fishing yields and also reduced fishing time for fishermen. Bali strait is dominated by Sardinella lemuru and contributes 16,2% of the total small pelagic fishery production in Fisheries Management Area (FMA) 573. Bali Strait also supports the fishing industry in Muncar (Banyuwangi-East Java) and Pengambengan (Jembrana-Bali). This study will produce a special PFZ for Sardinella lemuru that is not yet available in Indonesia by using remotely sensed and observer data. Here, we apply the Empirical Cumulative Distribution Function (ECDF) algorithm approach for Sardinella lemuru detection. ECDF was developed using Sea Surface Temperature (SST) and Chlorophyll-a (Chl-a) data from Aqua MODIS and extracted according to observer data during 2011-2014. PFZ for Sardinella lemuru in Bali strait was affected by 72,8 % Chl-a conditions and 27,2% by SST conditions. The maximum suitable preference for Sardinella lemuru in Bali Strait is Chl-a condition at 0,2 mg/m3 and SST condition at 28,38°C in northwest monsoon, while in southeast monsoon are 0,97 mg/m3 for Chl-a and 25,61°C for SST. ECDF model result has 69,33% accuracy, which shows the result of Sardinella lemuru PFZ has good accuracy. © 2022 Elsevier B.V., All rights reserved.",Building Tax; Land; Participatory Mapping; Spatial Ability; Spatial Data Quality,,We acknowledge NASA Goddard Space Flight Center for providing MODIS Aqua satellite data.,,Gadjah Mada University,00249521,,,,English,Article,Final,All Open Access; Gold Open Access; Green Accepted Open Access; Green Open Access,Scopus,2-s2.0-85138912722
"F., Baihaqi, F.; C.P., Simanjuntak, Charles P.H.; n., Sulistiono; T., Prabowo, Tri; S.B., Annida, S. B.; A., Ervinia, Ayu; M.S., Budiman, Muhammad Syarif","Baihaqi, F. (57215422048); Simanjuntak, Charles P.H. (56426082600); Sulistiono (8402511700); Prabowo, Tri (57759508900); Annida, S. B. (57759509000); Ervinia, Ayu (57201092617); Budiman, Muhammad Syarif (57759954600)",57215422048; 56426082600; 8402511700; 57759508900; 57759509000; 57201092617; 57759954600,"Distribution, abundance, and species composition of fish larvae and juveniles of Gobiidae in the Cimaja estuary, Palabuhanratu, Indonesia",2022,IOP Conference Series: Earth and Environmental Science,1033,1,012004,,,0,5,10.1088/1755-1315/1033/1/012004,https://www.scopus.com/inward/record.uri?eid=2-s2.0-85132585105&doi=10.1088%2F1755-1315%2F1033%2F1%2F012004&partnerID=40&md5=880d818e816b1d3c9efe871215989365,"IPB University, Bogor, Indonesia; IPB University, Bogor, Indonesia; IPB University, Bogor, Indonesia; IPB Fisheries and Marine Observation Station (IFMOS) Palabuhan Ratu, Indonesia","Baihaqi, F., Department of Aquatic Resources Management, IPB University, Bogor, Indonesia; Simanjuntak, Charles P.H., Department of Aquatic Resources Management, IPB University, Bogor, Indonesia, Department of Aquatic Resources Management, IPB University, Bogor, Indonesia; Sulistiono, null, Department of Aquatic Resources Management, IPB University, Bogor, Indonesia, Department of Aquatic Resources Management, IPB University, Bogor, Indonesia; Prabowo, Tri, Department of Aquatic Resources Management, IPB University, Bogor, Indonesia; Annida, S. B., Graduate School, IPB University, Bogor, Indonesia; Ervinia, Ayu, Department of Aquatic Resources Management, IPB University, Bogor, Indonesia; Budiman, Muhammad Syarif, IPB Fisheries and Marine Observation Station (IFMOS) Palabuhan Ratu, Indonesia","Cimaja estuary has been well known as a fishing ground for fish larvae and juveniles of amphidromous fishes. The local people call this group of fish impun and collect them frequently for consumption. However, no information about fish diversity and recruitment of amphidromous goby in the Cimaja estuary is known. Therefore, this study aims to reveal species composition, recruitment pattern, and estimation of the abundance of fish larval and juvenile amphidromous goby in the Cimaja estuary day and night. Sampling was performed monthly during the new moon period from December 2020 to February 2021. Fish specimens were identified to the lowest taxon level through a morphological approach. A total of 23,331 larvae and juveniles of Gobiidae were collected, and most of them were Sicyopterus spp. The juvenile stage (11.9-21.8 mm BL) comprised 95.6% of the catches, postflexion larvae (6.9-11.8 mm BL) contributed 3.5% to the total yield and 0.9% of the total capture consisting of flexion larvae (3.9-6.8 mm BL). Gobiid fishes are preferred to recruit and migrate into the Cimaja river during the day than at night time (p < 0.05), and their movement to the upstream are synchronized with the tidal cycle. © 2022 Elsevier B.V., All rights reserved.",,,"This research was funded by ""The 2021 IPB Young Lecturer Grant"" from LPPM IPB University for Charles PH Simanjuntak Ph.D. with Contract Number 5505/IT3.L1/PT.01.03/M/T/2021.","Subhan, B.",Institute of Physics,17551307; 17551315,,,,English,Conference paper,Final,All Open Access; Gold Open Access,Scopus,2-s2.0-85132585105
"B., Wiryawan, Budy; D.J., Tarigan, Daniel Julianto; D., Simbolon, Domu; G.R., Lilley, G. R.; P.I., Wahyuningrum, Prihatin Ika","Wiryawan, Budy (55845748300); Tarigan, Daniel Julianto (57216968984); Simbolon, Domu (57195333551); Lilley, G. R. (57215427991); Wahyuningrum, Prihatin Ika (57024059200)",55845748300; 57216968984; 57195333551; 57215427991; 57024059200,"Octopus fishing ground utilization in central sulawesi, indonesia: An approach using spawning potential ratio",2022,IOP Conference Series: Earth and Environmental Science,1033,1,012023,,,0,4,10.1088/1755-1315/1033/1/012023,https://www.scopus.com/inward/record.uri?eid=2-s2.0-85132548351&doi=10.1088%2F1755-1315%2F1033%2F1%2F012023&partnerID=40&md5=6c705706f27f2775bce55a77a02bc7f8,"IPB University, Bogor, Indonesia; Universitas Pendidikan Indonesia, Bandung, Indonesia; Indonesian Nature Foundation - LINI, Denpasar, Indonesia","Wiryawan, Budy, Department of Fisheries Resources Utilization, IPB University, Bogor, Indonesia; Tarigan, Daniel Julianto, Marine and Fisheries Education, Universitas Pendidikan Indonesia, Bandung, Indonesia; Simbolon, Domu, Department of Fisheries Resources Utilization, IPB University, Bogor, Indonesia; Lilley, G. R., Indonesian Nature Foundation - LINI, Denpasar, Indonesia; Wahyuningrum, Prihatin Ika, Department of Fisheries Resources Utilization, IPB University, Bogor, Indonesia","Banggai Laut Regency is one of the largest octopus producers in Central Sulawesi Province. The potential of octopus resources in these waters is estimated at 10,652 ton/year. This potency has a close correlation with production. However, there has been a decrease in octopus production, indicating that the utilization rate in these areas has already overexploited. This study aims to determine the status or current utilization level of the octopus fishing ground. The status of octopus fishing ground in Banggai Laut waters was analyzed using Length Based-Spawning Potential Ratio measured by mantle length of captured octopus. The result of Spawning Potential Ratio analysis showed that its value was 15%, which is below the biological reference point (<20%). This value indicates that the utilization rate of octopus fishing ground in Banggai Laut Regency area has already overexploited. The countermeasures which can be used for the restoration and improvement of octopus stocks are necessary for the sustainability of octopus fishery in the future. © 2022 Elsevier B.V., All rights reserved.",Banggai Laut Regency; Length-based Spawning Potential Ratio; Octopus; Utilization Rate,,We thank to LINI Foundation that supported this research and their field staff for their time to help us as field guide and facilitator during data collection. This research was funded by Department of Fisheries Resources Utilization of Bogor Agricultural University.,"Subhan, B.",Institute of Physics,17551307; 17551315,,,,English,Conference paper,Final,All Open Access; Gold Open Access,Scopus,2-s2.0-85132548351
"H., Latuconsina, Husain; M.M., Kamal, Mohammad Mukhlis; R., Affandi, Ridwan; N.A., Butet, Nurlisa Alias","Latuconsina, Husain (57218375704); Kamal, Mohammad Mukhlis (59454538100); Affandi, Ridwan (57190255551); Butet, Nurlisa Alias (56205379200)",57218375704; 59454538100; 57190255551; 56205379200,"Growth and reproductive biology of white-spotted rabbitfish (Siganus canaliculatus) on different seagrass habitats in Inner Ambon Bay, Indonesia",2022,Biodiversitas,23,1,,273,285,0,12,10.13057/biodiv/d230133,https://www.scopus.com/inward/record.uri?eid=2-s2.0-85123537523&doi=10.13057%2Fbiodiv%2Fd230133&partnerID=40&md5=a27f9eab78294d71d91faa832b4f4ed0,"Universitas Islam Malang, Malang, Indonesia; IPB University, Bogor, Indonesia","Latuconsina, Husain, Department of Biology, Universitas Islam Malang, Malang, Indonesia; Kamal, Mohammad Mukhlis, Department of Aquatic Resources Management, IPB University, Bogor, Indonesia; Affandi, Ridwan, Department of Aquatic Resources Management, IPB University, Bogor, Indonesia; Butet, Nurlisa Alias, Department of Aquatic Resources Management, IPB University, Bogor, Indonesia","Seagrass meadows are one of the important habitats for Siganus canaliculatus. This study aimed to compare the growth and reproductive biology of S. canaliculatus in different seagrass habitats on the Inner Ambon Bay. A fish sampling was observed once a month for a year (15 August 2018-20 July 2019) using a beach seine. The data analysis included growth patterns, condition factors, sex ratio, gonadal maturity, gonado somatic index, size at first maturity, and fecundity. The study results obtained body Length and weight varied between seagrass habit ats, with an isometric growth pattern. The equation W: 0.0105 L3,1007 male and W: 0.0165L2,9444 female in mixed vegetation, while for monospecific vegetation, male W: 0.0109L3,0891 and female W: 0.0143L3,0067. The value of condition factors, sex ratio, size at first maturity, and fecundity differed between seagrass habitats. The range of fecundity is 198,000-783,750 eggs, and there is a positive relationship between body length and weight with fecundity. A technical approach to fisheries management is needed, namely: (i) the size at first maturity is used as a reference for the size of fish that can be caught, and (ii) determination of mixed vegetation seagrass as a conservation area; and monospecific vegetation as fishing grounds. © 2022 Elsevier B.V., All rights reserved.",Condition Factor; Fecundity; Gonado Somatic Index; Growth Pattern; Sex Ratio; Siganus Canaliculatus,,Funding text 1: The author thanks the Educational Fund Management Institute-Ministry of Finance of the Republic of Indonesia (LPDP) for the assistance of 2019 Fiscal Year Research Dissertation Research Scholarship No. PRJ-32 / LPDP.4 / 2019.; Funding text 2: The author thanks the Educational Fund Management Institute - Ministry of Finance of the Republic of Indonesia (LPDP) for the assistance of 2019 Fiscal Year Research Dissertation Research Scholarship No. PRJ-32 / LPDP.4 / 2019.,,Society for Indonesian Biodiversity,1412033X; 20854722,,,,English,Article,Final,All Open Access; Gold Open Access,Scopus,2-s2.0-85123537523
"S., Picaulima, Simon; E.S., Wiyono, Eko Sri; M.S., Baskoro, Mulyono Sumitro; M., Riyanto, Mochammad","Picaulima, Simon (57196948737); Wiyono, Eko Sri (13806928300); Baskoro, Mulyono Sumitro (8372145900); Riyanto, Mochammad (55990377200)",57196948737; 13806928300; 8372145900; 55990377200,"Analysis of factors affecting small-scale fishing trips in kei islands, indonesia",2021,AACL Bioflux,14,6,,3614,3622,0,1,,https://www.scopus.com/inward/record.uri?eid=2-s2.0-85121857356&partnerID=40&md5=679ecccdf3e528a91a3f7135f249b537,"IPB University, Bogor, Indonesia; Polytechnic of Fisheries, Tual, Indonesia","Picaulima, Simon, Department of Fisheries Resources Utilization, IPB University, Bogor, Indonesia, Department of Fisheries Agribusiness, Polytechnic of Fisheries, Tual, Indonesia; Wiyono, Eko Sri, Department of Fisheries Resources Utilization, IPB University, Bogor, Indonesia; Baskoro, Mulyono Sumitro, Department of Fisheries Resources Utilization, IPB University, Bogor, Indonesia; Riyanto, Mochammad, Department of Fisheries Resources Utilization, IPB University, Bogor, Indonesia","The fleet dynamics of capture fisheries involves changes in fishermen's behavior in the form of increased efforts to obtain catches. This approach has been implicated in increased fishing pressure on the coastal areas, and has instigated an upsurge in the potential to create ecological, economic, and social vulnerabilities. Therefore, it is necessary to know the factors that affect the number of small-scale fishing trips in the Kei Islands spatially and temporally. This study aims to analyze the factors that influence the number of small-scale fishing trips in the Kei Islands. Furthermore, the research methods adopted include a survey with a purposive sampling technique, while descriptive comparative and multiple linear regressions were used for data analysis. The results show that the number of fishing trips determines the dynamics of small-scale fishing fleets. Factors affecting on fishing trips to catch lift nets, purse seine, troll line, hand-line, bottom gillnet, and drift gillnet fishing fleets include catch yield, fleet income, operational costs, rainfall, wind speed, individual capacity and fishing ground. In addition, increasing the number of fishing trips to maximize catches and income both spatially and temporally is assumed to facilitate the reduction of fish resources. Therefore, business sustainability from an economic and biological perspective requires the application of an appropriate management system for input and output control techniques. © 2021 Elsevier B.V., All rights reserved.",Dynamics; Fleet; Management; Significance; Sustainability; Trip,,"Funding text 1: The authors are grateful to the Ministry of Research, Technology and Higher Education and the Education Fund Guarantee Institute (LPDP) for funding this research through a dissertation scholarship in 2020. Also, to the WWF Indonesia and the community of Dunuwahan, Sitniohoi, Letman, Faer, Ohoijang, Sathean, Disuk, Revav, Rat, Mastur, Elar and Danar for providing data and information required in this research.; Funding text 2: Acknowledgements. The authors are grateful to the Ministry of Research, Technology and Higher Education and the Education Fund Guarantee Institute (LPDP) for funding this research through a dissertation scholarship in 2020. Also, to the WWF Indonesia and the community of Dunuwahan, Sitniohoi, Letman, Faer, Ohoijang, Sathean, Disuk, Revav, Rat, Mastur, Elar and Danar for providing data and information required in this research.",,BIOFLUX SRL,18449166; 18448143,,,,English,Article,Final,,Scopus,2-s2.0-85121857356
"M.D., Ghifary, Mochamad Daffa; A.M., Khan, Alexander M.A.; L.P., Dewanti, Lantun Paradhita; I.B.B., Suryadi, Ibnu Bangkit Bioshina","Ghifary, Mochamad Daffa (57373990400); Khan, Alexander M.A. (57202079083); Dewanti, Lantun Paradhita (57193731219); Suryadi, Ibnu Bangkit Bioshina (57215012254)",57373990400; 57202079083; 57193731219; 57215012254,Large pelagic potential fishing ground based on sea surface temperature and chlorophyll-a satellite image data in west season in Java sea (Case study: Indramayu regency),2021,AACL Bioflux,14,6,,3469,3475,0,0,,https://www.scopus.com/inward/record.uri?eid=2-s2.0-85121238869&partnerID=40&md5=819748f02398dc7b45f778ed3c961b75,"Universitas Padjadjaran, Bandung, Indonesia","Ghifary, Mochamad Daffa, Cikembulan-Sidamulih, Universitas Padjadjaran, Bandung, Indonesia; Khan, Alexander M.A., Cikembulan-Sidamulih, Universitas Padjadjaran, Bandung, Indonesia; Dewanti, Lantun Paradhita, Cikembulan-Sidamulih, Universitas Padjadjaran, Bandung, Indonesia; Suryadi, Ibnu Bangkit Bioshina, Cikembulan-Sidamulih, Universitas Padjadjaran, Bandung, Indonesia","Potential fishing ground can be determined through remote sensing using satellite imagery. One of the satellite images that can detect the distribution of chlorophyll-a and sea surface temperature (SST) in the waters is an Aqua satellite image with a MODIS (Moderate Resolution Imaging Spectroradiometer) sensor. The purpose of this observation activity is to make an estimation analysis of potential areas for large pelagic fishing based on satellite images of SST and chlorophyll-a distribution in the eastern monsoon in the northern waters of Java Island, Indramayu Regency in the west season. The method used in this observation consisted in descriptive analysis and simple linear regression analysis. The results of the analysis of SST in the northern waters of Indramayu Regency during December 2019 to May 2020 ranged from 27 to 35°C. Chlorophyll-a concentration during the observation changes every month. The lowest chlorophyll-a concentration was 0.1 mg m-³ and the highest is 2.5 mg m-³. Estimation of large pelagic fishing ground in Java Sea, Indramayu in December 2019-May 2020 varies every month. This is due to changes in SST and chlorophyll-a concentration as well as changes in seasons that occur in Java Sea, Indramayu Regency from the west season (December-February) then to the transitional season (February-April) and also the transitional season to the eastern season (May). © 2021 Elsevier B.V., All rights reserved.",Aqua Satellite Modis; Chlorophyll-a; Fishing Area; Sea Surface Temperature,,,,BIOFLUX SRL,18449166; 18448143,,,,English,Article,Final,,Scopus,2-s2.0-85121238869
"N., Gustantia, N.; T., Osawa, Takahiro; I.W.S., Adnyana, I. Wayan Sandi; D., Novianto, D.; n., Chonnaniyah","Gustantia, N. (57381445300); Osawa, Takahiro (47861975900); Adnyana, I. Wayan Sandi (55409862900); Novianto, D. (58823938600); Chonnaniyah (57211850157)",57381445300; 47861975900; 55409862900; 58823938600; 57211850157,"Spatial-temporal habitat suitability for lemuru fish (Sardinella lemuru) using the Second-generation Global Imager (SGLI) and Maximum Entropy model in the Bali Strait, Indonesia",2021,IOP Conference Series: Earth and Environmental Science,944,1,012066,,,0,0,10.1088/1755-1315/944/1/012066,https://www.scopus.com/inward/record.uri?eid=2-s2.0-85121516535&doi=10.1088%2F1755-1315%2F944%2F1%2F012066&partnerID=40&md5=a89e40337cd9a0d6c4fd755f15428c2c,"Universitas Udayana, Bali, Indonesia; Universitas Udayana, Bali, Indonesia; Yamaguchi University, Yamaguchi, Japan; Universitas Udayana, Bali, Indonesia; Ministry of Marine Affairs and Fisheries, Jakarta Utara, Indonesia","Gustantia, N., Master Program in Environmental Science, Universitas Udayana, Bali, Indonesia; Osawa, Takahiro, Center for Remote Sensing and Ocean Sciences (CReSOS), Universitas Udayana, Bali, Indonesia, Yamaguchi University, Yamaguchi, Japan; Adnyana, I. Wayan Sandi, Faculty of Agriculture, Universitas Udayana, Bali, Indonesia; Novianto, D., Ministry of Marine Affairs and Fisheries, Jakarta Utara, Indonesia; Chonnaniyah, null, Center for Remote Sensing and Ocean Sciences (CReSOS), Universitas Udayana, Bali, Indonesia","Lemuru fish (Sardinella lemuru), the most dominant fishery resource, has economic values for the fisherman fishing activities in the Bali Strait (between Jawa and Bali islands), Indonesia. Spatial and temporal prediction for the fishing location is essential information for effective fisheries management. The high spatial resolution of sea surface temperature (SST) and Chlorophyll-a (Chl-a) by the second-generation global imager (SGLI) on the global change observation mission (GCOM-C) satellite was employed for the input of the Maximum Entropy Model (MaxEnt) to predict the potential fishing area of lemuru fish in 2020. This study analyzed SST and Chl-a using the SGLI data and shows the variability of SST and Chl-a for lemuru fish-catching data. The MaxEnt model performance to predict the habitat suitability for lemuru fish in the Bali Strait has been shown in this study. As a result, the maximum average Chl-a estimated in August 2020 was around 1.62 mg m-3 and maximum SST in March 2020 around 28.12 C. The correlation between SST and Chl-a with total lemuru fish-catching were -0.209 and 0.375 for SST and Chl-a, respectively. The prediction of lemuru fishing areas using the MaxEnt model showed excellent model evaluations with a correlation value higher than 0.80. © 2021 Elsevier B.V., All rights reserved.",Chlorophyll-a; Gcom-c; Maxent Model; Sardinella Lemuru; Sea Surface Temperature,,,"Manik, H.M.; Fatchiyyah, S.; Haryati, A.; Yamin, A.Y.N.; Anggraeny, B.; Suci, A.N.N.",IOP Publishing Ltd,17551307; 17551315,,,,English,Conference paper,Final,All Open Access; Gold Open Access,Scopus,2-s2.0-85121516535
"A.C., Widyatmoko, Ahmad Catur; B.D., Hardesty, Britta Denise; C.V., Wilcox, Chris V.","Widyatmoko, Ahmad Catur (57256822500); Hardesty, Britta Denise (7005344194); Wilcox, Chris V. (7203060884)",57256822500; 7005344194; 7203060884,Detecting anchored fish aggregating devices (AFADs) and estimating use patterns from vessel tracking data in small-scale fisheries,2021,Scientific Reports,11,1,17909,,,0,13,10.1038/s41598-021-97227-1,https://www.scopus.com/inward/record.uri?eid=2-s2.0-85114808380&doi=10.1038%2Fs41598-021-97227-1&partnerID=40&md5=88f95c0e05f8fa22a6a36d5c1202bbfc,"Institute for Marine and Antarctic Studies, Hobart, Australia; Commonwealth Scientific and Industrial Research Organisation, Canberra, Australia; University of Tasmania, Hobart, Australia","Widyatmoko, Ahmad Catur, Institute for Marine and Antarctic Studies, Hobart, Australia, Commonwealth Scientific and Industrial Research Organisation, Canberra, Australia; Hardesty, Britta Denise, Commonwealth Scientific and Industrial Research Organisation, Canberra, Australia, Center for Marine Socioecology, University of Tasmania, Hobart, Australia; Wilcox, Chris V., Commonwealth Scientific and Industrial Research Organisation, Canberra, Australia, Center for Marine Socioecology, University of Tasmania, Hobart, Australia","Monitoring the use of anchored fish aggregating devices (AFADs) is essential for effective fisheries management. However, detecting the use of these devices is a significant challenge for fisheries management in Indonesia. These devices are continually deployed at large scales, due to large numbers of users and high failure rates, increasing the difficulty of monitoring AFADs. To address this challenge, tracking devices were attached to 34 handline fishing vessels in Indonesia over a month period each. Given there are an estimated 10,000–50,000 unlicensed AFADs in operation, Indonesian fishing grounds provided an ideal case study location to evaluate whether we could apply spatial modeling approaches to detect AFAD usage and fish catch success. We performed a spatial cluster analysis on tracking data to identify fishing grounds and determine whether AFADs were in use. Interviews with fishers were undertaken to validate these findings. We detected 139 possible AFADs, of which 72 were positively classified as AFADs. Our approach enabled us to estimate AFAD use and sharing by vessels, predict catches, and infer AFAD lifetimes. Key implications from our study include the potential to estimate AFAD densities and deployment rates, and thus compliance with Indonesia regulations, based on vessel tracking data. © 2021 Elsevier B.V., All rights reserved.",Article; Cluster Analysis; Fish; Fishery; Fishing; Indonesia; Interview; Nonhuman,article; cluster analysis; fish; fishery; fishing; Indonesia; interview; nonhuman,Researcher ACW was supported by a Marine Stewardship Council scholarship. BDH and CW were supported by CSIRO Oceans and Atmosphere and by funding provided by the Department of Foreign Affairs and Trade. We thank Yayasan Masyarakat dan Perikanan Indonesia (MDPI) for sharing SPOT Trace data. We are indebted to the many fishermen who voluntarily participated in the MDPI SPOT Trace program. We also thank the crew of Zamrud 02 Labuhan Lombok fishing boat for allowing the researcher to join in a fishing trip.,,Nature Research,20452322,,,34504160,English,Article,Final,All Open Access; Gold Open Access; Green Final Open Access; Green Open Access,Scopus,2-s2.0-85114808380
"Y.D., Sari, Y. D.; Mira; S.H., Suryawati, S. H.; B.O., Nababan, Benny Osta; Y., Hikmayani, Y.; N.P.S., Putri, N. P.S.","Sari, Y. D. (57222900004); Mira (57200567209); Suryawati, S. H. (57220005595); Nababan, Benny Osta (57216901447); Hikmayani, Y. (57362210600); Putri, N. P.S. (57360843600)",57222900004; 57200567209; 57220005595; 57216901447; 57362210600; 57360843600,The impact of the COVID-19 pandemic on fishers in the Indramayu District,2021,IOP Conference Series: Earth and Environmental Science,892,1,012044,,,0,3,10.1088/1755-1315/892/1/012044,https://www.scopus.com/inward/record.uri?eid=2-s2.0-85120571625&doi=10.1088%2F1755-1315%2F892%2F1%2F012044&partnerID=40&md5=ded61fb46ea8432c36a09c714c2cdf22,"MMAF, Jakarta, Indonesia; Dewantara Institute of Economic Science, Bogor, Indonesia","Sari, Y. D., Research Center for Marine and Fisheries Socio Economics, MMAF, Jakarta, Indonesia; Mira, null, Research Center for Marine and Fisheries Socio Economics, MMAF, Jakarta, Indonesia; Suryawati, S. H., Research Center for Marine and Fisheries Socio Economics, MMAF, Jakarta, Indonesia; Nababan, Benny Osta, Dewantara Institute of Economic Science, Bogor, Indonesia; Hikmayani, Y., Research Center for Marine and Fisheries Socio Economics, MMAF, Jakarta, Indonesia; Putri, N. P.S., Research Center for Marine and Fisheries Socio Economics, MMAF, Jakarta, Indonesia","The impact of the COVID-19 pandemic in Indonesia has been perceived by all community. The global economic slowdown has an impact on Indonesia's economic growth. Exports of Indonesian fishery products are delayed due to restrictions on imported products in Indonesia's export destination countries. This study aims to determine the impact of the COVID-19 pandemic on the utilization of fishery resources in the Indramayu District. The data used in this study are primary and secondary. Methods of data analysis using quantitative descriptive. The results showed that fishermen in the Indramayu District continue to catch fish using the same fishing fleet and gear at the same fishing ground. The decline in business income due to the decrease in the selling price of fish causes a decrease in business capital and a decrease in the source of livelihood for small-scale fishermen. Fishermen's income has decreased by 20-30% per trip. Fishers continue to use the same boat, fishing gear, fishing ground, operational costs, and crew. The adaptation made by small fishermen is to reduce the number of trips to avoid losses when catches are low. The adaptation carried out by large-scale fishermen is to look for alternative sources of capital for operational costs to be still carried out during the fishing season. The government can provide fishing gear assistance and financial assistance to small fishers and provide capital institutions for large-scale fishers in reducing the impact of the COVID-19 pandemic on fishers in Indramayu. © 2021 Elsevier B.V., All rights reserved.",,,,"Sudaryanto, T.; Suryana, A.; Arsyad, M.; Pasaribu, S.M.; Chalil, D.; Rahim, R.",IOP Publishing Ltd,17551307; 17551315,,,,English,Conference paper,Final,All Open Access; Gold Open Access,Scopus,2-s2.0-85120571625
"E., Nugraha, Erick; B., Kusmedy, Bongbongan; H., Prayitno, Hari; E.S., Husen, Eddy Sugriwa; E., Nurlaela, Eli; T.E., Kusumo, Tonny E.; S., Danapraja, Sopiyan; Y., Purwanto, Yuli; F., Yusuf, Faisal","Nugraha, Erick (57200116744); Kusmedy, Bongbongan (57221396705); Prayitno, Hari (57209687972); Husen, Eddy Sugriwa (57221394652); Nurlaela, Eli (57383508100); Kusumo, Tonny E. (57209342617); Danapraja, Sopiyan (57209025432); Purwanto, Yuli (57205394626); Yusuf, Faisal (57383070100)",57200116744; 57221396705; 57209687972; 57221394652; 57383508100; 57209342617; 57209025432; 57205394626; 57383070100,"Analysis of production factors that affect the productivity of danish seine at the archipelagic fishery port (Afp) of karangantu, banten province, Indonesia",2021,AACL Bioflux,14,5,,2797,2811,0,0,,https://www.scopus.com/inward/record.uri?eid=2-s2.0-85121628469&partnerID=40&md5=d9b19941c8f69a61b2cc94ecba820607,"Jakarta Technical University of Fisheries, South Jakarta, Indonesia; Jakarta Technical University of Fisheries, South Jakarta, Indonesia; Bitung Marine and Fisheries Polytechnic, Bitung, Indonesia; Kendari Oceanic Fishing Port, Kendari City, Indonesia","Nugraha, Erick, Faculty of Fishing Technology, Jakarta Technical University of Fisheries, South Jakarta, Indonesia; Kusmedy, Bongbongan, Faculty of Fishing Technology, Jakarta Technical University of Fisheries, South Jakarta, Indonesia; Prayitno, Hari, Faculty of Fishing Technology, Jakarta Technical University of Fisheries, South Jakarta, Indonesia; Husen, Eddy Sugriwa, Faculty of Fishing Technology, Jakarta Technical University of Fisheries, South Jakarta, Indonesia; Nurlaela, Eli, Faculty of Fishing Technology, Jakarta Technical University of Fisheries, South Jakarta, Indonesia; Kusumo, Tonny E., Faculty of Fishing Technology, Jakarta Technical University of Fisheries, South Jakarta, Indonesia; Danapraja, Sopiyan, Faculty of Fisheries Extention, Jakarta Technical University of Fisheries, South Jakarta, Indonesia; Purwanto, Yuli, Faculty of Capture Fisheries, Bitung Marine and Fisheries Polytechnic, Bitung, Indonesia; Yusuf, Faisal, Kendari Oceanic Fishing Port, Kendari City, Indonesia","The purpose of this study was to determine the productivity of the Danish seine and to analyze the production factors that affect the productivity of the Danish seine which includes: vessel length (x1), vessel engine power (x2), amount of fuel oil (x3), number of days per trip (x4), operational costs (x5), and number of crew members (x6). This research was carried out using a survey method. The primary data collected are the catch volume of the Danish seine (y), the length of the vessel (x1), the power of the vessel's engine (X2), the amount of fuel oil (x3), the number of days per trip (x4), the operational costs (x5), the number of crew members (x6) and the fishing ground of the Danish seine. Meanwhile, the secondary data are documents of the vessel and crew of the Danish seine, literature on the Danish seine and the annual the AFP Karangantu report. In order to determine the production factors that affect the productivity of the Danish seine, a multiple linear regression analysis via computer software was used. The results of this study explain that the correlation between the productivity of the Danish seine (y) and the variables x3, x4, x5 is very strong and positive. The correlation between productivity (y) and the variable x6 is moderate and positive, while the correlation between the productivity (y) and the variables x1 and x2 is weak and positive. Taken together, the independent variables x1, x2, x3, x4, x5 and x6 have a significant effect on the increase of the Danish seine productivity (y). However, individually (partially) only the variables x4 and x6 have a significant effect, while the other variables have no significant effect on the increase of the Danish seine productivity (y). © 2021 Elsevier B.V., All rights reserved.",Afp Karangantu; Cpue; Fma 712; Leiognathus Equulus,,,,BIOFLUX SRL,18449166; 18448143,,,,English,Article,Final,,Scopus,2-s2.0-85121628469
"I., Inayatulloh, Inayatulloh; E., Rochmatika, Endah","Inayatulloh, Inayatulloh (57189212581); Rochmatika, Endah (57280534300)",57189212581; 57280534300,Geographical information system model and MODIS satellite for define fishing zones,2021,,,,,531,534,0,1,10.1109/ICIMTech53080.2021.9535004,https://www.scopus.com/inward/record.uri?eid=2-s2.0-85116166201&doi=10.1109%2FICIMTech53080.2021.9535004&partnerID=40&md5=6e9374a155f1b41c2ec1e4d4384f2bab,"Bina Nusantara University, Jakarta, Indonesia; Universitas Airlangga, Surabaya, Indonesia","Inayatulloh, Inayatulloh, Department of Information Systems, Bina Nusantara University, Jakarta, Indonesia; Rochmatika, Endah, Faculty of Fisheries and Marine, Universitas Airlangga, Surabaya, Indonesia","Most of Indonesia's territory is sea, but based on fishery and marine data, there are several areas in Indonesia where capture fisheries production has decreased in recent years which has an impact on fishermen's income. Many factors can be done to increase capture fisheries production, one of which is to determine the potential of the fishing zone by combining GIS with MODUS satellite. The purpose of this research is to help the government and fishermen determine fish catch zones to increase fishermen's income. The result of this research is a geographical information model with MODUS satellite to help fishermen determine potential fish catch zones. © 2021 Elsevier B.V., All rights reserved.",Gis; Information; Model; Patient Covid-19; Fish; Fisheries; Information Systems; Information Theory; Information Use; Satellites; Fish Catch; Geographical Information; Indonesia; Information; Information Modeling; Information System Model; Patient Covid-19; Geographic Information Systems,Fish; Fisheries; Information systems; Information theory; Information use; Satellites; Fish catch; Geographical information; Indonesia; Information; Information Modeling; Information system model; Patient covid-19; Geographic information systems,,,Institute of Electrical and Electronics Engineers Inc.,,9.78167E+12,,,English,Conference paper,Final,,Scopus,2-s2.0-85116166201
"V.C., Ramenzoni, Victoria Constanza","Ramenzoni, Victoria Constanza (55881462200)",55881462200,"Co-governance, Transregional Maritime Conventions, and Indigenous Customary Practices Among Subsistence Fishermen in Ende, Indonesia",2021,Frontiers in Marine Science,8,,668586,,,0,4,10.3389/fmars.2021.668586,https://www.scopus.com/inward/record.uri?eid=2-s2.0-85112351986&doi=10.3389%2Ffmars.2021.668586&partnerID=40&md5=5bf4cd02a5d5a8c320077d1e1454c372,"Rutgers University–New Brunswick, New Brunswick, United States","Ramenzoni, Victoria Constanza, Department of Human Ecology, Rutgers University–New Brunswick, New Brunswick, United States","This article presents a case study of a fishery in the port-town community of Ende, Flores, a former littoral hub located at the periphery of major commercial systems in the Indo-Pacific region. The article argues that more attention be paid to the role of transregional maritime networks, nautical conventions, and navigational practices embedded within local tenure systems to understand the apparent absence of formal control of marine and coastal resources. Through ethnographic and archival research, this study identifies the presence of indigenous institutions for fishing grounds regulation and documents the existence of broader transregional norms dictating proper fishing and navigation. Exploring the interactions between more pluralistic customary systems that exist in port-towns such as Ende and recent fishery development policies, the article discusses some of the obstacles to implementing sustainable co-management strategies. While the Indonesian central government is strongly promoting co-governance approaches for resource management, these institutional models are based on geographically narrow definitions of tradition and customary law which can lead to management failures, such as elite capture and local fishers’ disenfranchisement. In this case, policies emphasize the formation of cooperative groups without considering transregional beliefs about independence and pre-established systems of obligations. As a result, disputes among the fishermen, conflicts with local fishery officers, and the use of non-sustainable practices continue. For example, embodying predominant Southeast Asian beliefs, Endenese are known for their entrepreneurial nature and strong self-sufficiency ethos. Yet, these notions are ignored by local government agencies that view the fishermen as selfish and disorganized. In order to formulate true participatory solutions, a careful assessment of the role played by transregional perspectives that go beyond geographically localized understandings of customary practices is needed. The article concludes with a consideration of the role played by decentralization processes, subsidies, and aid programs in entrenching poverty and inequality among local communities. © 2021 Elsevier B.V., All rights reserved.",Adat; Co-management; Customary Law; Non-sustainable Practices; Transregional,,Funding for data collection was provided through an NSF DDIG (1022914) dissertation improvement grant and a NOAA/OHH GOHI training grant.,,Frontiers Media S.A.,22967745,,,,English,Article,Final,All Open Access; Gold Open Access; Green Final Open Access; Green Open Access,Scopus,2-s2.0-85112351986
"A., Rani Sahni Putri, Andi; M., Zainuddin, Mukti; n., Musbir; M.A., Ahmad-Mustapha, Muzzneena Ahmad; R., Hidayat, Rachmat","Rani Sahni Putri, Andi (57201495713); Zainuddin, Mukti (6506490325); Musbir (57201492379); Ahmad-Mustapha, Muzzneena Ahmad (23100915000); Hidayat, Rachmat (57200559829)",57201495713; 6506490325; 57201492379; 23100915000; 57200559829,"Mapping potential fishing zones for skipjack tuna in the southern Makassar Strait, Indonesia, using Pelagic Habitat Index (PHI)",2021,Biodiversitas,22,7,,3037,3045,0,8,10.13057/biodiv/d220758,https://www.scopus.com/inward/record.uri?eid=2-s2.0-85111053257&doi=10.13057%2Fbiodiv%2Fd220758&partnerID=40&md5=10a2c32360c2a7e93fa9f0c9e467dcf1,"Hasanuddin University, Makassar, Indonesia; Universiti Kebangsaan Malaysia, Bangi, Malaysia","Rani Sahni Putri, Andi, Department of Fisheries, Hasanuddin University, Makassar, Indonesia; Zainuddin, Mukti, Department of Fisheries, Hasanuddin University, Makassar, Indonesia; Musbir, null, Department of Fisheries, Hasanuddin University, Makassar, Indonesia; Ahmad-Mustapha, Muzzneena Ahmad, School of Environmental and Natural Resource Sciences, Universiti Kebangsaan Malaysia, Bangi, Malaysia; Hidayat, Rachmat, Department of Fisheries, Hasanuddin University, Makassar, Indonesia","Putri ARS, Zainuddin M, Musbir, Mustapha MA, Hidayat R. 2021. Mapping potential fishing zones for skipjack tuna in the southern Makassar Strait, Indonesia, using Pelagic Habitat Index (PHI). Biodiversitas 22: 3037-3045. Southern Makassar Strait is one of the potential fishing grounds for skipjack tuna in the Indonesian waters. Oceanographic factors become the primary factors that limit the distribution and abundance of fish. The study aimed to identify the relationship between fish distribution with sea surface temperature (SST) and primary productivity (PP) and map out the potential fishing grounds of skipjack tuna in the southern Makassar Strait. It used pelagic habitat index (PHI) analysis, which is strengthened by the results of correlation analysis in the form of generalized additive models (GAM) and Empirical cumulative distribution function (ECDF) analysis. The results showed that the distribution of skipjack tuna was significantly associated with the preferred range of SST 29-30.5°C and PP 350-400 mg C/m2/day. The potential fishing zone is well established near the coast to offshore of Barru and Polman waters (3°-6°S and 117°-119°E), with the peak season in May and October. The spatial pattern of potential fishing grounds for skipjack fishing is associated with hotspots (oceanographic preference), leading to increased feeding opportunities. This study suggests that the spatial pattern of high potential fishing zones could improve fishing, management, and conservation strategies along the southern Makassar Strait. © 2021 Elsevier B.V., All rights reserved.",Empirical Cumulative Distribution Function; Generalized Additive Model; Katsuwonus Pelamis; Potential Fishing Zone,,"This study was financially supported by the PMDSU scholarship program of the Ministry of Research, Technology, and Higher Education of the Republic of Indonesia. We are also grateful for access to MODIS SST data sets from https://oceancolor.gsfc.nasa.gov/ and PP data from http://sites.science.oregonstate.edu/ocean.productivity/. We would like to thank four anonymous reviewers and the editor for their constructive suggestions to improve this manuscript.",,Society for Indonesian Biodiversity,1412033X; 20854722,,,,English,Article,Final,All Open Access; Gold Open Access,Scopus,2-s2.0-85111053257
"R., Irnawati, Ririn; H.S., Nurdin, Hery Sutrawan; A., Susanto, A.; D., Surilayani, Dini; A., Hamzah, Asep; F.N., Supadminingsih, Fahresa Nugraheni","Irnawati, Ririn (56224441300); Nurdin, Hery Sutrawan (57212882712); Susanto, A. (56224539800); Surilayani, Dini (57203265926); Hamzah, Asep (57214090317); Supadminingsih, Fahresa Nugraheni (57193755113)",56224441300; 57212882712; 56224539800; 57203265926; 57214090317; 57193755113,Multidimensional scaling for sustainability of small pelagic fisheries in Sunda Strait,2021,Agriculture and Natural Resources,55,3,,387,394,0,2,10.34044/j.anres.2021.55.3.08,https://www.scopus.com/inward/record.uri?eid=2-s2.0-85110509882&doi=10.34044%2Fj.anres.2021.55.3.08&partnerID=40&md5=a9f83f9f2fe58306d34f5091d36e24c2,"Universitas Sultan Ageng Tirtayasa, Serang, Indonesia; Universitas Sultan Ageng Tirtayasa, Serang, Indonesia","Irnawati, Ririn, Department of Fisheries, Universitas Sultan Ageng Tirtayasa, Serang, Indonesia, Universitas Sultan Ageng Tirtayasa, Serang, Indonesia; Nurdin, Hery Sutrawan, Department of Fisheries, Universitas Sultan Ageng Tirtayasa, Serang, Indonesia, Universitas Sultan Ageng Tirtayasa, Serang, Indonesia; Susanto, A., Department of Fisheries, Universitas Sultan Ageng Tirtayasa, Serang, Indonesia, Universitas Sultan Ageng Tirtayasa, Serang, Indonesia; Surilayani, Dini, Department of Fisheries, Universitas Sultan Ageng Tirtayasa, Serang, Indonesia; Hamzah, Asep, Department of Fisheries, Universitas Sultan Ageng Tirtayasa, Serang, Indonesia; Supadminingsih, Fahresa Nugraheni, Department of Fisheries, Universitas Sultan Ageng Tirtayasa, Serang, Indonesia","The Sunda Strait is located at the confluence of two water masses (the Java Sea and the Indian Ocean) and contains abundant nutrients and phytoplankton, making it a potential fishing ground for pelagic fish. This research analyzed the sustainability of small pelagic fisheries in the Sunda Strait using a multidimensional approach. Rapfish (rapid appraisal technique to evaluate a fishery's sustainability status) analysis using multidimensional scaling was applied to analyze the sustainability status of each dimension. Leverage analysis was applied to identify the most influential attributes to the sustainability status of each dimension. The results produced average sustainability index values for four dimensions: ecological dimension (44.18) economic dimension (40.71) social dimension (48.34) and technological dimension (35.74). Stress values greater than 0.25 indicated there were unacceptable conditions for sustaining the small pelagic fisheries in the Sunda Strait. The research concluded that the status for small pelagic fisheries in Sunda Strait was less sustainable. © 2021 Elsevier B.V., All rights reserved.",Attribute; Rapfish; Small Pelagic; Sunda Strait; Sustainability,,The Islamic Development Bank (IsDB) funded this research through a research grant from the University of Sultan Ageng Tirtayasa (The Development of Sultan Ageng Tirtayasa University as Center of Excellence in Food Security for Nation,,Kasetsart University,2452316X; 24681458,,,,English,Article,Final,,Scopus,2-s2.0-85110509882
"R.S., Putri, Rini Sahni; M., Bibin, Muhammad; Surianti; n., Hasrianti; Damis; A., Rani Sahni Putri, Andi; U., Wulandari, Ully; M.P., Wardani, Mentari Puspa","Putri, Rini Sahni (57201494933); Bibin, Muhammad (57217017838); Surianti (57224539367); Hasrianti (57193954836); Damis (57224547586); Rani Sahni Putri, Andi (57201495713); Wulandari, Ully (57224537269); Wardani, Mentari Puspa (57604799700)",57201494933; 57217017838; 57224539367; 57193954836; 57224547586; 57201495713; 57224537269; 57604799700,Analysis of small pelagic fishing grounds using a generalized additive model in the Makassar Strait,2021,IOP Conference Series: Earth and Environmental Science,763,1,012042,,,0,3,10.1088/1755-1315/763/1/012042,https://www.scopus.com/inward/record.uri?eid=2-s2.0-85107888276&doi=10.1088%2F1755-1315%2F763%2F1%2F012042&partnerID=40&md5=5c2b4ae4f368a566a732939ca959a523,"Faculty of Science and Technology, Sidenreng Rappang, Indonesia; Hasanuddin University, Makassar, Indonesia; Karawang Marine and Fisheries Polytechnic, Karawang, Indonesia; Brawijaya University, Malang, Indonesia","Putri, Rini Sahni, Department of Fisheries Science, Faculty of Science and Technology, Sidenreng Rappang, Indonesia; Bibin, Muhammad, Department of Fisheries Science, Faculty of Science and Technology, Sidenreng Rappang, Indonesia; Surianti, null, Department of Fisheries Science, Faculty of Science and Technology, Sidenreng Rappang, Indonesia; Hasrianti, null, Department of Fisheries Science, Faculty of Science and Technology, Sidenreng Rappang, Indonesia; Damis, null, Department of Fisheries Science, Faculty of Science and Technology, Sidenreng Rappang, Indonesia; Rani Sahni Putri, Andi, Faculty of Marine Science and Fisheries, Hasanuddin University, Makassar, Indonesia; Wulandari, Ully, Karawang Marine and Fisheries Polytechnic, Karawang, Indonesia; Wardani, Mentari Puspa, Faculty of Fisheries and Marine Science, Brawijaya University, Malang, Indonesia","Spatial and temporal studies on the distribution of small pelagic fish by applying oceanographic parameters are essential for fisheries management. An understanding of the spatial characteristics of small pelagic fish distributions is important to optimize the sustainability of marine resource utilization. This study examined the characteristics of small pelagic fish fishing grounds through the analysis of oceanographic parameters using remote sensing satellite data and generalized additive model. Remote sensing satellite data (SST and chlorophyll-a) covering the area of Makassar Strait were obtained from NASA databases, with a spatial resolution of 4 km and monthly temporal resolution. Data on the geographical location and catch volume of small pelagic fish were obtained from a fisheries survey in the Makassar Strait. Remote sensing satellite data and fisheries survey data were plotted graphically to determine the environmental conditions at the sites where the small pelagic fish were caught. Catch volume and catch positions were mapped to show fish distribution. The results show that the highest point was around Barru waters with a catch of 30.70kg - 36.75kg. Small pelagic fish were caught in the SST range between 29.82 C - 31.32 C and mostly caught in chlorophyll-a between 0.34 mg/m3 - 0.62 mg/m3. © 2021 Elsevier B.V., All rights reserved.",Additives; Chlorophyll; Communication Satellites; Fish; Fisheries; Fishing (oil Wells); Marine Biology; Nasa; Oceanography; Planning; Remote Sensing; Surveys; Sustainable Development; Environmental Conditions; Fisheries Management; Generalized Additive Model; Geographical Locations; Remote Sensing Satellites; Small Pelagic Fish; Spatial Characteristics; Temporal Resolution; Small Satellites,Additives; Chlorophyll; Communication satellites; Fish; Fisheries; Fishing (oil wells); Marine biology; NASA; Oceanography; Planning; Remote sensing; Surveys; Sustainable development; Environmental conditions; Fisheries management; Generalized additive model; Geographical locations; Remote sensing satellites; Small pelagic fish; Spatial characteristics; Temporal resolution; Small satellites,The author would like to thank the Ministry of Research and Technology / National Agency for Research and Technology for financial assistance for the Beginner Lecturer Research scheme with contract number: 231 / SP2H / LT / DRPM / 2019 on behalf of A.Rini Sahni Putri S.Pi. M.Si. We would also like to thank anonymous reviewers and the editor for their suggestions to improve this manuscript.,,IOP Publishing Ltd,17551307; 17551315,,,,English,Conference paper,Final,All Open Access; Gold Open Access,Scopus,2-s2.0-85107888276
"M., Zainuddin, Mukti; A.A., Farhum, Aisjah Aisjah; n., Safruddin; R., Hidayat, Rachmat; A., Rani Sahni Putri, Andi; M., Ridwan, Muhammad","Zainuddin, Mukti (6506490325); Farhum, Aisjah Aisjah (57195941968); Safruddin, S. (57195941084); Hidayat, Rachmat (57200559829); Rani Sahni Putri, Andi (57201495713); Ridwan, Muhammad (59624846200)",6506490325; 57195941968; 57195941084; 57200559829; 57201495713; 59624846200,"Dynamics of Thermal Fronts Distribution in the Flores Sea, Indonesia: An implication for locating potential skipjack tuna fishing ground",2021,IOP Conference Series: Earth and Environmental Science,763,1,012045,,,0,2,10.1088/1755-1315/763/1/012045,https://www.scopus.com/inward/record.uri?eid=2-s2.0-85107843117&doi=10.1088%2F1755-1315%2F763%2F1%2F012045&partnerID=40&md5=065e7104b6d745bd7df52829c24f2b72,"Hasanuddin University, Makassar, Indonesia; National Agricultural Polytechnic, Pangkep, Indonesia","Zainuddin, Mukti, Faculty of Marine Science and Fisheries, Hasanuddin University, Makassar, Indonesia; Farhum, Aisjah Aisjah, Faculty of Marine Science and Fisheries, Hasanuddin University, Makassar, Indonesia; Safruddin, null, Faculty of Marine Science and Fisheries, Hasanuddin University, Makassar, Indonesia; Hidayat, Rachmat, Faculty of Marine Science and Fisheries, Hasanuddin University, Makassar, Indonesia; Rani Sahni Putri, Andi, Faculty of Marine Science and Fisheries, Hasanuddin University, Makassar, Indonesia; Ridwan, Muhammad, Fisheries Agribusiness Department, National Agricultural Polytechnic, Pangkep, Indonesia","Flores Sea is one of the most productive fishing grounds within the Indonesian Fisheries Management Area 713 which has the unique physical structures such as topographic feature, the seasonal wind driven upwelling, and also the dynamics of frontal patterns. The purposes of this study were to map the dynamic spatial of the thermal fronts in the east and the second transition seasons, and to describe their implications to the skipjack fishery. We applied the satellite data of sea surface temperature (SST) for the period of June-October 2018 with spatial and temporal resolutions of 0.04 degree latitude and longitude and monthly, respectively. For fishery data, we used sampling data of skipjack tuna fishing ground distributions during this period. The thermal fronts were estimated using a Single Image Edge Detection (SIED) algorithm and the available fishing ground data were superimposed on the SST frontal maps. The results showed that the spatial distribution patterns of thermal fronts along Flores Sea tended to be different every month. However, the thermal fronts were consistently detected throughout the study period. Skipjack tuna fishing grounds started to develop in the eastern area of Selayar Island in June (before upwelling event) and reached a peak in October (after upwelling). During these months, the skipjack fishing grounds well formed around the thermal fronts with the distance of 0-40 km. It implies that the formation of the thermal fronts especially after upwelling gives a significant contribution on the development of skipjack fishery in the Flores Sea. © 2021 Elsevier B.V., All rights reserved.",Flores Sea; Second Transition Season; Sied; Skipjack; Thermal Front; Edge Detection; Fisheries; Planning; Surface Waters; Sustainable Development; Dynamic Spatial; Fisheries Management; Physical Structures; Satellite Data; Sea Surface Temperature (sst); Spatial And Temporal Resolutions; Spatial Distribution Patterns; Topographic Features; Oceanography,Edge detection; Fisheries; Planning; Surface waters; Sustainable development; Dynamic spatial; Fisheries management; Physical structures; Satellite data; Sea surface temperature (SST); Spatial and temporal resolutions; Spatial distribution patterns; Topographic features; Oceanography,"We thank the use of AQUA-MODIS SST datasets, downloaded from the ocean color portal NASA (http://oceancolor.gsfc.nasa.gov). This research was fully supported to MZ by PMDSU 2020 Ministry of Research, Technology and Higher Education of the Republic of Indonesia, and UNHAS Internal Research Grants (PDU 2020).",,IOP Publishing Ltd,17551307; 17551315,,,,English,Conference paper,Final,All Open Access; Gold Open Access,Scopus,2-s2.0-85107843117
"A., Sartimbul, Aida; J.A., Amandani, J. A.; D., Yona, Defri; M.A.Z., Fuad, Mochamad Arif Zainul","Sartimbul, Aida (15623685600); Amandani, J. A. (57223094783); Yona, Defri (57200959299); Fuad, Mochamad Arif Zainul (58151198300)",15623685600; 57223094783; 57200959299; 58151198300,Mercury content of Sardinella lemuru caught in East Java and Bali waters,2021,Journal of Physics: Conference Series,1869,1,012004,,,0,2,10.1088/1742-6596/1869/1/012004,https://www.scopus.com/inward/record.uri?eid=2-s2.0-85104757285&doi=10.1088%2F1742-6596%2F1869%2F1%2F012004&partnerID=40&md5=0d2b2da5e89b840a58df966e09c26cf4,"Brawijaya University, Malang, Indonesia; Brawijaya University, Malang, Indonesia","Sartimbul, Aida, Faculty of Fisheries and Marine Science, Brawijaya University, Malang, Indonesia, Marine Resources Exploration and Management Research Group, Brawijaya University, Malang, Indonesia; Amandani, J. A., Faculty of Fisheries and Marine Science, Brawijaya University, Malang, Indonesia; Yona, Defri, Faculty of Fisheries and Marine Science, Brawijaya University, Malang, Indonesia, Marine Resources Exploration and Management Research Group, Brawijaya University, Malang, Indonesia; Fuad, Mochamad Arif Zainul, Faculty of Fisheries and Marine Science, Brawijaya University, Malang, Indonesia, Marine Resources Exploration and Management Research Group, Brawijaya University, Malang, Indonesia","Sardinella lemuru is a small pelagic fish which is mostly caught in Java and Bali waters. It is important because of its high Omega-3 fatty acid. As pelagic fish that are found in relatively shallow waters and near the coast, it could be contaminated from the land. The purpose of this study is to analyse the mercury content of S. lemuru caught in three fishing ground in East Java (Prigi and Muncar) and Bali (Kedonganan). Fish samples were taken by random sampling and collected from November 2019 to March 2020 and analysed for mercury content using the Cold Rapoun Atomic Fluorescence method using the Atomic Absorption Spectroscopy (AAS) Shimadzu AA-6200. Furthermore, the Estimated Daily Intake (EDI) and Maximum Tolerable Intake (MTI) are calculated. The results showed that mercury concentration in S. lemuru were 0.938 ± 0.45 mg/kg and 0.58 ± 0.65 mg/kg for Kedonganan and Prigi, respectively. While, there is undetected mercury for Muncar fish samples. The mercury concentration identified are above the Indonesia standards (SNI and BPOM = 0.5mg/kg). Moreover, the EDI value was higher than Provisional Tolerable Daily Intake -WHO. The mean value of MTI is 0.121 mg/week. If fish contaminated mercury was consumed in one week exceeds the MTI value, the heavy metal could affect the human health. © 2021 Elsevier B.V., All rights reserved.",Absorption Spectroscopy; Atomic Absorption Spectrometry; Fatty Acids; Fish; Heavy Metals; Atomic Absorption Spectroscopy; Atomic Fluorescence; Estimated Daily Intakes; Mercury Concentrations; Omega-3-fatty Acids; Random Sampling; Small Pelagic Fish; Tolerable Daily Intake; Mercury (metal),Absorption spectroscopy; Atomic absorption spectrometry; Fatty acids; Fish; Heavy metals; Atomic absorption spectroscopy; Atomic fluorescence; Estimated daily intakes; Mercury concentrations; Omega-3-fatty acids; Random sampling; Small pelagic fish; Tolerable daily intake; Mercury (metal),"The author would like to thank all those who helped in the preparation of this article, especially the Ministry of Research and Technology-National Research and Innovation Agency of the Republic of Indonesia and the Ministry of Education and Culture - Higher Education of the Republic of Indonesia for publication funding.","Abdullah, A.G.; Liskinasih, A.; Hudha, M.N.",IOP Publishing Ltd,17426588; 17426596,9788394593742; 9781628905861,,,English,Conference paper,Final,All Open Access; Gold Open Access,Scopus,2-s2.0-85104757285
"M., Imron, Mohammad; M.I., Tawaqal, Muhammad Irsyad; R., Yusfiandayani, Roza","Imron, Mohammad (57221394564); Tawaqal, Muhammad Irsyad (57221814747); Yusfiandayani, Roza (57190250009)",57221394564; 57221814747; 57190250009,"Fishing ground and tuna productivity by tuna longline based on Benoa Bay, Bali, Indonesia",2021,Biodiversitas,22,2,,961,968,0,4,10.13057/biodiv/d220252,https://www.scopus.com/inward/record.uri?eid=2-s2.0-85100316103&doi=10.13057%2Fbiodiv%2Fd220252&partnerID=40&md5=7274bf2a040bd892d4574c75fd01b4f2,"IPB University, Bogor, Indonesia","Imron, Mohammad, Department of Fisheries Resources Utilization, IPB University, Bogor, Indonesia; Tawaqal, Muhammad Irsyad, Department of Fisheries Resources Utilization, IPB University, Bogor, Indonesia; Yusfiandayani, Roza, Department of Fisheries Resources Utilization, IPB University, Bogor, Indonesia","The success of a longline fishing operation depends on several things such as the skill of the crew, bait used, fishing season, fishing operation, the total of fish caught, the price of the fish, productivity, and fishing grounds. Information about productivity and fishing ground becomes important to increase effectiveness and optimal profit. The methodology is carried out by conducting a survey to collect data to be processed and analyzed using productivity analysis based on Landing per Unit Effort (LPUE) and fishing activity analysis from the Vessel Monitoring System (VMS) to determine the Fishing Ground. We calculate tuna productivity from catch production (landing) per effort, meanwhile fishing ground use VMS data. Production tuna was landed at Benoa Bali from 2016-2018 fluctuated. In 2016 production of tuna albacore took a portion of 34.60%, yellowfin tuna 43.56%, bigeye tuna 15.44%, and southern bluefin tuna 6.26%. Production of tuna albacore took a portion of 35.61%, yellowfin tuna 42.64%, bigeye tuna 12.49%, and southern bluefin tuna 9.26% in 2017. Production albacore took a portion of 36.41%, yellowfin tuna 41.56%, bigeye tuna 11.79%, and southern bluefin tuna 10.24% in 2018. The highest productivity of albacore was in August 2018 with LPUE value 1.0099, yellowfin tuna was in July 2018 with LPUE value 1.2431, big eye tuna was in November 2018 with LPUE value 0.5538, and bluefin was at December 2017 with LPUE value 0.3864. The result of VMS data processing showed that tuna longline vessel based at Benoa has several locations of fishing grounds based on fishing activity for example Hindia High Seas, WPP NRI 714 (Telo gulf and Banda Sea), WPP NRI 718 (Aru Sea, Arafura Sea, and Timor Sea), ZEEI WPP NRI 718. © 2021 Elsevier B.V., All rights reserved.","Fishing Ground; Iuu Fishing, Vms",,,,Society for Indonesian Biodiversity,1412033X; 20854722,,,,English,Article,Final,All Open Access; Gold Open Access,Scopus,2-s2.0-85100316103
"P.S., Zu Ermgassen, Philine S.E.; N., Mukherjee, Nibedita; T.A., Worthington, Thomas A.; A., Acosta, Alejandro; A.R.D., Rocha Araujo, Ana Rosa Da; C.M., Beitl, Christine M.; G.A., Castellanos-Galindo, Gustavo Adolfo; M., Cunha-Lignon, M.; F., Dahdouh-Guebas, Farid; K., Diele, Karen","Zu Ermgassen, Philine S.E. (35799359300); Mukherjee, Nibedita (36169489700); Worthington, Thomas A. (36515947900); Acosta, Alejandro (57190773833); Rocha Araujo, Ana Rosa Da (57219396431); Beitl, Christine M. (52563145000); Castellanos-Galindo, Gustavo Adolfo (9235326500); Cunha-Lignon, M. (8642521100); Dahdouh-Guebas, Farid (8964136400); Diele, Karen (14010797400)",35799359300; 36169489700; 36515947900; 57190773833; 57219396431; 52563145000; 9235326500; 8642521100; 8964136400; 14010797400,Fishers who rely on mangroves: Modelling and mapping the global intensity of mangrove-associated fisheries,2021,"Estuarine, Coastal and Shelf Science",248,,107159,,,0,35,10.1016/j.ecss.2020.107159,https://www.scopus.com/inward/record.uri?eid=2-s2.0-85099371313&doi=10.1016%2Fj.ecss.2020.107159&partnerID=40&md5=44d49cedd48d6b4229b448015449e4b4,"The University of Edinburgh, Edinburgh, United Kingdom; University of Cambridge, Cambridge, United Kingdom; Florida Fish and Wildlife Conservation Commission, Tallahassee, United States; Université Fédérale de Sergipe, Sao Cristovao, Brazil; College of Liberal Arts and Sciences, Orono, United States; Panama / Leibniz Centre for Tropical Marine Research (ZMT), Germany; Leibniz Center for Tropical Marine Research, Bremen, Germany; Universidade Estadual Paulista ""Júlio de Mesquita Filho"", Sao Paulo, Brazil; Université Libre de Bruxelles, Brussels, Belgium; Vrije Universiteit Brussel, Brussels, Belgium; Department of Engineering, Cambridge, United Kingdom; DPI Fisheries, Wollongbar, Australia; The University of Edinburgh, Edinburgh, United Kingdom; MarFishEco Fisheries Consultants, Edinburgh, United Kingdom; Heriot-Watt University, Edinburgh, United Kingdom; Tanzania Fisheries Research Institute (TAFIRI), Dar Es Salaam, Tanzania; IUCN SSC Marine Conservation Committee, Sri Lanka; Murdoch University, Perth, Australia; Nature Conservancy, Arlington, United States; Instituto de Pesca, Sao Paulo, Brazil; Griffith University, Brisbane, Australia; Center for Environmental and Geographic Information Services, House 6, Bangladesh; University of the Witwatersrand, Johannesburg, Johannesburg, South Africa; Technical University of Mombasa, Mombasa, Kenya; University of California, Santa Cruz, Santa Cruz, United States; Uppsala Universitet, Uppsala, Sweden; Penzance, Cornwall, United Kingdom; Università degli Studi di Siena, Siena, Italy; Edinburgh Napier University, Edinburgh, United Kingdom","Zu Ermgassen, Philine S.E., School of Geosciences, The University of Edinburgh, Edinburgh, United Kingdom; Mukherjee, Nibedita, Department of Zoology, University of Cambridge, Cambridge, United Kingdom; Worthington, Thomas A., Department of Zoology, University of Cambridge, Cambridge, United Kingdom; Acosta, Alejandro, Florida Fish and Wildlife Conservation Commission, Tallahassee, United States; Rocha Araujo, Ana Rosa Da, Department of Fisheries and Aquaculture Engineering, Université Fédérale de Sergipe, Sao Cristovao, Brazil; Beitl, Christine M., College of Liberal Arts and Sciences, Orono, United States; Castellanos-Galindo, Gustavo Adolfo, Panama / Leibniz Centre for Tropical Marine Research (ZMT), Germany, Leibniz Center for Tropical Marine Research, Bremen, Germany; Cunha-Lignon, M., Department of Fishery Engineering, Universidade Estadual Paulista ""Júlio de Mesquita Filho"", Sao Paulo, Brazil; Dahdouh-Guebas, Farid, Département de Biologie des Organismes, Université Libre de Bruxelles, Brussels, Belgium, Ecology and Biodiversity, Vrije Universiteit Brussel, Brussels, Belgium; Diele, Karen, School of Applied Sciences, Edinburgh Napier University, Edinburgh, United Kingdom","Mangroves are critical nursery habitats for fish and invertebrates, providing livelihoods for many coastal communities. Despite their importance, there is currently no estimate of the number of fishers engaged in mangrove associated fisheries, nor of the fishing intensity associated with mangroves at a global scale. We address these gaps by developing a global model of mangrove associated fisher numbers and mangrove fishing intensity. To develop the model, we undertook a three-round Delphi process with mangrove fisheries experts to identify the key drivers of mangrove fishing intensity. We then developed a conceptual model of intensity of mangrove fishing using those factors identified both as being important and for which appropriate global data could be found or developed. These factors were non-urban population, distance to market, distance to mangroves and other fishing grounds, and storm events. By projecting this conceptual model using geospatial datasets, we were able to estimate the number and distribution of mangrove associated fishers and the intensity of fishing in mangroves. We estimate there are 4.1 million mangrove associated fishers globally, with the highest number of mangrove fishers found in Indonesia, India, Bangladesh, Myanmar, and Brazil. Mangrove fishing intensity was greatest throughout Asia, and to a lesser extent West and Central Africa, and Central and South America. © 2021 Elsevier B.V., All rights reserved.",Coastal Zone; Data Set; Expert System; Global Change; Livelihood; Mangrove; Numerical Model; Nursery Ground; South America; Invertebrata; Martes; Rhizophoraceae,coastal zone; data set; expert system; global change; livelihood; mangrove; numerical model; nursery ground; South America; Invertebrata; Martes; Rhizophoraceae,"This work was funded as part of The Nature Conservancy's Mapping Ocean Wealth initiative and we are grateful for early support from the Lyda Hill Foundation . TW was supported by the International Climate Initiative (IKI) funded by the German Federal Ministry for the Environment, Nature Conservation and Nuclear Safety (BMU) on the basis of a decision adopted by the German Bundestag and an anonymous gift to The Nature Conservancy . KD acknowledges the Natural Environment Research Council Grant NE/S006990/1 .",,Academic Press,02727714,,ECSSD,,English,Article,Final,All Open Access; Green Final Open Access; Green Open Access; Hybrid Gold Open Access,Scopus,2-s2.0-85099371313
"M., Hermawan, Maman; I.N., Radiarta, I. Nyoman; I.G.B.E.K., Bayu, I. Gusti B.E.K.; E., Nugraha, Erick","Hermawan, Maman (57873285000); Radiarta, I. Nyoman (24341932700); Bayu, I. Gusti B.E.K. (58684860100); Nugraha, Erick (57200116744)",57873285000; 24341932700; 58684860100; 57200116744,"Identifying fishing grounds in the Savu Sea, Indonesia: fishermen’s experience compared with the chlorophyll-a forecast maps",2021,AACL Bioflux,14,4,,1943,1954,0,3,,https://www.scopus.com/inward/record.uri?eid=2-s2.0-85140915932&partnerID=40&md5=14e3e7e97cba3e195310d51ed3107e48,"Jakarta Technical University of Fisheries, Pasarminggu, Indonesia; Agency for Marine and Fisheries Research and Development, Negara, Indonesia","Hermawan, Maman, Faculty of Fishing Technology, Jakarta Technical University of Fisheries, Pasarminggu, Indonesia; Radiarta, I. Nyoman, Institute for Marine Research and Observation, Agency for Marine and Fisheries Research and Development, Negara, Indonesia; Bayu, I. Gusti B.E.K., Faculty of Fishing Technology, Jakarta Technical University of Fisheries, Pasarminggu, Indonesia; Nugraha, Erick, Faculty of Fishing Technology, Jakarta Technical University of Fisheries, Pasarminggu, Indonesia","The Savu Sea in East Nusa Tenggara Province is the location of fishing activities for most fishermen in East Nusa Tenggara. Despite its potential, the knowledge of the fishing ground is still conventional. Currently, predictive methods for trips planning are available, such as the fishing ground forecast maps based on the chlorophyll-a, sea surface temperature and salinity. The related data are provided by NASA, being processed by the Marine Research and Observation Center to display the potential fishing ground as a box view with an accuracy level of 5 square miles. Eventually, the forecast map of the fishing area will be compared with the fishing locations known by the fishermen, for validation The data collection used a survey method and the data analysis used both a descriptive analysis and the linear regression. The forecast maps matched with the observed fishing locations at only 13.6%. The highest recorded chlorophyll-a concentration was of 1.29 mg m-3 (constantly observed in the West Flores) and the lowest was of 0.07 mg m-3 . The chlorophyll-a has an effect on 62.2% of the catch and 52% of the catch is composed of Katsuwonus pelamis. © 2023 Elsevier B.V., All rights reserved.",Catch Composition; Katsuwonus Pelamis; Modis; Sea Surface Temperature,,"The authors would like to thank to the Director and staff of the Institute for Marine Research and Observation (IMRO), Agency for Marine and Fisheri es Research and Development, Ministry of Marine Affair and Fisheries, Indonesia. For the support to sharing and processing of the satellite data related to the distribution of SST and chlorophyll-a in fishing ground and to all other parties for their help and contributions.",,BIOFLUX SRL,18449166; 18448143,,,,English,Article,Final,,Scopus,2-s2.0-85140915932
"H.M., Putri, Hertria Maharani; W.A., Salim, Wilmar A.; D., Hudalah, Delik","Putri, Hertria Maharani (57201383258); Salim, Wilmar A. (55346272000); Hudalah, Delik (22950303600)",57201383258; 55346272000; 22950303600,"Social impact of industrialization policies on fishing communities in the outer islands: Case of natuna, indonesia",2021,Journal of Marine and Island Cultures,10,1,,245,262,0,0,10.21463/JMIC.2021.10.1.13,https://www.scopus.com/inward/record.uri?eid=2-s2.0-85111538693&doi=10.21463%2FJMIC.2021.10.1.13&partnerID=40&md5=2e93e82535aa57619c0f2d7c5386fed5,"Institut Teknologi Bandung, Bandung, Indonesia; Institut Teknologi Bandung, Bandung, Indonesia; Institut Teknologi Bandung, Bandung, Indonesia","Putri, Hertria Maharani, Planning and Policy Development, Institut Teknologi Bandung, Bandung, Indonesia; Salim, Wilmar A., Planning and Policy Development, Institut Teknologi Bandung, Bandung, Indonesia; Hudalah, Delik, Planning and Policy Development, Institut Teknologi Bandung, Bandung, Indonesia","Natuna Island is one of the outer islands in Indonesia with under-development conditions due to its remote location. The government initiated to build fisheries industrialization and turning them into a growth center. So far, it is considered to only have affected their economic life. In fact, it also impacted the social life of their local community. However, differences in the characteristics of the people on small islands which are different from those on the main islands, may result in the destruction of endogenous social relations of the community by the industrialization process. This paper identifies the impact of exogenous development in the form of fisheries industrialization on the social life of the fisherman using the Social Impact Analysis (SIA) method. Sources of data were obtained from FGD with stakeholders, indepth and semi-structured interviews, content analysis of related documents, as well as observations. From the study results, it is evident that there have been several negative impacts on fishing community due to fisheries industrialization. This impact results in the loss of social strength in the form of access to marine production bases. Local fishermen are driven out of their own sea areas, in the sense that their fishing grounds are used by other fishermen so that they have to change fishing locations. Second, there is no development of political power in the form of individual access to making decisions, voicing aspirations, and acting as a group because the established institution is only used as a formality to get assistance. Finally, fishermen's self-confidence has decreased because they continue to feel unsupported. The increasing number of new players in the sea area often adds to the fishermen's sense of inferiority. These changes seem to discourage the local community from supporting the implementation of the government development programs. © 2021 Elsevier B.V., All rights reserved.",Fisheries Industrialization; Fishing Community; Natuna; Outer Islands; Social Impact,,The study eldwork was funded by P3MI ITB research grant for the year 2020.,,Plate Media,22126821,,,,English,Article,Final,All Open Access; Gold Open Access,Scopus,2-s2.0-85111538693
"A., Rani Sahni Putri, Andi; M., Zainuddin, Mukti; n., Musbir; M.A., Ahmad-Mustapha, Muzzneena Ahmad; R., Hidayat, Rachmat; R.S., Putri, Rini Sahni","Rani Sahni Putri, Andi (57201495713); Zainuddin, Mukti (6506490325); Musbir, M. (57201492379); Ahmad-Mustapha, Muzzneena Ahmad (23100915000); Hidayat, Rachmat (57200559829); Putri, Rini Sahni (57201494933)",57201495713; 6506490325; 57201492379; 23100915000; 57200559829; 57201494933,"Spatial distribution of potential fishing grounds for skipjack tuna katsuwonus pelamis in the Makassar strait, Indonesia",2021,AACL Bioflux,14,3,,1171,1180,0,3,,https://www.scopus.com/inward/record.uri?eid=2-s2.0-85107992637&partnerID=40&md5=8fcd85ebba6f7fec286a8b25a346f110,"Hasanuddin University, Makassar, Indonesia; Universiti Kebangsaan Malaysia, Bangi, Malaysia; University of Muhammadiyah Sidenreng Rappang, Sidenreng Rappang, Indonesia","Rani Sahni Putri, Andi, Faculty of Marine Science and Fisheries, Hasanuddin University, Makassar, Indonesia; Zainuddin, Mukti, Faculty of Marine Science and Fisheries, Hasanuddin University, Makassar, Indonesia; Musbir, null, Faculty of Marine Science and Fisheries, Hasanuddin University, Makassar, Indonesia; Ahmad-Mustapha, Muzzneena Ahmad, School of Environmental and Natural Resource Sciences, Universiti Kebangsaan Malaysia, Bangi, Malaysia; Hidayat, Rachmat, Faculty of Marine Science and Fisheries, Hasanuddin University, Makassar, Indonesia; Putri, Rini Sahni, University of Muhammadiyah Sidenreng Rappang, Sidenreng Rappang, Indonesia","Skipjack tuna (Katsuwonus pelamis) is one of the large pelagic fish with great potential in the Makassar Strait. Its fishing, migration, and physiology are inseparable from the oceanographic conditions of the waters. This study aimed to identify the relationship between the skipjack tuna catch and oceanographic variables and to analyse the potential fishing ground for skipjack tuna in the Makassar Strait. We used the survey method to collect the fishing and oceanographic data from July to October 2018. The data was analysed using the Multiple Linear Regression (MLR) to find out the relationship between the skipjack tuna catch and oceanographic variables, Sea Surface Temperature (SST) and Chlorophyll-a (Chl-a). Potential skipjack tuna fishing grounds were mapped using ARCGIS 10.2 software package based on MLR output. The results showed that the high catches were associated with chlorophyll-a (0.15 - 0.2 mg m-3) and SST (29.5 - 30°C). The results of the MLR analysis showed the distribution and movement of the fishery data (in-situ data) were consistent with the prediction of the potential fishing grounds for skipjack tuna and reached a peak in October during the period of the study. Spatial patterns of the potential fishing grounds for skipjack tuna fishing were mostly located at the areas of 0°00' to 4°30' S and 118°0'E to 119°00' E. These results illustrate that spatial distribution of skipjack potential fishing grounds provide important information for conservation and fishing management strategies. © 2021 Elsevier B.V., All rights reserved.",Chlorophyll-a; Multiple Linear Regression; Satellite Oceanographic Data; Sst,,Acknowledgements. This study was financially supported by the PMDSU scholarship program of the Ministry of Research and Technology of the Republic of Indonesia. We also appreciate the use of MODIS SST and Chl-a datasets in www.oceancolor.gsfc.nasa.gov.,,BIOFLUX SRL,18449166; 18448143,,,,English,Article,Final,,Scopus,2-s2.0-85107992637
"L.O.A.R., Nadia, La Ode Abdul Rajab; M., Ramli, Muhammad; L.M.H., Nadia, Laode Muhamad Hazairin; M.F., Purnama, Muhammad F.; I., Male, Idul","Nadia, La Ode Abdul Rajab (57223809819); Ramli, Muhammad (57223830387); Nadia, Laode Muhamad Hazairin (59118331400); Purnama, Muhammad F. (57218897409); Male, Idul (57223803544)",57223809819; 57223830387; 59118331400; 57218897409; 57223803544,"The richness of reef fish community in an environmentally-friendly bioreeftech area of the staring bay, indonesia",2021,AACL Bioflux,14,2,,931,941,0,3,,https://www.scopus.com/inward/record.uri?eid=2-s2.0-85106180495&partnerID=40&md5=ee7bc5580a8fe9c8cf137e9b87da3d78,"Universitas Halu Oleo, Kendari, Indonesia; Universitas Halu Oleo, Kendari, Indonesia; Universitas Halu Oleo, Kendari, Indonesia; Fisheries and Marine Agency, Kendari, Southeast Sulawesi, Indonesia","Nadia, La Ode Abdul Rajab, Department of Aquatic Resources Management, Universitas Halu Oleo, Kendari, Indonesia; Ramli, Muhammad, Department of Marine Sciences, Universitas Halu Oleo, Kendari, Indonesia; Nadia, Laode Muhamad Hazairin, Department of Fish Processing Technology, Universitas Halu Oleo, Kendari, Indonesia; Purnama, Muhammad F., Department of Aquatic Resources Management, Universitas Halu Oleo, Kendari, Indonesia; Male, Idul, Fisheries and Marine Agency, Kendari, Southeast Sulawesi, Indonesia","The reef fish community is strongly influenced by the artificial reefs as they play an important role in providing a new habitat. The bioreeftech’s physical structure and technology serves as a rearing media for planula larvae and as a fishing zone. The objective of the study was to determine the richness of the reef fish community in the area of a nature-friendly bioreeftech in the Staring Bay, South Konawe. Data was collected between June 2018-June 2019, using the Underwater Visual Census (UVC) and the line intercept transect method. Prior to the bioreeftech placement, 69 fish species were identified in the study area, representing 14 families. There was an increase in the number of fish species residing the area after the placement of the bioreeftech: 141 species were identified, representing 24 families and comprising 33 commercial species, 23 indicator species, and 85 major species. Fish richness was dominated by commercial species: Caesio cuning, Siganus vulpinus and Ctenochaetus striatus. The indicator species were dominated by Chaetodon octofasciatus, while the major species were dominated by Pomacentrus smithi, Chrysiptera rollandi, Chrysiptera springeri and Pomacentrus alexanderae. The biodiversity index and the margalef dominance index were in the range of 1.36-3.23 and 4.74-8.66, respectively. In conclusion, bioreeftech contributed to the coral growth and to the increase of the fish species richness, providing a new habitat in the Staring Bay, South Konawe, Indonesia. © 2021 Elsevier B.V., All rights reserved.",Abundance; Artificial Reef; Bioreeftech; Diversity; Reef Fish Community,,Funding text 1: The authors would like to express their gratitude to LPPM Halu Oleo University and APIK-USAID for their financial support during the study.; Funding text 2: Acknowledgements. The authors would like to express their gratitude to Oleo University and APIK-USAID for their financial support during the study.,,BIOFLUX SRL,18449166; 18448143,,,,English,Article,Final,,Scopus,2-s2.0-85106180495
"W.S., Yulina, Wulandari Sri; R.O., Karna, Radjasa Ocky; Y., Bambang, Yulianto; A., Ismanto, Aris; M., Muslim, Muslim; M., Jarot, Marwoto; S., Hendry, Siagian; M., Siti, Maisyarah","Yulina, Wulandari Sri (59130251400); Karna, Radjasa Ocky (57223280815); Bambang, Yulianto (57223284878); Ismanto, Aris (57203496216); Muslim, Muslim (56094376100); Jarot, Marwoto (57223295606); Hendry, Siagian (57223286866); Siti, Maisyarah (57223273498)",59130251400; 57223280815; 57223284878; 57203496216; 56094376100; 57223295606; 57223286866; 57223273498,Microplastics model distribution in semarang waters,2021,Research Journal of Chemistry and Environment,25,1,,109,120,0,7,,https://www.scopus.com/inward/record.uri?eid=2-s2.0-85105429740&partnerID=40&md5=32fab3523cba255f4175089829000754,"Universitas Diponegoro, Semarang, Indonesia; Universitas Diponegoro, Semarang, Indonesia; Universitas Diponegoro, Semarang, Indonesia","Yulina, Wulandari Sri, Doctoral Program of Environmental Science, Universitas Diponegoro, Semarang, Indonesia, Department of Oceanography, Universitas Diponegoro, Semarang, Indonesia; Karna, Radjasa Ocky, Doctoral Program of Environmental Science, Universitas Diponegoro, Semarang, Indonesia; Bambang, Yulianto, Doctoral Program of Environmental Science, Universitas Diponegoro, Semarang, Indonesia; Ismanto, Aris, Department of Oceanography, Universitas Diponegoro, Semarang, Indonesia, Department of Marine Sciences, Universitas Diponegoro, Semarang, Indonesia; Muslim, Muslim, Department of Oceanography, Universitas Diponegoro, Semarang, Indonesia; Jarot, Marwoto, Department of Oceanography, Universitas Diponegoro, Semarang, Indonesia; Hendry, Siagian, Department of Oceanography, Universitas Diponegoro, Semarang, Indonesia; Siti, Maisyarah, Department of Oceanography, Universitas Diponegoro, Semarang, Indonesia","The microplastics distribution in Semarang waters is simulated using a two-dimensional coastal model where the microplastics distribution is coupled with the transport equation. The source of the microplastics itself came from the West Banjir Kanal and the East Banjir Kanal river already studied in the previous studies. Semarang Waters also have potential on the fishing ground where this location is vulnerable with this microplastics distribution. This study is to determine the pattern of current distribution of microplastics pollution with a mathematical model approach on the waters of Semarang Waters. The microplastics pollution distribution that already overlays with the fishing ground area in Semarang Waters shows few places that already contaminated by microplastics. Therefore, we have to increase awareness through education at the public, private and Government sectors that will go a long way in reducing the entry of microplastics into the environment. © 2021 Elsevier B.V., All rights reserved.",Fishing Ground; Microplastics Distribution; Semarang Waters; Two-dimensional Coastal Model; Coastal Water; Education; Numerical Model; Plastic; River System; Two-dimensional Modeling; Vulnerability; Central Java; Indonesia; Semarang,coastal water; education; numerical model; plastic; river system; two-dimensional modeling; vulnerability; Central Java; Indonesia; Semarang,"This work was supported by the Faculty of Fisheries and Marine Sciences Universitas Diponegoro provided funding. That fund was sourced besides APBN DPA SUKPA Faculty of Fisheries and Marine Sciences, Universitas Diponegoro. We would like to thank the Center for Coastal Disaster Mitigation and Rehabilitation Studies (PKMBRP), Universitas Diponegoro. Thanks also to all the respondents and all those who have helped so done research.",,World Research Association,22784527; 09720626,,,,English,Article,Final,,Scopus,2-s2.0-85105429740
"P.S., Zu Ermgassen, Philine S.E.; N., Mukherjee, Nibedita; T.A., Worthington, Thomas A.; A., Acosta, Alejandro; A.R.D., Rocha Araujo, Ana Rosa Da; C.M., Beitl, Christine M.; G.A., Castellanos-Galindo, Gustavo Adolfo; M., Cunha-Lignon, M.; F., Dahdouh-Guebas, Farid; K., Diele, Karen","Zu Ermgassen, Philine S.E. (35799359300); Mukherjee, Nibedita (36169489700); Worthington, Thomas A. (36515947900); Acosta, Alejandro (57190773833); Rocha Araujo, Ana Rosa Da (57219396431); Beitl, Christine M. (52563145000); Castellanos-Galindo, Gustavo Adolfo (9235326500); Cunha-Lignon, M. (8642521100); Dahdouh-Guebas, Farid (8964136400); Diele, Karen (14010797400)",35799359300; 36169489700; 36515947900; 57190773833; 57219396431; 52563145000; 9235326500; 8642521100; 8964136400; 14010797400,Fishers who rely on mangroves: Modelling and mapping the global intensity of mangrove-associated fisheries,2020,"Estuarine, Coastal and Shelf Science",247,,106975,,,0,62,10.1016/j.ecss.2020.106975,https://www.scopus.com/inward/record.uri?eid=2-s2.0-85092472507&doi=10.1016%2Fj.ecss.2020.106975&partnerID=40&md5=a39e3ea1ba27e68d7e7de7915b097c77,"The University of Edinburgh, Edinburgh, United Kingdom; University of Cambridge, Cambridge, United Kingdom; Florida Fish and Wildlife Conservation Commission, Tallahassee, United States; Université Fédérale de Sergipe, Sao Cristovao, Brazil; College of Liberal Arts and Sciences, Orono, United States; Panama / Leibniz Centre for Tropical Marine Research (ZMT), Germany; Leibniz Center for Tropical Marine Research, Bremen, Germany; Universidade Estadual Paulista ""Júlio de Mesquita Filho"", Sao Paulo, Brazil; Université Libre de Bruxelles, Brussels, Belgium; Vrije Universiteit Brussel, Brussels, Belgium; University of Cambridge, Cambridge, United Kingdom; Coastal Systems, Wollongbar, Australia; The University of Edinburgh, Edinburgh, United Kingdom; MarFishEco Fisheries Consultants, Edinburgh, United Kingdom; Heriot-Watt University, Edinburgh, United Kingdom; Tanzania Fisheries Research Institute (TAFIRI), Dar Es Salaam, Tanzania; IUCN SSC Marine Conservation Committee, Sri Lanka; Murdoch University, Perth, Australia; Nature Conservancy, Arlington, United States; Instituto de Pesca, Sao Paulo, Brazil; Griffith University, Brisbane, Australia; Center for Environmental and Geographic Information Services, Dhaka, Bangladesh; University of the Witwatersrand, Johannesburg, Johannesburg, South Africa; Technical University of Mombasa, Mombasa, Kenya; University of California, Santa Cruz, Santa Cruz, United States; Uppsala Universitet, Uppsala, Sweden; Independent GIS Consultant, Penzance, United Kingdom; Università degli Studi di Siena, Siena, Italy; Edinburgh Napier University, Edinburgh, United Kingdom","Zu Ermgassen, Philine S.E., Changing Oceans Group, The University of Edinburgh, Edinburgh, United Kingdom; Mukherjee, Nibedita, Department of Zoology, University of Cambridge, Cambridge, United Kingdom; Worthington, Thomas A., Department of Zoology, University of Cambridge, Cambridge, United Kingdom; Acosta, Alejandro, Florida Fish and Wildlife Conservation Commission, Tallahassee, United States; Rocha Araujo, Ana Rosa Da, Department of Fisheries and Aquaculture Engineering, Université Fédérale de Sergipe, Sao Cristovao, Brazil; Beitl, Christine M., College of Liberal Arts and Sciences, Orono, United States; Castellanos-Galindo, Gustavo Adolfo, Smithsonian Tropical Research Institution (STRI), Panama / Leibniz Centre for Tropical Marine Research (ZMT), Germany, Leibniz Center for Tropical Marine Research, Bremen, Germany; Cunha-Lignon, M., Department of Fishery Engineering, Universidade Estadual Paulista ""Júlio de Mesquita Filho"", Sao Paulo, Brazil; Dahdouh-Guebas, Farid, Département de Biologie des Organismes, Université Libre de Bruxelles, Brussels, Belgium, Ecology and Biodiversity, Vrije Universiteit Brussel, Brussels, Belgium; Diele, Karen, School of Applied Sciences, Edinburgh Napier University, Edinburgh, United Kingdom","Mangroves are critical nursery habitats for fish and invertebrates, providing livelihoods for many coastal communities. Despite their importance, there is currently no estimate of the number of fishers engaged in mangrove associated fisheries, nor of the fishing intensity associated with mangroves at a global scale. We address these gaps by developing a global model of mangrove associated fisher numbers and mangrove fishing intensity. To develop the model, we undertook a three-round Delphi process with mangrove fisheries experts to identify the key drivers of mangrove fishing intensity. We then developed a conceptual model of intensity of mangrove fishing using those factors identified both as being important and for which appropriate global data could be found or developed. These factors were non-urban population, distance to market, distance to mangroves and other fishing grounds, and storm events. By projecting this conceptual model using geospatial datasets, we were able to estimate the number and distribution of mangrove associated fishers and the intensity of fishing in mangroves. We estimate there are 4.1 million mangrove associated fishers globally, with the highest number of mangrove fishers found in Indonesia, India, Bangladesh, Myanmar, and Brazil. Mangrove fishing intensity was greatest throughout Asia, and to a lesser extent West and Central Africa, and Central and South America. © 2021 Elsevier B.V., All rights reserved.",Ecological Modeling; Fishery; Fishing; Mangrove; Mapping Method; Asia; Brazil; Central Africa; India; South America; Invertebrata; Martes; Rhizophoraceae,ecological modeling; fishery; fishing; mangrove; mapping method; Asia; Brazil; Central Africa; India; South America; Invertebrata; Martes; Rhizophoraceae,"This work was funded as part of The Nature Conservancy's Mapping Ocean Wealth initiative and we are grateful for early support from the Lyda Hill Foundation . TW was supported by the International Climate Initiative (IKI) funded by the German Federal Ministry for the Environment, Nature Conservation and Nuclear Safety (BMU) on the basis of a decision adopted by the German Bundestag and an anonymous gift to The Nature Conservancy . KD acknowledges the Natural Environment Research Council Grant NE/S006990/1 .",,Academic Press,02727714,,ECSSD,,English,Article,Final,All Open Access; Bronze Open Access; Green Accepted Open Access; Green Final Open Access; Green Open Access,Scopus,2-s2.0-85092472507
"R.S., Putri, Rini Sahni; M., Bibin, Muhammad; A., Rani Sahni Putri, Andi; A., Asrifan, Andi","Putri, Rini Sahni (57201494933); Bibin, Muhammad (57217017838); Rani Sahni Putri, Andi (57201495713); Asrifan, Andi (57200254488)",57201494933; 57217017838; 57201495713; 57200254488,Gam in modeling the distribution of small pelagic fish in the Makassar strait,2020,Veterinary Practitioner,21,2,,310,314,0,3,,https://www.scopus.com/inward/record.uri?eid=2-s2.0-85104172755&partnerID=40&md5=4429728871edebfd2dd32ac54d9eba85,"Faculty of Science and Technology, Jambi, Indonesia","Putri, Rini Sahni, Department of Fisheries Science, Faculty of Science and Technology, Jambi, Indonesia; Bibin, Muhammad, Department of Fisheries Science, Faculty of Science and Technology, Jambi, Indonesia; Rani Sahni Putri, Andi, Department of Fisheries Science, Faculty of Science and Technology, Jambi, Indonesia; Asrifan, Andi, Department of Fisheries Science, Faculty of Science and Technology, Jambi, Indonesia","Sea surface temperature (SST) and Chlorophyll-a (CHL-a) are important parameters in studying the dynamics of their management environment in the presence of fish. The Makassar Strait is one of the highest production areas for small pelagic fish in Indonesia. Several types of small pelagic fish are economically important fish. This is what causes small pelagic fish to become one of the main targets for fish catchers. Information about the presence of fish is very important in increasing the catch and subjects in fishing activities. Therefore, the aim of this study is to determine the distribution and character of the small pelagic fishing zone in the Makassar Strait using Generalized Additive Models (GAM).Oceanographic data in the form of depth, direction and current velocity, SST and CHL-a in February-July 2020 in the Makassar Strait were obtained from satellite images with a spatial resolution of 4 km and monthly temporal. Data processing using ArcGIS 10.5 software in mapping oceanographic parameters and catching points of small pelagic fish and software R 3.2.3 in GAM analysis. This study shows that the presence of small pelagic fish in the Makassar Strait is seen more in the SST range 29.60°C-30.50°C, the CHL-a range 0.20 mg/m³-0.37 mg/m³ and current velocity in the range 0.10 m/s-0.22 m/s. The parameter that most influences the presence and distribution of small pelagic fish is the concentration of CHL-a in the Makassar Strait waters. © 2021 Elsevier B.V., All rights reserved.",Generalized Additive Model; Oceanographic Parameters; Small Pelagic Fish Makassar Strait; Chlorophyll A; Chlorophyll A; Satellite Dna; Article; Data Analysis; Data Extraction; Data Processing; Geographic Information System; Indonesia; Information Processing; Microbial Community; Nonhuman; Oceanography; Pelagic Fish; Phytoplankton; Sea Surface Temperature; Seasonal Variation; Species Distribution,chlorophyll a; satellite DNA; Article; data analysis; data extraction; data processing; geographic information system; Indonesia; information processing; microbial community; nonhuman; oceanography; pelagic fish; phytoplankton; sea surface temperature; seasonal variation; species distribution,"Funding text 1: The author would like to thank the Ministry of Research and Technology/NationalAgency for Research and Technology for financial assistance for the Beginner Lecturer Research scheme with contract number: 231/SP2H/LT/DRPM/2019 on behalf of A.Rini Sahni Putri, S.Pi., M.Si. We would also like to; Funding text 2: The author would like to thank the Ministry of Research and Technology/National Agency for Research and Technology for financial assistance for the Beginner Lecturer Research scheme with contract number: 231/SP2H/LT/DRPM/2019 on behalf of A.Rini Sahni Putri, S.Pi., M.Si. We would also like to thank anonymous reviewers and the editor for their suggestions to improve this manuscript.",,Veterinary Practitioner,09724036,,,,English,Article,Final,,Scopus,2-s2.0-85104172755
"Y.P., Paulangan, Y. P.; K., Rumbiak, K.; B., Barapadang, B.","Paulangan, Y. P. (57208150157); Rumbiak, K. (57219973646); Barapadang, B. (57219972519)",57208150157; 57219973646; 57219972519,"Fishing season and participatory mapping of the fishing ground of target fish in Depapre Bay, Jayapura Regency, Papua Indonesia",2020,IOP Conference Series: Earth and Environmental Science,584,1,012031,,,0,5,10.1088/1755-1315/584/1/012031,https://www.scopus.com/inward/record.uri?eid=2-s2.0-85096363461&doi=10.1088%2F1755-1315%2F584%2F1%2F012031&partnerID=40&md5=c9c180f95d4a5a2ec3c0748066b03d67,"Universitas Cenderawasih, Jayapura, Indonesia; Universitas Cenderawasih, Jayapura, Indonesia","Paulangan, Y. P., Universitas Cenderawasih, Jayapura, Indonesia; Rumbiak, K., Universitas Cenderawasih, Jayapura, Indonesia; Barapadang, B., Universitas Cenderawasih, Jayapura, Indonesia","Fisheries resources, especially small-scale fisheries in the Depapre Bay, Jayapura Regency, which is quite potential, have not been utilized optimally. However, the damage to supporting ecosystems has begun to occur. The aims of this study were to inventory the target fish resources, study the pattern of the fishing season, and determine the fishing ground area in the Depapre Bay in a participatory manner. The method approach used in this study is a semi-structured study to document and evaluate small-scale fisheries management systems in a participatory manner with several data collection techniques, namely with focus group discussions, in-depth interviews, and recording and documentation. There are around 14 target fish families in the Depapre Bay that have been identified, which are grouped into pelagic fish and demersal fish. The pelagic fish group of the Scrombidae family has a fishing season of around May-November, namely in the east to the west season with the fishing ground outside the bay, while the demersal fish group generally has a fishing season of around May-February or occurs from the beginning to the end of the western season with the fishing ground in the bay and around Tanjung Tanah Merah, which is caused by the physiographical and oceanographical factors of the Depapre Bay. Considering the above conditions, it is necessary to pay attention to stakeholders, especially the local government. In addition to the community empowerment to improve technology, the limited reach of fishermen should also be taken into consideration. Conservation zoning should be based on the fishing ground areas by paying attention to the existing the Tiaitiki local wisdom system. © 2020 Elsevier B.V., All rights reserved.",Fish; Fisheries; Information Management; Community Empowerments; Data Collection; Fish Resources; In-depth Interviews; Local Government; Recording And Documentations; Semi-structured; Small-scale Fisheries; Fishing (oil Wells),Fish; Fisheries; Information management; Community empowerments; Data collection; Fish resources; In-depth interviews; Local government; Recording and documentations; Semi-structured; Small-scale fisheries; Fishing (oil wells),"This research was funded by PNBP UNCEN 2020 through the Doctoral Development Research scheme, and for that, we would like to express our gratitude to UNCEN Rector and Chair of LPPM as the manager.",,IOP Publishing Ltd,17551307; 17551315,,,,English,Conference paper,Final,All Open Access; Gold Open Access,Scopus,2-s2.0-85096363461
"S., Picaulima, Simon; E.S., Wiyono, Eko Sri; M.S., Baskoro, Mulyono Sumitro; M., Riyanto, Mochammad","Picaulima, Simon (57196948737); Wiyono, Eko Sri (13806928300); Baskoro, Mulyono Sumitro (8372145900); Riyanto, Mochammad (55990377200)",57196948737; 13806928300; 8372145900; 55990377200,"Fleets dynamics of small-scale fisheries in eastern Kei Kecil Island, Maluku Province, Indonesia",2020,AACL Bioflux,13,5,,2835,2851,0,2,,https://www.scopus.com/inward/record.uri?eid=2-s2.0-85098074340&partnerID=40&md5=401a3cf4a32fedb25c6e35fcb6e187c4,"IPB University, Bogor, Indonesia; Polytechnic of Fisheries, Tual, Indonesia","Picaulima, Simon, Department of Fisheries Resources Utilization, IPB University, Bogor, Indonesia, Department of Fisheries Agribusiness, Polytechnic of Fisheries, Tual, Indonesia; Wiyono, Eko Sri, Department of Fisheries Resources Utilization, IPB University, Bogor, Indonesia; Baskoro, Mulyono Sumitro, Department of Fisheries Resources Utilization, IPB University, Bogor, Indonesia; Riyanto, Mochammad, Department of Fisheries Resources Utilization, IPB University, Bogor, Indonesia","Fleet dynamics is a technique used to increase the fishing effort of small-scale fisheries. Therefore, it is important to have adequate knowledge of the fishing seasons to optimally and effectively manage small-scale fisheries. This study aimed to identify the dynamics of a small-scale fisheries fleet on the Eastern Kei Kecil Island. Data were collected through interviews, surveys, identification of fish catches, and participatory mapping from October 2019 to March 2020 in thirteen ""Ohio"" (villages) located in the Eastern Kei Kecil Region. Furthermore, the data were descriptively analyzed using maps and graphs. The results showed that the fishermen's behavior in allocating passive and active fishing gear and exploiting pelagic and demersal fish resources in this study differed according to the monsoon, which influenced the abundance, distribution, and prices of fish. The fleet's dynamics of small-scale fishery aim to maximize catches and income. This condition led to interactions between several fishing fleets such as lift net, purse seine, troll line, vertical line, handline, and gillnet that operate at the same fishing area in a monsoon. This affected the competitiveness of the fishing fleet towards fish resources that have important economic value, including Indian scad fish (Decapterus russelli), frigate tuna (Auxis thazard), pink ear emperor (Lethrinus lentjan), coastal trevally (Carangoides coeruleopinnatus), and red snapper (Lutjanus malabaricus). When the small-scale fishing fleet competition is carried out continuously, without surveillance, the fish resources decline, therefore it is essential to monitor and control the input and output techniques. © 2020 Elsevier B.V., All rights reserved.",Catch; Control Techniques; Fisherman Behavior; Fishing Efforts; Fishing Ground,,"Funding text 1: Acknowledgements. The authors would like to thank the Ministry of Research, Technology, and Higher Education, Indonesian Education Fund Management Institute (LPDP) for funding this research through the 2020 Dissertation Scholarship. The authors are also grateful to the WWF Indonesia and the Dunuwahan, Sitniohoi, Letman, Faer, Ohoijang, Sathean, Disuk, Revav, Rat, Mastur, Elar And Danar communities.; Funding text 2: The authors would like to thank the Ministry of Research, Technology, and Higher Education, Indonesian Education Fund Management Institute (LPDP) for funding this research through the 2020 Dissertation Scholarship. The authors are also grateful to the WWF Indonesia and the Dunuwahan, Sitniohoi, Letman, Faer, Ohoijang, Sathean, Disuk, Revav, Rat, Mastur, Elar And Danar communities.",,BIOFLUX SRL,18449166; 18448143,,,,English,Article,Final,,Scopus,2-s2.0-85098074340
"A., Priyambada, Agung; A.D.P., Fitri, Aristi Dian Purnama; A., Ghofar, Abdul","Priyambada, Agung (57220996098); Fitri, Aristi Dian Purnama (57201184196); Ghofar, Abdul (6504473658)",57220996098; 57201184196; 6504473658,"Potential fishing grounds for portunus pelagicus based on oceanographic factors of the tukak sadai waters, bangka belitung, indonesia",2020,AACL Bioflux,13,5,,2705,2716,0,2,,https://www.scopus.com/inward/record.uri?eid=2-s2.0-85097988110&partnerID=40&md5=9f2e951e8dfd1874ff1ba01ef5c1d14c,"Universitas Diponegoro, Semarang, Indonesia; Universitas Diponegoro, Semarang, Indonesia","Priyambada, Agung, Department of Aquatic Resources, Universitas Diponegoro, Semarang, Indonesia; Fitri, Aristi Dian Purnama, Department of Capture Fisheries, Universitas Diponegoro, Semarang, Indonesia; Ghofar, Abdul, Department of Aquatic Resources, Universitas Diponegoro, Semarang, Indonesia","The increasing demand for blue swimming crab (Portunus pelagicus) in Indonesia encourages fishermen to look for new fishing grounds. The presence of P. pelagicus in waters is predicted from oceanographic factors, including temperature, salinity, depth and currents. The purpose of this study is to predict the potential fishing grounds of P. pelagicus based on oceanographic factors in the Tukak Sadai waters, Bangka Belitung, Indonesia. Physical parameter data was obtained from a total of 20 fishing ground stations from March to May 2019. Polynomial regression was used to analyze the relationship between catches and physical parameters. In contrast, the spatial distribution of P. pelagicus fishing grounds used the kriging method to determine the suitability class. The results showed that the oceanographic characteristics of the fishing grounds were: 27.7-32.7‰ salinity, 29.5-31.80C temperature, 2-7 m depth and 0.34-0.4 m s-1 current velocity. The water depth factor has a high correlation with P. pelagicus catches (0.78), followed by temperature, current and salinity. Very potential fishing grounds of P. pelagicus in Tukak Sadai waters based on oceanographic conditions and the carapace width legal size (>100 mm) is located at a distance of 2 miles from the coast. © 2020 Elsevier B.V., All rights reserved.",Blue Swimming Crab; Depth; Physical Parameters; Tukak Sadai,,,,BIOFLUX SRL,18449166; 18448143,,,,English,Article,Final,,Scopus,2-s2.0-85097988110
"R., Hidayat, Rachmat; M., Zainuddin, Mukti; A., Mallawa, Achmar; M.A., Ahmad-Mustapha, Muzzneena Ahmad; n., Safruddin; A., Rani Sahni Putri, Andi","Hidayat, Rachmat (57200559829); Zainuddin, Mukti (6506490325); Mallawa, Achmar (57201495563); Ahmad-Mustapha, Muzzneena Ahmad (23100915000); Safruddin (57195941084); Rani Sahni Putri, Andi (57201495713)",57200559829; 6506490325; 57201495563; 23100915000; 57195941084; 57201495713,Estimating potential fishing zones for Skipjack Tuna (Katsuwonus pelamis) Abundance in Southern Makassar Strait,2020,IOP Conference Series: Earth and Environmental Science,564,1,012082,,,0,2,10.1088/1755-1315/564/1/012082,https://www.scopus.com/inward/record.uri?eid=2-s2.0-85095860675&doi=10.1088%2F1755-1315%2F564%2F1%2F012082&partnerID=40&md5=9426d947ce8a8d658148a1184709f0a1,"Hasanuddin University, Makassar, Indonesia; Universiti Kebangsaan Malaysia, Bangi, Malaysia","Hidayat, Rachmat, Faculty of Marine Science and Fisheries, Hasanuddin University, Makassar, Indonesia; Zainuddin, Mukti, Faculty of Marine Science and Fisheries, Hasanuddin University, Makassar, Indonesia; Mallawa, Achmar, Faculty of Marine Science and Fisheries, Hasanuddin University, Makassar, Indonesia; Ahmad-Mustapha, Muzzneena Ahmad, Faculty of Science and Technology, Universiti Kebangsaan Malaysia, Bangi, Malaysia; Safruddin, null, Faculty of Marine Science and Fisheries, Hasanuddin University, Makassar, Indonesia; Rani Sahni Putri, Andi, Faculty of Marine Science and Fisheries, Hasanuddin University, Makassar, Indonesia","This study aims to estimate potential fishing zones by estimating the abundance of skipjack fish in the Makassar Strait using satellite data and Geographic Information Systems (GIS) techniques. The data used consists of catch coordinates, skipjack catches, oceanographic data from satellite imagery with high-resolution Spectra-Resolution Imaging Spectroradiometer (MODIS) Aqua data (sea surface temperature, chlorophyll-a), Etopo1 for depth, and Aviso for the current speed. The prediction of skipjack tuna abundance is calculated by the Generalized Additive Model (GAM) prediction function to determine the best parameters seen from the AIC and GCV value, then mapped using geographic information system techniques by using the multi-regression formula. The results showed that the most potential fishing ground for skipjack tuna in the Makassar Strait was in March 2018 with an estimated abundance of more than 477 fish km-2 at coordinates 118.1297 east longitude and-3.3814 southern latitude. We suggest that efforts to catch Skipjack Tuna are directed to this area for more profitable catches. © 2020 Elsevier B.V., All rights reserved.",Fish; Fisheries; Geographic Information Systems; Information Systems; Information Use; Oceanography; Radiometers; Satellite Imagery; Surface Waters; Generalized Additive Model; High-resolution Spectra; Katsuwonus Pelamis; Multi-regression Formula; Oceanographic Data; Prediction Function; Resolution Imaging; Sea Surface Temperature (sst); Fishing (oil Wells),Fish; Fisheries; Geographic information systems; Information systems; Information use; Oceanography; Radiometers; Satellite imagery; Surface waters; Generalized additive model; High-resolution spectra; Katsuwonus pelamis; Multi-regression formula; Oceanographic data; Prediction function; Resolution imaging; Sea surface temperature (SST); Fishing (oil wells),"We recognize the use of Aqua Satellite Image (MODIS) by Ocean Color (https://oceancolor.gsfc.nasa.gov/) for sea surface temperature and chlorophyll-a, while for current were taken from the AVISO Altimetry site (https://las.aviso.altimetry.fr/las/UI.vm) and depth data from Etopo1 (https://www.ngdc.noaa.gov/mgg/global/). This study was funded under the scholarship program of the Ministry of Research, Technology, and Higher Education of the Republic of Indonesia (PMDSU research Grant No. 1739/UN4.21/PL.01.10/2019). We also wish to thank the Skipjack Spot Hunter team.",,IOP Publishing Ltd,17551307; 17551315,,,,English,Conference paper,Final,All Open Access; Gold Open Access,Scopus,2-s2.0-85095860675
"n., Safruddin; R., Hidayat, Rachmat; Y.K., Sutopo, Y. K.D.; M.T., Omar, Moh Tauhid; A.A., Farhum, Aisjah Aisjah; A., Mallawa, Achmar; M., Zainuddin, Mukti","Safruddin (57195941084); Hidayat, Rachmat (57200559829); Sutopo, Y. K.D. (57218395000); Omar, Moh Tauhid (57219868793); Farhum, Aisjah Aisjah (57195941968); Mallawa, Achmar (57201495563); Zainuddin, Mukti (6506490325)",57195941084; 57200559829; 57218395000; 57219868793; 57195941968; 57201495563; 6506490325,"The distribution of yellowfin tuna based on sea surface temperature and water depth parameters in the Bone Gulf, Indonesia",2020,IOP Conference Series: Earth and Environmental Science,564,1,012064,,,0,3,10.1088/1755-1315/564/1/012064,https://www.scopus.com/inward/record.uri?eid=2-s2.0-85095817468&doi=10.1088%2F1755-1315%2F564%2F1%2F012064&partnerID=40&md5=d401ae9ec5d4e08efed0388f3a222902,"Hasanuddin University, Makassar, Indonesia; Hasanuddin University, Makassar, Indonesia","Safruddin, null, Department of Fisheries, Hasanuddin University, Makassar, Indonesia; Hidayat, Rachmat, Department of Fisheries, Hasanuddin University, Makassar, Indonesia; Sutopo, Y. K.D., Department of Regional and City Planning, Hasanuddin University, Makassar, Indonesia; Omar, Moh Tauhid, Department of Fisheries, Hasanuddin University, Makassar, Indonesia; Farhum, Aisjah Aisjah, Department of Fisheries, Hasanuddin University, Makassar, Indonesia; Mallawa, Achmar, Department of Fisheries, Hasanuddin University, Makassar, Indonesia; Zainuddin, Mukti, Department of Fisheries, Hasanuddin University, Makassar, Indonesia","This study aimed to visualize the distribution of yellowfin tuna Thunnus albacores in Bone Gulf, Indonesia. Yellowfin tuna is among the most important large pelagic fish species cached by local fishermen using pole and line gear. This study is a preliminary process in identifying suitable habitat for yellowfin tuna using Sea Surface Temperature (SST) and water depth parameters. It used oceanographic and fishery data from satellite remote sensing of Geographic Information System (GIS). The SST data was gained from Terra/MODIS. The waters depth data was gained from the ETOPO2 satellite database, whereas some points were later confirmed through the Echo sounder record. The experimental fishing was conducted from May to 2019. The result showed that the yellowfin tuna distributions were relatively higher in 30.0 to 31.0 oC SST and 500 to 1,000 m water depth. Both of the parameters analyzed in this study played an important role in the distribution. The numbers represented preferences in defining the optimal habitat of the yellowfin tuna, especially in the study area. This information could be useful to predict the potential fishing zones where yellowfin tuna would be distributed in abundance. © 2020 Elsevier B.V., All rights reserved.",Atmospheric Temperature; Ecosystems; Fisheries; Information Use; Remote Sensing; Submarine Geophysics; Surface Properties; Surface Waters; Echo Sounders; Indonesia; Pelagic Fish; Satellite Remote Sensing; Sea Surface Temperature (sst); Study Areas; Suitable Habitat; Water Depth; Oceanography,Atmospheric temperature; Ecosystems; Fisheries; Information use; Remote sensing; Submarine geophysics; Surface properties; Surface waters; Echo sounders; Indonesia; Pelagic fish; Satellite remote sensing; Sea surface temperature (SST); Study areas; Suitable habitat; Water depth; Oceanography,"I would like to acknowledge the Ministry of Education and the Culture Indonesia Republic for their contributed greatly in financial support. The research was funded under a National Competitive Research Grant (PTUPT 2019 and PDUPT 2020). We thanked all members of the Laboratory of Marine Fisheries Information System, Faculty of Marine Science and Fisheries, Hasanuddin University, who provided us with some discussions and helped in gathering data. Last but not least, I would like to thank everybody who was important to the prepared and reviewed manuscript.",,IOP Publishing Ltd,17551307; 17551315,,,,English,Conference paper,Final,All Open Access; Gold Open Access,Scopus,2-s2.0-85095817468
"M., Zainuddin, Mukti; R., Hidayat, Rachmat; A., Rani Sahni Putri, Andi; M., Ridwan, Muhammad; n., Safruddin; A.A., Farhum, Aisjah Aisjah","Zainuddin, Mukti (6506490325); Hidayat, Rachmat (57200559829); Rani Sahni Putri, Andi (57201495713); Ridwan, Muhammad (59624846200); Safruddin (57195941084); Farhum, Aisjah Aisjah (57195941968)",6506490325; 57200559829; 57201495713; 59624846200; 57195941084; 57195941968,"Seasonal changes of potential fishing ground formation for Skipjack Tuna in the Bone Gulf, Indonesia",2020,IOP Conference Series: Earth and Environmental Science,564,1,012083,,,0,3,10.1088/1755-1315/564/1/012083,https://www.scopus.com/inward/record.uri?eid=2-s2.0-85095813895&doi=10.1088%2F1755-1315%2F564%2F1%2F012083&partnerID=40&md5=002eaf477dc369abe0ec8e54d3268e85,"Hasanuddin University, Makassar, Indonesia; Pangkep State Polytechnic for Agriculture, Indonesia","Zainuddin, Mukti, Faculty of Marine Science and Fisheries, Hasanuddin University, Makassar, Indonesia; Hidayat, Rachmat, Faculty of Marine Science and Fisheries, Hasanuddin University, Makassar, Indonesia; Rani Sahni Putri, Andi, Faculty of Marine Science and Fisheries, Hasanuddin University, Makassar, Indonesia; Ridwan, Muhammad, Pangkep State Polytechnic for Agriculture, Indonesia; Safruddin, null, Faculty of Marine Science and Fisheries, Hasanuddin University, Makassar, Indonesia; Farhum, Aisjah Aisjah, Faculty of Marine Science and Fisheries, Hasanuddin University, Makassar, Indonesia","Skipjack tuna (Katsuwonus pelamis) plays an important role by pole and line fishery in the Bone Gulf, Indonesia, since it has a high economic value and wide market acceptance. The purpose of this paper was to assess the seasonal changes of skipjack tuna potential fishing ground in the Bone Gulf. We used pole and line fishery and oceanographic data of sea surface temperature (SST) and chlorophyll-a derived from satellite to figure out the seasonal formation of the potential fishing areas. We developed the spatial model to determine the potential fishing ground based on different levels of oceanographic preferences. The results showed that potential fishing grounds were mostly formed in the first transition season (particularly in May) as well as the west season (especially in November), which have a good association with the specific SST and chlorophyll-a of near 30 Deg C and 0.2 mg m-3, respectively. Most of the potential skipjack fishing ground formation developed along with the specific oceanographic signatures. It was likely that the potential seasonal changes of fishing grounds corresponded with enhanced feeding opportunity distribution pattern for skipjack schools. This suggested that these potential areas play an important for conservation and skipjack fishing management within the study area. © 2020 Elsevier B.V., All rights reserved.",Chlorophyll; Oceanography; Poles; Surface Waters; Distribution Patterns; Economic Values; Katsuwonus Pelamis; Market Acceptance; Oceanographic Data; Sea Surface Temperature (sst); Seasonal Changes; Spatial Modeling; Fisheries,Chlorophyll; Oceanography; Poles; Surface waters; Distribution patterns; Economic values; Katsuwonus pelamis; Market acceptance; Oceanographic data; Sea surface temperature (SST); Seasonal changes; Spatial modeling; Fisheries,"We thank the use of AQUA-MODIS SST and Chl-a datasets, downloaded from the ocean color portal NASA (http://oceancolor.gsfc.nasa.gov). This research was fully supported to MZ by PTUPT 2019, PMDSU 2020 Ministry of Research, Technology and Higher Education of the Republic of Indonesia, and UNHAS Internal Research Grants (PDU 2019/2020).",,IOP Publishing Ltd,17551307; 17551315,,,,English,Conference paper,Final,All Open Access; Gold Open Access,Scopus,2-s2.0-85095813895
"A.F., Syah, Achmad Fachruddin; L.W., Ramdani, Laras Wulan; K.I., Suniada, Komang Iwan","Syah, Achmad Fachruddin (57189708056); Ramdani, Laras Wulan (57217871593); Suniada, Komang Iwan (57217871336)",57189708056; 57217871593; 57217871336,Prediction of potential fishing zones for mackerel tuna (Euthynnus sp) in Bali Strait using remotely sensed data,2020,IOP Conference Series: Earth and Environmental Science,500,1,012070,,,0,8,10.1088/1755-1315/500/1/012070,https://www.scopus.com/inward/record.uri?eid=2-s2.0-85087785095&doi=10.1088%2F1755-1315%2F500%2F1%2F012070&partnerID=40&md5=30b7116ea4dc1020a1837347cb7445c9,"Universitas Trunojoyo Madura, Madura, Indonesia; Marine Research and Observation Agency, Indonesia","Syah, Achmad Fachruddin, Universitas Trunojoyo Madura, Madura, Indonesia; Ramdani, Laras Wulan, Universitas Trunojoyo Madura, Madura, Indonesia; Suniada, Komang Iwan, Marine Research and Observation Agency, Indonesia","Mackerel tuna (Euthynnus sp.) is one of the pelagic fish species that has become the export commodity of Indonesia. This species is a carnivorous marine biota that forms a group with rapid swimming abilities. Mackerel tuna is scattered throughout Indonesian waters, including the waters of the Bali Strait. This study aims to predict Mackerel tuna fishing zone in the Bali Strait by using remotely sensed data. Sea surface temperature (SST) and sea surface chlorophyll- A (chl-a) were downloaded from the ocean colour website meanwhile the fishing catches obtained from nusantara fisheries port (pelabuhan perikanan nusantara) Pangembangan, Bali and the fishing lane from marine research and observation agency (balai riset dan observasi laut), Bali. The results showed that the highest of fishing catches occurred in September and October with SST value of 26 - 28 °C and chl- A value of 0.4 - 2.6 mg/m3. Based on the SST and chl- A value, the results revealed the potential fishing zone of Mackerel tuna mostly occurred during south monsoon (April - September). In general, the distribution of Mackerel tuna, based on the overlaid SST and chl-a, showed moderate spatial correlation with actual fishing locations from local fisherman. Integration in situ data and oceanographic condition generated from remotely sensed data could form the basis for fisheries management and information system, such as Mackerel in Bali Strait. © 2020 Elsevier B.V., All rights reserved.",Fisheries; Information Management; Oceanography; Surface Waters; Fisheries Management; Fishing Location; Marine Biota; Marine Research; Oceanographic Conditions; Remotely Sensed Data; Sea Surface Temperature (sst); Spatial Correlations; Remote Sensing,Fisheries; Information management; Oceanography; Surface waters; Fisheries management; Fishing location; Marine biota; Marine research; Oceanographic conditions; Remotely sensed data; Sea surface temperature (SST); Spatial correlations; Remote sensing,,,Institute of Physics Publishing helen.craven@iop.org,17551307; 17551315,,,,English,Conference paper,Final,All Open Access; Gold Open Access,Scopus,2-s2.0-85087785095
"A.F., Syah, Achmad Fachruddin; M., Sholeh, Moh","Syah, Achmad Fachruddin (57189708056); Sholeh, Moh (57214743298)",57189708056; 57214743298,Detection potential fishing zones of Longtail tuna (Thunnus tonggol) using fisheries and remotely sensed data in the waters around Madura Island,2020,IOP Conference Series: Earth and Environmental Science,441,1,012083,,,0,0,10.1088/1755-1315/441/1/012083,https://www.scopus.com/inward/record.uri?eid=2-s2.0-85081174286&doi=10.1088%2F1755-1315%2F441%2F1%2F012083&partnerID=40&md5=56aae158054e44bebb8f4f70bbde42c9,"Universitas Trunojoyo Madura, Madura, Indonesia","Syah, Achmad Fachruddin, Universitas Trunojoyo Madura, Madura, Indonesia; Sholeh, Moh, Universitas Trunojoyo Madura, Madura, Indonesia","In situ data of Longtail tuna fishing location and satellite-based oceanographic data of chlorophyll-a concentration (chl-a), sea-surface temperature (SST), and salinity were employed to figure out the impacts of oceanographic condition on the pattern of potential fishing zones for Longtail tuna in waters around Madura Island. The relation of those parameters to the dissemination of Longtail tuna was analyzed with a maximum entropy (Maxent). The predictive model performance was estimated using the area under the curve (AUC). The jackknife test was then employed to examine each parameter's model contribution. The results from the Maxent model exhibited a high predictive success of the model with AUC value of 0.932. Maxent prediction showed a high probability occurrence of Longtail tuna occurred in the offshore area of the Java Sea. The results also revealed that the Longtail tuna habitat selection was significantly controlled by the salinity ranges from 32.3-32.5 ppt, SST ranges from 29.5-30.5°C, and chl-a ranges from 0.2-0.4 mg/m3. Besides, among the set of oceanographic variables utilized (SST and chl-a), salinity exhibited the highest value of the jackknife test. Therefore salinity expressed to be the most significant factor in the geographic dissemination of Longtail tuna in the waters Madura Island. © 2020 Elsevier B.V., All rights reserved.",Fisheries; Offshore Oil Well Production; Surface Waters; Area Under The Curves; Chlorophyll-a Concentration; Habitat Selection; Oceanographic Conditions; Oceanographic Data; Predictive Modeling; Remotely Sensed Data; Sea Surface Temperature (sst); Oceanography,Fisheries; Offshore oil well production; Surface waters; Area under the curves; Chlorophyll-a concentration; Habitat selection; Oceanographic conditions; Oceanographic data; Predictive modeling; Remotely sensed data; Sea surface temperature (SST); Oceanography,"We thank the NASA’s Goddard Space Flight Center for chl-a and SST data and Marine Copernicus for salinity data. This research supported by Yayasan Biodiversitas Indonesia (BIONESIA), Udayana University, Smithsonian Institution, National Academy of Science (NAS) and United States Agency for International Development (USAID) with the Grant Number (AID-OAA-A-11-00012).",,Institute of Physics Publishing helen.craven@iop.org,17551307; 17551315,,,,English,Conference paper,Final,All Open Access; Gold Open Access,Scopus,2-s2.0-85081174286
"S.G., Akmal, Surya Gentha; L., Adrianto, Luky; Y., Yonvitner, Y.","Akmal, Surya Gentha (57214674152); Adrianto, Luky (6506853268); Yonvitner, Y. (57192077604)",57214674152; 6506853268; 57192077604,The spatial vulnerability of fisheries resources for sustainable management,2020,IOP Conference Series: Earth and Environmental Science,420,1,012002,,,0,0,10.1088/1755-1315/420/1/012002,https://www.scopus.com/inward/record.uri?eid=2-s2.0-85080950445&doi=10.1088%2F1755-1315%2F420%2F1%2F012002&partnerID=40&md5=7522dbc8079e61977a11af15a66412e8,"IPB University, Bogor, Indonesia; IPB University, Bogor, Indonesia","Akmal, Surya Gentha, Study Program of Coastal and Marine Resources Management, IPB University, Bogor, Indonesia; Adrianto, Luky, Department of Aquatic Resources Management, IPB University, Bogor, Indonesia; Yonvitner, Y., Department of Aquatic Resources Management, IPB University, Bogor, Indonesia","Professional management and promoting sustainability have not been well applied in the Sunda Strait waters. Accurate data and information will determine the success of an optimal and sustainable pelagic capture fisheries management model. The purpose of this study was to explore spatial fisheries and analyze the spatial vulnerability of fisheries resources for sustainable management. This research was conducted in the Sunda Strait waters. Data on catches and the distribution of fishing grounds indicate that fisheries conditions in the Sunda Strait are not in good economic and ecological conditions. Excess capacity in a small-scale fisheries area will disrupt the sustainability of fish resources in the area and affect the biomass supply. Management must be carried out by considering sustainability for the long term and contributing to ecological sustainability, economic efficiency and the efforts of the local fishing fleet. © 2020 Elsevier B.V., All rights reserved.",Biodiversity; Ecosystems; Fleet Operations; Spatial Variables Measurement; Sustainable Development; Data And Information; Ecological Conditions; Ecological Sustainability; Economic Efficiency; Fisheries Management; Professional Management; Small-scale Fisheries; Sustainable Management; Fisheries,Biodiversity; Ecosystems; Fleet operations; Spatial variables measurement; Sustainable development; Data and information; Ecological conditions; Ecological sustainability; Economic efficiency; Fisheries management; Professional management; Small-scale fisheries; Sustainable management; Fisheries,,,Institute of Physics Publishing helen.craven@iop.org,17551307; 17551315,,,,English,Conference paper,Final,All Open Access; Gold Open Access,Scopus,2-s2.0-85080950445
"N.D.M., Sjafrie, Nurul Dhewani Mirah; S., Oktaviyani, Selvia; W., Kurniawan, Wanwan","Sjafrie, Nurul Dhewani Mirah (57193121553); Oktaviyani, Selvia (57209244188); Kurniawan, Wanwan (57210634616)",57193121553; 57209244188; 57210634616,"Domestic utilization of shark and ray: An example from muncar Subdistrict, Banyuwangi regency, East Java province, Indonesia",2020,AACL Bioflux,13,6,,3309,3321,0,6,,https://www.scopus.com/inward/record.uri?eid=2-s2.0-85100622149&partnerID=40&md5=1a596d87f05b95f8b233a56d2143cf45,"Lembaga Ilmu Pengetahuan Indonesia, Central Jakarta, Indonesia; Lembaga Ilmu Pengetahuan Indonesia, Central Jakarta, Indonesia","Sjafrie, Nurul Dhewani Mirah, Research Center for Oceanography, Lembaga Ilmu Pengetahuan Indonesia, Central Jakarta, Indonesia; Oktaviyani, Selvia, Research Center for Oceanography, Lembaga Ilmu Pengetahuan Indonesia, Central Jakarta, Indonesia; Kurniawan, Wanwan, Research Center for Oceanography, Lembaga Ilmu Pengetahuan Indonesia, Central Jakarta, Indonesia","Sharks and rays are among marine biota traded in local, national and international market. Muncar Subdistrict, Banyuwangi Regency, East Java Province is one of sharks and rays producing centers in Indonesia. In this region, sharks and rays have been utilized for generations. This study aimed to identify the utilization of sharks and rays at Muncar Subdistrict. Data were collected in October 2019 using the snowball sampling technique to gather information their utilization. The result showed that fishers at Muncar catch various species, i.e. 46 species of sharks and 26 of rays. There are 13 fishing vessels still operating to catch sharks, which use bottom longlines, drift longlines, and gillnets. Meanwhile, rays are mostly caught by gillnets or hand lines as by-catch. The fishing grounds were around Bali Strait, Kangean Island up to the waters of East Kalimantan, South and Southeast Sulawesi. The fishing season occurs throughout the year but catches decrease from March to April. Four actors are identified to utilize sharks and rays, those are fishers, collectors, pengembak (processors), and mlijo (retailers). All body parts of sharks and rays have economic value. Fins are important export commodity, meat are processed into smoked and salted fish, livers are transformed into fish oil, skins into crackers, cartilages into flour, viscera into feeds and teeth are for souvenirs. The utilization of sharks and rays at Muncar Subdistrict is zero-waste, with the products traded locally in Banyuwangi Regency, except for fins. © 2021 Elsevier B.V., All rights reserved.",Local Utilization; Shark-ray Fisheries; Shark-ray User; Trade-chain,,,,BIOFLUX SRL,18449166; 18448143,,,,English,Article,Final,,Scopus,2-s2.0-85100622149
"I.N., Putri, Intan Novia; D., Sunyowati, Dina; E., Narwati, Enny","Putri, Intan Novia (57221197961); Sunyowati, Dina (57212534258); Narwati, Enny (57212526605)",57221197961; 57212534258; 57212526605,China's claim on traditional fishing grounds located in the South China Sea,2020,Environmental Policy and Law,50,3,,243,250,0,1,10.3233/EPL-200221,https://www.scopus.com/inward/record.uri?eid=2-s2.0-85098493404&doi=10.3233%2FEPL-200221&partnerID=40&md5=e648458ce4c787ae83cbd673c14dbb4e,"Universitas Airlangga, Surabaya, Indonesia","Putri, Intan Novia, Universitas Airlangga, Surabaya, Indonesia; Sunyowati, Dina, Universitas Airlangga, Surabaya, Indonesia; Narwati, Enny, Universitas Airlangga, Surabaya, Indonesia","The government of the People's Republic of China (PRC) has strongly protested Indonesian fishing in the South China Sea, stating that it considered these waters to be a traditional Chinese fishing area. In fact, however, the area in question is within the Exclusive Economic Zone (EEZ) of Indonesia. This study aims to determine whether the determination of the boundaries of that EEZ was in accordance with the rights and obligations of Indonesia. The research method used was a normative law research, applying statutory and conceptual approaches. This article determines that a State's right within its EEZ is a sovereign right and that the claims of the traditional fishing ground of the South China Sea is not justifiable, from the perspective of international maritime law. The term “traditional fishing ground” is not used in the United Nations Convention on the Law of the Sea. The determination of fishing rights in a country's territorial waters or EEZ should be based on license by the State that has declared the EEZ. This analysis concludes that China's claims to the South China Sea as a traditional fishing ground has no legal basis. It also states that where a coastal country's EEZ includes a sea border with another country, the two should negotiate a bilateral agreement in accordance with applicable international law and make a commitment to mutual understanding and cooperation. © 2020 Elsevier B.V., All rights reserved.",Eez; Traditional Fishing Ground; Traditional Fishing Rights; Exclusive Economic Zone; Fishing; International Law; Law Of The Sea; Maritime Boundary; United Nations; China; Indonesia; Pacific Ocean; South China Sea,Exclusive Economic Zone; fishing; international law; Law of the Sea; maritime boundary; United Nations; China; Indonesia; Pacific Ocean; South China Sea,,,IOS Press BV,0378777X,,EPLAD,,English,Article,Final,,Scopus,2-s2.0-85098493404
"D., Simbolon, Domu; D.J., Tarigan, Daniel Julianto; D.F., Yolanda, Dwi Fanny; M.R., Antika, Marliska Rindi","Simbolon, Domu (57195333551); Tarigan, Daniel Julianto (57216968984); Yolanda, Dwi Fanny (57216969223); Antika, Marliska Rindi (57216963564)",57195333551; 57216968984; 57216969223; 57216963564,"Determination of potential fishing zones of areolate grouper (Epinephelus areolatus) based on analysis of productivity, gonad maturity and fish length in karimunjawa national park, indonesia",2020,AACL Bioflux,13,2,,833,848,0,3,,https://www.scopus.com/inward/record.uri?eid=2-s2.0-85085584179&partnerID=40&md5=34ce109e9514a531dd2f88abdfada90a,"IPB University, Bogor, Indonesia; Universitas Pendidikan Indonesia, Bandung, Indonesia","Simbolon, Domu, Department of Fisheries Resources Utilization, IPB University, Bogor, Indonesia; Tarigan, Daniel Julianto, Marine and Fisheries Education, Universitas Pendidikan Indonesia, Bandung, Indonesia; Yolanda, Dwi Fanny, Department of Fisheries Resources Utilization, IPB University, Bogor, Indonesia; Antika, Marliska Rindi, Department of Fisheries Resources Utilization, IPB University, Bogor, Indonesia","Areolate grouper (Epinephelus areolatus) is one of the superior commodities of capture fisheries in Karimunjawa waters. Traditional fishermen have not considered the composition of fish length in determining the potential fishing zones. The main orientation of fishermen is to increase catches as much as possible (profit-oriented) without considering the carrying capacity of the environment. This study aimed to determine the potential fishing zones of E. areolatus in Karimunjawa waters through analysis of the catch productivity, gonad maturity and fish length composition. Data related to the fishing spot, fishing operation time, fish length, gonad maturity, catches, and fishing effort was collected through the experimental fishing method. Samples of fish were dissected to retrieve the gonads, then the weight, color, shape, size, and softness of the gonads were observed. Gonad maturity level analysis was used as a reference to determine the fish length in the biologically feasible category (legal size). The productivity level was determined through the analysis of catch per unit effort (CPUE). Appropriate criteria for an indicator of productivity and fish length composition then were used as a basis for determining the category of fishing ground (potential, moderate, or less potential fishing zone). The highest productivity was found at nine fishing spots, namely around the southwest of Nyamuk, east of Genting, north of Laut Jawa, Genting Seruni, Krakal, Menjangan, Parang Kembar, southeast of Karimunjawa, and Gundul. The catches of E. areolatus in Karimunjawa waters were dominated by illegal size categories (65%) and only 35% of the catches corresponded to legal-size categories. The legal size category was found only in two fishing spots, namely around Genting Seruni and Sintok waters. The spatial distribution for less potential fishing zone category was more than (18 spots) potential fishing zone category (2 spots). © 2020 Elsevier B.V., All rights reserved.",Capture Fisheries; Cpue; Fishing Spot; Legal Size; Potential,,,,"BIOFLUX SRL 54 Ceahlau street, Cluj-Napoca 400488",18449166; 18448143,,,,English,Article,Final,,Scopus,2-s2.0-85085584179
"L., Daris, Lukman; M., Yusuf, Muhammad; M.S.S., Ali, M. Saleh S.; u., Wahyuti, undefined","Daris, Lukman (57200076218); Yusuf, Muhammad (58556401900); Ali, M. Saleh S. (57214676018); Wahyuti, undefined (57209686580)",57200076218; 58556401900; 57214676018; 57209686580,"Priority strategies for conflict resolution of traditional fishermen and mini trawl in maros district, South Sulawesi province, Indonesia",2020,AACL Bioflux,13,2,,496,502,0,11,,https://www.scopus.com/inward/record.uri?eid=2-s2.0-85081209415&partnerID=40&md5=ac9e96d46a0d897753513460f1744a50,"Cokroaminoto University, Makassar, Indonesia; Hasanuddin University, Makassar, Indonesia","Daris, Lukman, Fishery Department, Cokroaminoto University, Makassar, Indonesia; Yusuf, Muhammad, Fishery Department, Cokroaminoto University, Makassar, Indonesia; Ali, M. Saleh S., Faculty of Agriculture, Hasanuddin University, Makassar, Indonesia; Wahyuti, undefined, Fishery Department, Cokroaminoto University, Makassar, Indonesia","The conflict of fishing resources utilization in the coastal area of Maros District due to operation of mini trawl causing a decrease in catch (yield) of traditional fishermen. The aim of this research is to determine the main priority of alternative strategies for conflict resolution of traditional fisherman’s and mini trawl in Maros District, South Sulawesi Province. The study was carried out from January to October 2016 in the coastal area of Maros District, South Sulawesi Province. Data colleting method is (1) observation, (2) interview, and (3) Participatory Rapid Appraisal (PRA). The questionnaire developed was a closed questionnaire, with ordinal data types using the Saaty scale. Data analysis method was performed by approach of AHP (Analytic Hierarchy Process). The research results obtained the main priority of alternative strategies consisted of: improvement supervision (21.00%), the second priority is improvement fishing effort (12.80%), and the next priority are optimizing the roles and functions of PPNS (12.60%), technology capture development (12.50%), regulating fishing grounds (12.00%), path arrangement and fishing ground (11.00%), law enforcement (9.60%) and improvement community coaching and assistance (8.50%). © 2020 Elsevier B.V., All rights reserved.",Ahp; Alternative Strategies Coastal; Capture Fisheries; Catch; Traditional Fishing,,,,"BIOFLUX SRL 54 Ceahlau street, Cluj-Napoca 400488",18449166; 18448143,,,,English,Article,Final,,Scopus,2-s2.0-85081209415
"P., Boli, Paulus; I., Luhulima, I.; F.F., Simatauw, Fanny Fransina; S., Leatemia, Simon; S., Tabay, S.; D., Parenden, Dedi; A.S., Ananta, Andra S.","Boli, Paulus (57209565713); Luhulima, I. (57212931796); Simatauw, Fanny Fransina (57212931830); Leatemia, Simon (57212930378); Tabay, S. (57212930408); Parenden, Dedi (57218920401); Ananta, Andra S. (58797957800)",57209565713; 57212931796; 57212931830; 57212930378; 57212930408; 57218920401; 58797957800,Habitat characteristics and distribution of flyingfish in Fak-Fak and surrounding waters,2019,IOP Conference Series: Earth and Environmental Science,370,1,012031,,,0,3,10.1088/1755-1315/370/1/012031,https://www.scopus.com/inward/record.uri?eid=2-s2.0-85077493740&doi=10.1088%2F1755-1315%2F370%2F1%2F012031&partnerID=40&md5=837d2627238c6d1c20448cb9d1f7832e,"University of Papua, Manokwari, Indonesia","Boli, Paulus, Fisheries Laboratory, University of Papua, Manokwari, Indonesia; Luhulima, I., Fisheries Laboratory, University of Papua, Manokwari, Indonesia; Simatauw, Fanny Fransina, Fisheries Laboratory, University of Papua, Manokwari, Indonesia; Leatemia, Simon, Fisheries Laboratory, University of Papua, Manokwari, Indonesia; Tabay, S., Fisheries Laboratory, University of Papua, Manokwari, Indonesia; Parenden, Dedi, Fisheries Laboratory, University of Papua, Manokwari, Indonesia; Ananta, Andra S., Fisheries Laboratory, University of Papua, Manokwari, Indonesia","In Indonesia, flyingfish are abundant and distributed in Makassar Strait, Flores Sea, Banda Sea, Sulawesi Sea, Maluku Sea, Arafura, Northern Sea of Papua, and Halmahera. The aims of this study were to analyse and describe the characteristics of flyingfish habitat, based on oceanographic conditions and eggs catches, and to visualize the variability in spatial and temporal patterns of predicted potential spawning grounds. The research was conducted in Fak-Fak and adjacent seas in the Indonesian Fisheries Area WPP 715, from 130-134 E and 2S-5 S. Data were collected during 2018 for selected months: June, July, August and September. Remote sensing data used in this study included chlorophyll-a concentration (Chl-a) OCI-Algorithm, Sea Surface Temperature (SST) 11µ daytime, Absolute Dynamic Topography (ADT), Significant Wave Height and Ocean Surface Current (meridian and zonal components). Fishery data were collected from fishermen's GPS units, and through participatory mapping. Based on the mapping of fishing locations of flyingfish fishermen, there were four locations where fishing frequency was high. The potential fishing grounds were approximately 5-40 miles from mainland of Fak-Fak. Chlorophyll-a concentration in Fak-Fak waters ranged from 0.201-2.13 mg/m3. The temperature was estimated to be in the range of 27-31C, with an average temperature of 27.1C. ADT only changed by 0.01 cm in height each month with a range between 0.88-1.02 cm. Wind was one of the driving forces of geostrophic current. The waves reached a peak in August, with heights ranging from 0.70 to 1.6 metre. Flyingfish were predominantly found in oceanic zones. © 2020 Elsevier B.V., All rights reserved.",Chlorophyll; Ecosystems; Mapping; Ocean Currents; Remote Sensing; Surface Waters; Topography; Absolute Dynamic Topography; Chlorophyll-a Concentration; Geostrophic Currents; Ocean Surface Currents; Oceanographic Conditions; Sea Surface Temperature (sst); Significant Wave Height; Spatial And Temporal Patterns; Fisheries,Chlorophyll; Ecosystems; Mapping; Ocean currents; Remote sensing; Surface waters; Topography; Absolute dynamic topography; Chlorophyll-a concentration; Geostrophic currents; Ocean surface currents; Oceanographic conditions; Sea surface temperature (SST); Significant wave height; Spatial and temporal patterns; Fisheries,,,Institute of Physics Publishing helen.craven@iop.org,17551307; 17551315,,,,English,Conference paper,Final,All Open Access; Gold Open Access,Scopus,2-s2.0-85077493740
"n., Safruddin; B., Aswar, Baso; M., Rijal Ashar, M.; R., Hidayat, Rachmat; Y.K., Dewi, Y. K.; M.T., Umar, Moh Tauhid; A.A., Farhum, Aisjah Aisjah; A., Mallawa, Achmar; M., Zainuddin, Mukti","Safruddin (57195941084); Aswar, Baso (57212930264); Rijal Ashar, M. (57212930346); Hidayat, Rachmat (57200559829); Dewi, Y. K. (59428811600); Umar, Moh Tauhid (57205494121); Farhum, Aisjah Aisjah (57195941968); Mallawa, Achmar (57201495563); Zainuddin, Mukti (6506490325)",57195941084; 57212930264; 57212930346; 57200559829; 59428811600; 57205494121; 57195941968; 57201495563; 6506490325,The Fishing Ground of Large Pelagic Fish during the Southeast Monsoon in Indonesian Fisheries Management Area-713,2019,IOP Conference Series: Earth and Environmental Science,370,1,012045,,,0,6,10.1088/1755-1315/370/1/012045,https://www.scopus.com/inward/record.uri?eid=2-s2.0-85077492977&doi=10.1088%2F1755-1315%2F370%2F1%2F012045&partnerID=40&md5=ad024eb5d9ce16b9c6dd08a13816c9cf,"Hasanuddin University, Makassar, Indonesia; Hasanuddin University, Makassar, Indonesia","Safruddin, null, Department of Fisheries, Hasanuddin University, Makassar, Indonesia; Aswar, Baso, Department of Fisheries, Hasanuddin University, Makassar, Indonesia; Rijal Ashar, M., Department of Fisheries, Hasanuddin University, Makassar, Indonesia; Hidayat, Rachmat, Department of Fisheries, Hasanuddin University, Makassar, Indonesia; Dewi, Y. K., Department of Regional and City Planning, Hasanuddin University, Makassar, Indonesia; Umar, Moh Tauhid, Department of Fisheries, Hasanuddin University, Makassar, Indonesia; Farhum, Aisjah Aisjah, Department of Fisheries, Hasanuddin University, Makassar, Indonesia; Mallawa, Achmar, Department of Fisheries, Hasanuddin University, Makassar, Indonesia; Zainuddin, Mukti, Department of Fisheries, Hasanuddin University, Makassar, Indonesia","Large pelagic fish (LPF hereafter) is an important group of fishes targeted by local fishermen in the Indonesian Fisheries Management Area-713 (IFMA-713). This IFMA includes the Makassar Strait, Flores Sea, Bali Sea, and Gulf of Bone. The objective of this study was to identify the preferred oceanographic conditions based on LPF fishing grounds in the study area. The experimental fishing was conducted from April to September 2018 by using local commercial fisheries (pole and line and purse seine). The fishing base of pole and line vessels operating in the Gulf of Bone was at Murante fish landing site, Luwu Regency, South Sulawesi. On the other hand, the fishing base of purse seine vessels operating in the Makassar Strait was at Siddo fish landing site, Barru Regency, also in South Sulawesi. Oceanographic factors such as sea surface temperature (SST), sea surface chlorophyll-a (SSC) concentration, and depth were derived from satellite data. The LPF fishing grounds were analysed and visualize using Geographic Information System (GIS) techniques. Based on the results, LPF distributions tended to be the highest in specific oceanographic conditions, including SST of 30.0 - 31.0 °C and SSC of 0.20 - 0.30 mg.m-3. They were mostly found in nearshore and offshore areas (maximum depth of about 2,000 m). The selected oceanographic factors played an important role in explaining the LPF fishing grounds. This information could be used for spatial prediction of potential LPF fishing zones in relation to the fish distribution and abundance during the Southeast monsoon in the IFMA-713. © 2020 Elsevier B.V., All rights reserved.",Atmospheric Thermodynamics; Fish; Fisheries; Fishing (oil Wells); Information Use; Oceanography; Offshore Oil Well Production; Poles; Surface Waters; Commercial Fisheries; Fish Distributions; Fisheries Management; Fishing Ground; Oceanographic Conditions; Sea Surface Temperature (sst); Southeast Monsoon; Spatial Prediction; Fishing Vessels,Atmospheric thermodynamics; Fish; Fisheries; Fishing (oil wells); Information use; Oceanography; Offshore oil well production; Poles; Surface waters; Commercial fisheries; Fish distributions; Fisheries management; Fishing ground; Oceanographic conditions; Sea surface temperature (SST); Southeast monsoon; Spatial prediction; Fishing vessels,"This study was funded under a National Competitive Research Grant (PTUPT 2019), and a Regional Competitive Research Grant (PDU 2019). We thank all members of the Laboratory of Marine Fisheries Information Systems, Faculty of Marine Science and Fisheries, Hasanuddin University for fruitful discussions and help in gathering data. We would also like to thank everybody who contributed to the successful realization of this manuscript.",,Institute of Physics Publishing helen.craven@iop.org,17551307; 17551315,,,,English,Conference paper,Final,All Open Access; Gold Open Access,Scopus,2-s2.0-85077492977
"R., Puspasari, Reny; P.F., Rachmawati, Puput Fitri; U., Muawanah, Umi","Puspasari, Reny (57203353265); Rachmawati, Puput Fitri (57210428869); Muawanah, Umi (55220208100)",57203353265; 57210428869; 55220208100,Climate variability impact on Bali sardine fishery: Ecology and fisheries perspective,2019,Fisheries Management and Ecology,26,6,,540,547,0,10,10.1111/fme.12374,https://www.scopus.com/inward/record.uri?eid=2-s2.0-85070692502&doi=10.1111%2Ffme.12374&partnerID=40&md5=6cbdb53e1b36525e6f0bd01af14f0856,"Ministry of Marine Affairs and Fisheries, Jakarta, Indonesia; Ministry of Marine Affairs and Fisheries, Jakarta, Indonesia","Puspasari, Reny, Center for Fisheries Research, Ministry of Marine Affairs and Fisheries, Jakarta, Indonesia; Rachmawati, Puput Fitri, Center for Fisheries Research, Ministry of Marine Affairs and Fisheries, Jakarta, Indonesia; Muawanah, Umi, Research Center for Marine and Fisheries Socio Economics, Ministry of Marine Affairs and Fisheries, Jakarta, Indonesia","The sardine fishery in Bali is influenced by fishing effort and environmental conditions including temperature and chlorophyll a (chl-a). Bali's sardine, Sardinella lemuru Bleeker, production decreased significantly during the extreme conditions that occurred in 2010 and 2016. This study assesses the impact of extreme conditions on the sardine fishery of the Bali Strait. Fisheries data were collected from two landing places: Muncar fishing port (Banyuwangi District, East Java Province) and Pengambengan fishing port (Jembrana District, Bali Province) between January 2007 and December 2017. Temperature and chl-a data were downloaded from satellite readings. Fishing locations were observed by an onboard observer to investigate shifts in fishing grounds. A modified Cobb–Douglas regression model and profile analyses were used to estimate the impact of environmental variables on sardine production and to assess how extreme periods affect the catch composition in the Bali Strait. Seawater temperature and chl-a concentration had significant impacts on sardine production, but temperature is likely to be less correlated with sardine production than chl-a concentration. To adapt to extreme weather, purse seiners prefer to modify the vessel type rather than change their fishing ground. © 2019 Elsevier B.V., All rights reserved.",Climate Variability; Fisheries; Impact; Sardinella Lemuru; Chlorophyll A; Climate Effect; Climate Variation; Clupeoid; Clupeoid Fishery; Environmental Conditions; Fishing Effort; Temperature Effect; Bali; Indonesia; Lesser Sunda Islands; Sunda Isles; Sardinella Lemuru,chlorophyll a; climate effect; climate variation; clupeoid; clupeoid fishery; environmental conditions; fishing effort; temperature effect; Bali; Indonesia; Lesser Sunda Islands; Sunda Isles; Sardinella lemuru,"Funding text 1: We would like to thank the Conservation Strategy Fund (CSF) Indonesia and Faculty of Fisheries and Marine Science, Bogor Agricultural University for funding and mentoring through Marine Fellowship Program 2017 on behalf of The David and Lucile Packard Foundation. We also would like to thank Data Laboratory of Marine Research Center, Ministry of Marine Affairs and Fisheries for data sharing. This paper is part of the CSF Marine Fellowship Program 2017 Technical Report.; Funding text 2: We would like to thank the Conservation Strategy Fund (CSF) Indonesia and Faculty of Fisheries and Marine Science, Bogor Agricultural University for funding and mentoring through Marine Fellowship Program 2017 on behalf of The David and Lucile Packard Foundation. We also would like to thank Data Laboratory of Marine Research Center, Ministry of Marine Affairs and Fisheries for data sharing. This paper is part of the CSF Marine Fellowship Program 2017 Technical Report.",,Blackwell Publishing Ltd,0969997X; 13652400,,,,English,Article,Final,,Scopus,2-s2.0-85070692502
"K.W., Masengi, Kawilarang W.A.; I.F., Mandagi, Ixchel F.; L., Manu, Lusia; F.D., Silooy, Frentje Dusyan; I.L., Labaro, Ivor L.; A.W.R., Masengi, Akira W.R.; N., Sebua, N.; E.I.K.G., Masengi, E. I.K.G.; B., Pinontoan, Benny; Y., Hutabarat, Y.","Masengi, Kawilarang W.A. (55900593600); Mandagi, Ixchel F. (57195590017); Manu, Lusia (57210599713); Silooy, Frentje Dusyan (57210595978); Labaro, Ivor L. (57210594890); Masengi, Akira W.R. (57210602863); Sebua, N. (57210599873); Masengi, E. I.K.G. (57210596474); Pinontoan, Benny (6506941118); Hutabarat, Y. (57210602426)",55900593600; 57195590017; 57210599713; 57210595978; 57210594890; 57210602863; 57210599873; 57210596474; 6506941118; 57210602426,"Study on existence of the fisheries resources abundance by using environmental deoxyribonucleic acid (e-DNA) approach at fishing grounds in the Sulawesi Sea, Indonesia",2019,IOP Conference Series: Materials Science and Engineering,567,1,012026,,,0,2,10.1088/1757-899X/567/1/012026,https://www.scopus.com/inward/record.uri?eid=2-s2.0-85071103191&doi=10.1088%2F1757-899X%2F567%2F1%2F012026&partnerID=40&md5=85b32b2d522ddf1b1015ec6e604f5d21,"Universitas Sam Ratulangi, Manado, Indonesia; University of the Ryukyus, Nishihara, Japan; Universitas Sam Ratulangi, Manado, Indonesia; Universitas Diponegoro, Semarang, Indonesia; Lembaga Ilmu Pengetahuan Indonesia, Central Jakarta, Indonesia; Aquamarine Fukushima, Iwaki, Japan; University of the Ryukyus, Nishihara, Japan; University of the Ryukyus, Nishihara, Japan","Masengi, Kawilarang W.A., Faculty of Fisheries and Marine Science, Universitas Sam Ratulangi, Manado, Indonesia, Tropical Biosphere Research Center, University of the Ryukyus, Nishihara, Japan; Mandagi, Ixchel F., Faculty of Fisheries and Marine Science, Universitas Sam Ratulangi, Manado, Indonesia, Tropical Biosphere Research Center, University of the Ryukyus, Nishihara, Japan; Manu, Lusia, Faculty of Fisheries and Marine Science, Universitas Sam Ratulangi, Manado, Indonesia; Silooy, Frentje Dusyan, Faculty of Fisheries and Marine Science, Universitas Sam Ratulangi, Manado, Indonesia; Labaro, Ivor L., ; Masengi, Akira W.R., Faculty of Fisheries and Marine Science, Universitas Sam Ratulangi, Manado, Indonesia; Sebua, N., Faculty of Fisheries and Marine Science, Universitas Sam Ratulangi, Manado, Indonesia; Masengi, E. I.K.G., Faculty of Mathematic and Natural Sciences, Universitas Sam Ratulangi, Manado, Indonesia; Pinontoan, Benny, Faculty of Mathematic and Natural Sciences, Universitas Sam Ratulangi, Manado, Indonesia; Hutabarat, Y., Faculty of Fisheries and Marine Science, Universitas Diponegoro, Semarang, Indonesia","Here, we report the results of our preliminary study on deep sea eDNA at fishing ground to approach the fisheries resources abundance at Sulawesi sea by using deep-sea water sampling collected from 10 sites ranging from 110m-200m in depth at front side of the International Coelacanth Research Center and Museum Base at Lolak Waters and Manado Bay North of Sulawesi using Nansen Bottle Sampler (1500 cc). The collected waters were filtered using Power Water Sterivex DNA Isolation Kits and preserved with the DNAiso Reagent then transported to Center for Strategy Research Project, University of the Ryukyus, Okinawa Japan where eDNA analyses were conducted. Our results revealed that the concentrations of eDNA has a good quality were measured with a NanoDrop Lite spectrophotometer, indicating eDNA was successfully extracted. Therefore, by using universal primers for eDNA, MiFish-U-F/R for the 1st-PCR (mt-12S amplification) and 2nd-PCR (tag-indexing) for library preparation to accommodate sequence variations and show that intense signal of MiFish eDNA amplification. Using a high-throughput Illumina MiSeq platform for sequencing analyses, we detected eDNA from 40 fish's species with dominantly by Caranx sexfasciatus, Encrasicholina punctifer. © 2019 Elsevier B.V., All rights reserved.",Bottles; Operations Research; Polymerase Chain Reaction; Seawater; Dna Isolation; Fishing Ground; High Throughput; Intense Signals; Research Center; Sequence Variations; Sequencing Analysis; Strategy Research; Fisheries,Bottles; Operations research; Polymerase chain reaction; Seawater; DNA isolation; Fishing ground; High throughput; Intense signals; Research center; Sequence variations; Sequencing analysis; Strategy research; Fisheries,"We would like to thank first to Japanese Government through the Ministry of Education, Culture, Sports, Science and Technology (MEXT) which gave opportunity to us for doing this project due to the very rare moment, to the Dean of Faculty of Fisheries and Marine Science, Sam Ratulangi University, who giving support to the team during surveyed and gave us the letter of the material transferred agreement (MTA) of deep-sea water samples and brought to Japan. Then to the Tropical Biosphere Research Center and The Center for Strategic Research Project University of the Ryukyus which have been funding and very eager to support this project and allowed us to conducted the eDNA laboratory works.","Rindengan, A.J.; Montolalu, C.E.J.C.; Nainggolan, N.; Tumilaar, R.; Bakhtiar, T.",Institute of Physics Publishing helen.craven@iop.org,1757899X; 17578981,,,,English,Conference paper,Final,All Open Access; Bronze Open Access; Green Accepted Open Access; Green Open Access,Scopus,2-s2.0-85071103191
"P.W., Titisari, Prima Wahyu; T.S., Syamsudin, Tati Suryati; A., Sjarmidi, Achmad; Elfis; I.S., Zen, Irina Safitri; Y., Hendrayani, Yani","Titisari, Prima Wahyu (57191692668); Syamsudin, Tati Suryati (56022611300); Sjarmidi, Achmad (56242105800); Elfis (57193861326); Zen, Irina Safitri (55565905000); Hendrayani, Yani (57210415476)",57191692668; 56022611300; 56242105800; 57193861326; 55565905000; 57210415476,"Potential of Sustainable Fishery Resources at Giam Siak Kecil-Bukit Batu Biosphere Reserve, Riau Province, Indonesia",2019,IOP Conference Series: Earth and Environmental Science,298,1,012025,,,0,5,10.1088/1755-1315/298/1/012025,https://www.scopus.com/inward/record.uri?eid=2-s2.0-85070606284&doi=10.1088%2F1755-1315%2F298%2F1%2F012025&partnerID=40&md5=c54f14d0e7a215e141fdce4578c64aa6,"Universitas Islam Riau, Pekanbaru, Indonesia; Institut Teknologi Bandung, Bandung, Indonesia; Universiti Teknologi Malaysia, Johor Bahru, Malaysia; Universitas Pembangunan Nasional “Veteran” Yogyakarta, Yogyakarta, Indonesia","Titisari, Prima Wahyu, Department of Biologi, Universitas Islam Riau, Pekanbaru, Indonesia; Syamsudin, Tati Suryati, School of Life Science and Technology, Institut Teknologi Bandung, Bandung, Indonesia; Sjarmidi, Achmad, School of Life Science and Technology, Institut Teknologi Bandung, Bandung, Indonesia; Elfis, null, Department of Biologi, Universitas Islam Riau, Pekanbaru, Indonesia; Zen, Irina Safitri, Faculty of Built Environment, Universiti Teknologi Malaysia, Johor Bahru, Malaysia; Hendrayani, Yani, Universitas Pembangunan Nasional “Veteran” Yogyakarta, Yogyakarta, Indonesia","Fisheries are fundamental part of human activities. Sustainable fishing is an important aspect in maintining the fishery resources for the future generation. The main objective of this study is to estimate the maximum sustainable yield (MSY) of the fishing grounds for the sustainable harvesting. This study deploy the approximate estimation of abundance (biomass) and potential estimation of a type or group of fish species based on the analysis of production surplus to determine the sustainability of maximum catch rate. Results of the research identified about 35 species from the 17 families of fish. Based on the MSY calculation using the Schaefer method with a long line standard, the fish utilization status is in overfishing condition status at all sampling points, with the value above 98% above the standard capture limit of 70%. The results of the Schaefer model provide the baseline information on MYS for the freshwaters fish, which could be used as the basis for future fishery assessment and management of this biosphere reserve. © 2019 Elsevier B.V., All rights reserved.",Biospherics; Fish; Fishing (oil Wells); Planning; Sustainable Development; Approximate Estimation; Biosphere Reserve; Fishery Resources; Future Generations; Maximum Sustainable Yields; Potential Estimation; Sustainable Fishery; Sustainable Harvesting; Fisheries,Biospherics; Fish; Fishing (oil wells); Planning; Sustainable development; Approximate estimation; Biosphere reserve; Fishery resources; Future generations; Maximum sustainable yields; Potential estimation; Sustainable fishery; Sustainable harvesting; Fisheries,,"Sugardjito, J.; Garniati, L.; Purwanto, Y.; Saloma; Maryanto, I.; Setyawati, T.",Institute of Physics Publishing helen.craven@iop.org,17551307; 17551315,,,,English,Conference paper,Final,All Open Access; Gold Open Access,Scopus,2-s2.0-85070606284
"Ihsan; Kasmawati; E., Ernaningsih, Ernaningsih; Asbar; Asmidar","Ihsan (56576397100); Kasmawati (57214298353); Ernaningsih, Ernaningsih (56943103200); Asbar (56362508700); Asmidar (55977949300)",56576397100; 57214298353; 56943103200; 56362508700; 55977949300,"Fisheries Management of Blue Swimming Crab (Portunus pelagicus) based on Zoning Area in Pangkep Waters, South Sulawesi, Indonesia",2019,IOP Conference Series: Earth and Environmental Science,253,1,012031,,,0,2,10.1088/1755-1315/253/1/012031,https://www.scopus.com/inward/record.uri?eid=2-s2.0-85064872902&doi=10.1088%2F1755-1315%2F253%2F1%2F012031&partnerID=40&md5=15104394069acf91956d69d7ad4a7b50,"Universitas Muslim Indonesia, Makassar, Indonesia; Universitas Muslim Indonesia, Makassar, Indonesia","Ihsan, null, Department of Fisheries Resources Utilization, Universitas Muslim Indonesia, Makassar, Indonesia; Kasmawati, null, Department of Fisheries Resources Utilization, Universitas Muslim Indonesia, Makassar, Indonesia; Ernaningsih, Ernaningsih, Department of Fisheries Resources Utilization, Universitas Muslim Indonesia, Makassar, Indonesia; Asbar, null, Department of Marine Sciences, Universitas Muslim Indonesia, Makassar, Indonesia; Asmidar, null, Department of Marine Sciences, Universitas Muslim Indonesia, Makassar, Indonesia","Blue swimming crab Portunus pelagicus is one capture fisheries commodity which offers promising prospects in Pangkep Regency, South Sulawesi, Indonesia. This study aimed to determine the fishery management of blue swimming crab based on spatial zoning areas. The research was conducted between April-November 2016 and May-November 2017 in the coastal waters of Pangkep Regency. Primary and secondary data were collected and analysed for water suitability and zonation using mapping and geographic information system analysis (GIS). The water quality parameters were: dissolved oxygen (1.5-11.0 mg/L), temperature (31-37 °C), salinity (9.0-31.0 ppt) and pH (6-8). The fishery management of blue swimming crab was classified into two integrated zoning area types: conservation zone (56,855 Ha) and commercial blue swimming crab fishery zone (36,153 Ha). However, the conservation zones are opened to the commercial fishery at certain times outside the critical periods for blue swimming crab reproduction. These critical periods are the zoea, megalopa and juvenile crab phases which occur from May to October, with an annual spawning peak in August. Fishing is not allowed in the conservation zone during the critical periods in order to accommodate sustainable exploitation. The findings were based on data analysis of water quality suitability, existing environmental conditions, fishing grounds, and the life cycle of blue swimming crab, overlaid on the 2013 zoning plan for the coastal area and small Islands in Pangkep Regency. © 2019 Elsevier B.V., All rights reserved.",Biochemical Oxygen Demand; Dissolved Oxygen; Fisheries; Information Use; Life Cycle; Planning; Quality Control; Shellfish; Sustainable Development; Water Quality; Commercial Fisheries; Critical Periods; Environmental Conditions; Fisheries Management; Fishery Management; Secondary Datum; Sustainable Exploitation; Water Quality Parameters; Zoning,Biochemical oxygen demand; Dissolved oxygen; Fisheries; Information use; Life cycle; Planning; Quality control; Shellfish; Sustainable development; Water quality; Commercial fisheries; Critical periods; Environmental conditions; Fisheries management; Fishery management; Secondary datum; Sustainable exploitation; Water quality parameters; Zoning,"The authors would like to thank the Directorate of Research and Community Service, the Directorate General for Research and Development of the Ministry of Research, Technology and Higher Education who has funded this research through Applied Research for Product and researcher colleagues who have provided significant contributions to this paper.",,Institute of Physics Publishing helen.craven@iop.org,17551307; 17551315,,,,English,Conference paper,Final,All Open Access; Gold Open Access,Scopus,2-s2.0-85064872902
"F.A., Alghozali, Faqih Akbar; D.P., Wijayanti, Diah Permata; A., Sabdono, Agus","Alghozali, Faqih Akbar (57208241882); Wijayanti, Diah Permata (57201099739); Sabdono, Agus (16234515500)",57208241882; 57201099739; 16234515500,"Short communication: Genetic diversity of scalloped hammerhead sharks (Sphyrna lewini) landed in muncar fishing port, Banyuwangi",2019,Biodiversitas,20,4,,1154,1159,0,6,10.13057/biodiv/d200430,https://www.scopus.com/inward/record.uri?eid=2-s2.0-85064191766&doi=10.13057%2Fbiodiv%2Fd200430&partnerID=40&md5=5775d110279ae59c5d484c8c6175a7e1,"Universitas Diponegoro, Semarang, Indonesia","Alghozali, Faqih Akbar, Department of Marine Sciences, Universitas Diponegoro, Semarang, Indonesia; Wijayanti, Diah Permata, Department of Marine Sciences, Universitas Diponegoro, Semarang, Indonesia; Sabdono, Agus, Department of Marine Sciences, Universitas Diponegoro, Semarang, Indonesia","The majority of sharks caught in Indonesian fisheries were bycatch products from the tuna longline fisheries, but some regions in Indonesia fish the sharks as their main target. One of these regions is located in Muncar, Banyuwangi, which fishes the endangered Scalloped Hammerhead sharks (Sphyrna lewini) as target species. This research aimed to study the genetic diversity of the endangered Scalloped Hammerhead sharks landed in Muncar Fishing Port, Banyuwangi. Genetic analysis was done through PCR (Polymerase Chain Reaction) amplification and sequencing of the mitochondrial DNA COI (Cytochrome Oxidase subunit I) gene. Out of the 37 samples collected, 30 were successfully amplified and sequenced.The results showed moderate haplotype diversity (Hd: 0,582 ± 0,079) and low nucleotide diversity (p: 0,00392± 0,0024) with five haplotypes (h) and 26 polymorphic sites (S). Tajima’s D neutrality model values indicated a population expansion event. Two different clades were determined through phylogenetic analysis and by GenBank sequences comparison. These results provided basic information and present status of the Scalloped Hammerhead sharks population genetically within the fishing ground (Makassar Strait-Kangean Islands). © 2019 Elsevier B.V., All rights reserved.",Banyuwangi; Coi; Genetic Diversity; Scalloped Hammerhead Shark; Sphyrna Lewini,,"We would like to thanks C.P. Nindityawan, E.R. Davinto, D.I. Bagus, D. Dirgantara, S. Muchlisin, N. Kholilah, M.D. Almalik, T.E. Putri, C.D. Ruswanti, F.L. H. Nasution, M. Bachtiar, D.P. Hernowo, S. Nabila and R. Fitriani for their support and help on the success of this study. The study was partly funded by Diponegoro University, Semarang, Indonesia through RPI project of DPW under Decree No. SP DIPA-042.01.2.400898/2016, December 7th, 2015 the fiscal year 2016.",,Society for Indonesian Biodiversity unsjournals@gmail.com,1412033X; 20854722,,,,English,Article,Final,All Open Access; Gold Open Access,Scopus,2-s2.0-85064191766
"E., Damastuti, Ekaningrum; R.S., De Groot, Rudolf S.","Damastuti, Ekaningrum (57195408194); De Groot, Rudolf S. (7103077052)",57195408194; 7103077052,"Participatory ecosystem service mapping to enhance community-based mangrove rehabilitation and management in Demak, Indonesia",2019,Regional Environmental Change,19,1,,65,78,0,63,10.1007/s10113-018-1378-7,https://www.scopus.com/inward/record.uri?eid=2-s2.0-85049945044&doi=10.1007%2Fs10113-018-1378-7&partnerID=40&md5=5949d32729d0959da8df70b553d46e57,"Wageningen University & Research, Wageningen, Netherlands","Damastuti, Ekaningrum, Environmental Systems Analysis Group, Wageningen University & Research, Wageningen, Netherlands; De Groot, Rudolf S., Environmental Systems Analysis Group, Wageningen University & Research, Wageningen, Netherlands","Assessment of mangrove ecosystem services (ES) is essential to understand and manage the contribution of these ecosystems to the well-being of local communities. They are the primary beneficiaries but their experience, knowledge, and information are frequently ignored in ES assessment and mapping. In this study, a participatory resource mapping (PRM) approach was applied using local knowledge and experience to analyze geo-referenced information on mangrove ecosystem services. Local communities were involved from the beginning in method selection, application, evaluation, and verification. This “inclusive participatory ES mapping” was conducted in two villages (Bedono and Timbulsloko, Central Java, Indonesia) from 2014 to 2015. Participants representing different community elements were involved in the mapping process. They first created a historical map of the situation in their villages roughly between 1980 and 1999 (before rehabilitation) and then described the subsequent environmental changes. The mapping exercise also documented different mangrove resources that are utilized by communities and identified key areas, such as harvesting zones, biodiversity hotspots, erosion zones, different fishing grounds, and newly rehabilitated areas. The maps reveal that integrating PRM and indigenous geo-referenced information can elicit past and contemporary information on (changes in) ecosystem service availability and use. The results show that by involving local communities from the beginning, the participatory ES mapping can facilitate social learning, provide the foundation for the creation of social capital, and equip the community with sufficient spatial information to improve local mangrove management. The participatory ES mapping approach presented in this paper can be used as a model to support local and regional decision-making processes and to enhance community-based mangrove management in other coastal regions in Indonesia and beyond. © 2019 Elsevier B.V., All rights reserved.",Community-based Mangrove Management; Demak; Ecosystem Services; Environmental Change; Gis; Participatory Resource Mapping,,"Funding text 1: We thank our field assistants: Evi Wulandari; Berto Dionysius Naibaho; M Arif; Gingin Gustiar; Mega Dharma Putra; Joko Wiyono; R Muhammad Isa; Ayip Mukhlis; Nurul Agustina; Guruh Krisnantara; Komariah Ervita; Shintiya; Nastiti Rachma D; Padma Sekar Annisa; and Widya Adhy S. Without them this study would not have been as successful and exciting as it was. We are also grateful to all participatory resource mapping participants, especially the chiefs of Bedono village and Timbulsloko village, Mr. Sulchan from Demak Environmental Agency, Mr. Suharto from Demak Marine and Fisheries Office and Arief M Harjo from local NGO Kesemat. We also thank Aswin Rahardian from Wetlands International Indonesia for providing the spatial information to validate our results. Finally, we thank Prof. Muh. Aris Marfai, the Dean of Geography faculty, Universitas Gadjah Mada and Prof. Rik Leemans, chair of the Environmental Systems Analysis Group, Wageningen University and Research, for their support of this study.; Funding text 2: Funding The data collection for this study was supported by The Rufford Foundation [grant number 14780-1, 2014].",,Springer Verlag service@springer.de,1436378X; 14363798,,,,English,Article,Final,All Open Access; Green Final Open Access; Green Open Access; Hybrid Gold Open Access,Scopus,2-s2.0-85049945044
"D., Fitrianah, Devi; R.A.M., Zen, Remmy A.M.; N.H., Praptono, Nursidik Heru","Fitrianah, Devi (55990199600); Zen, Remmy A.M. (56208949800); Praptono, Nursidik Heru (56119246100)",55990199600; 56208949800; 56119246100,Prediction framework for potential tuna fish zone in Indonesia,2019,ACM International Conference Proceeding Series,,,,51,55,0,7,10.1145/3314527.3314530,https://www.scopus.com/inward/record.uri?eid=2-s2.0-85064911877&doi=10.1145%2F3314527.3314530&partnerID=40&md5=feddec69f736ab0f66837a700644e320,"Universitas Mercu Buana, West Jakarta, Indonesia; National University of Singapore, Singapore City, Singapore; Universitas Indonesia, Depok, Indonesia","Fitrianah, Devi, Department of Computer Science, Universitas Mercu Buana, West Jakarta, Indonesia; Zen, Remmy A.M., Department of Computer Science, National University of Singapore, Singapore City, Singapore; Praptono, Nursidik Heru, Department of Computer Science, Universitas Indonesia, Depok, Indonesia","As the promising and futuristic commodity, tuna fish catching becomes one of the most important activities that holds significant impacts for the people life. One of the problem to maximize the efficiency of fishing is to predict appropriately, which area belongs to potential or non-potential. This paper proposes a framework utilizing regression process and classification method to predict potential tuna fishing zones. We would like to predict the potential area A given time t, or A(t). On the other words, by using only the time as the input, we can predict whether the area is potential or non-potential. The regression process, in this case, is to predict the feature value at the given time. We try several regression functions and find that the logarithmic function achieves the best result. In addition, the classification method is performed to decide whether an area belongs to potential or non-potential zone. The result of the experiment shows that for some cases prediction gives the high accuracy, while there are some low accuracy values. The highest accuracy reaches 92.75% by using SVM classifier. Several experiments achieve low or even zero results, because of data limitations causing an under-fitting regression. However, our proposed framework can be utilized to predict the potential tuna fishing zones. © 2022 Elsevier B.V., All rights reserved.",Classification; Potential Tuna Fishing Zones; Prediction; Regression; Classification (of Information); Fish; Fisheries; Fishing (oil Wells); Support Vector Machines; Classification Methods; Data Limitations; Feature Values; High-accuracy; Logarithmic Functions; Regression; Regression Function; Svm Classifiers; Forecasting,Classification (of information); Fish; Fisheries; Fishing (oil wells); Support vector machines; Classification methods; Data limitations; Feature values; High-accuracy; Logarithmic functions; Regression; Regression function; SVM classifiers; Forecasting,,,Association for Computing Machinery,,9781450385855; 9781450314398; 9781450396387; 9781450390019; 9781450390217; 9781450348270; 9781450381963; 9781450322485; 9781450348201; 9781450364454,,,English,Conference paper,Final,,Scopus,2-s2.0-85064911877
"Kunarso; M., Zainuri, Muhammad; D.N., Sugianto, Denny Nugroho; J., Marwoto, Jarot; Hariyadi; M., Muslim, Muslim","Kunarso (57193740904); Zainuri, Muhammad (57188871982); Sugianto, Denny Nugroho (57193738694); Marwoto, Jarot (57198425439); Hariyadi (57216393156); Muslim, Muslim (56094376100)",57193740904; 57188871982; 57193738694; 57198425439; 57216393156; 56094376100,"Prediction of demersal fishing ground associated with coral reefs in the coastal Jepara Regency, Central Java, Indonesia based on Sentinel 2A imagery",2019,"Advances in Science, Technology and Engineering Systems",4,6,,263,269,0,2,10.25046/aj040633,https://www.scopus.com/inward/record.uri?eid=2-s2.0-85079273246&doi=10.25046%2Faj040633&partnerID=40&md5=cf6ba7739b4fc19999cce0b0f969cb38,"Universitas Diponegoro, Semarang, Indonesia; Universitas Diponegoro, Semarang, Indonesia","Kunarso, null, Department of Oceanography, Universitas Diponegoro, Semarang, Indonesia, Center of Excellence Science and Technology (PUI), Universitas Diponegoro, Semarang, Indonesia; Zainuri, Muhammad, Department of Oceanography, Universitas Diponegoro, Semarang, Indonesia, Center of Excellence Science and Technology (PUI), Universitas Diponegoro, Semarang, Indonesia; Sugianto, Denny Nugroho, Department of Oceanography, Universitas Diponegoro, Semarang, Indonesia, Center of Excellence Science and Technology (PUI), Universitas Diponegoro, Semarang, Indonesia; Marwoto, Jarot, Department of Oceanography, Universitas Diponegoro, Semarang, Indonesia; Hariyadi, null, Department of Oceanography, Universitas Diponegoro, Semarang, Indonesia; Muslim, Muslim, Department of Oceanography, Universitas Diponegoro, Semarang, Indonesia","Map of prediction of fishing ground that already exists in Indonesia issued by the Bali Marine Research and Observation Center (BPOL) and the National Aeronautics and Space Agency (LAPAN) of Jakarta, there are still many weaknesses including the spatial aspect of the point of forecasting far from the coast and the unclear type of fish predicted. The lack of understanding of the type of fish predicted, the risk of fishermen carrying the wrong fishing gear so that when reaching the forecasting location, fishermen can not catch fish that are abundant. The method of determining fishing ground for demersal fisheries is carried out in three stages, first step, environmental tabulation of demersal fisheries, the second stage of mapping corals area and its supporting parameters, the third stage of mapping the demersal fishing ground. The results of the study obtained several statements, namely demersal fishing ground can be made based on an understanding of childhood fish habitat, adulthood, substrate base habitat, an optimum depth of catchment area. Sentinel 2A satellite imagery can be used to help determine the fishing ground of demersal fish species, but for the coastal waters of Jepara Regency, there are still obstacles related to spatial resolution and water turbidity. Field data is still needed to help determine the demersal fishing ground. Based on the fishing ground mapping, there are four economical types of fishery resources that live in the coral reef environment, namely Lobster, Red Snappers, Blue Line Seabass and Leopard Coral Grouper. The demersal fishing ground associated with corals in the Coastal Jepara Regency Waters which is seven segments apparently only four segments have the potential to become demersal fishing ground associated with coral reefs, namely the second to fourth segments, including the coastal waters of Jepara, Mlonggo, Bangsri, and Kembang. District and the most potential is the coastal waters of the Mlonggo District. © 2020 Elsevier B.V., All rights reserved.",Demersal; Fishing Ground; Jepara; Sentinel 2a,,"We thank the Diponegoro University for receipt of research funds with contract number 1501-33 / UN7.5.10 / LT / 2018 and Head of the Oceanography Department, Dr. Denny Nugroho S, ST., M.Sc, for the support of easy research administration. We also thank two of my assistants namely Mr. Bayu Munandar and Mr.Dika Ahmad Rojikin for their help so far.",,ASTES Publishers,24156698,,,,English,Article,Final,All Open Access; Gold Open Access,Scopus,2-s2.0-85079273246
"M., Natsir, M.; T., Ruchimat, Toni; S., Agustina, Siska; I., Yulianto, Irfan","Natsir, M. (57207917742); Ruchimat, Toni (6507381708); Agustina, Siska (57210140242); Yulianto, Irfan (55557876500)",57207917742; 6507381708; 57210140242; 55557876500,Application of global positioning system tracker to detect the fishing ground location and effective effort in artisanal fishery,2019,Sensors and Materials,31,3,,803,814,0,11,10.18494/SAM.2019.2238,https://www.scopus.com/inward/record.uri?eid=2-s2.0-85063221831&doi=10.18494%2FSAM.2019.2238&partnerID=40&md5=26c78f02f1e204abe2d516ad650e9a29,"Research Center for Capture Fisheries, Jakarta, Indonesia; Wildlife Conservation Society, Bogor, Bogor, Indonesia; IPB University, Bogor, Indonesia","Natsir, M., Research Center for Capture Fisheries, Jakarta, Indonesia; Ruchimat, Toni, Research Center for Capture Fisheries, Jakarta, Indonesia; Agustina, Siska, Wildlife Conservation Society, Bogor, Bogor, Indonesia; Yulianto, Irfan, Wildlife Conservation Society, Bogor, Bogor, Indonesia, Faculty of Fisheries, IPB University, Bogor, Indonesia","Information on the fishing ground location and effective effort plays important roles in fishery management. Using this information, we could conduct the analysis of fishery spatial management and effort standardization. A global positioning system (GPS) tracker and a GPS logger have been well developed and allow a wide range of applications in many sectors because the sensors and logger have become more affordable with good resolution and high accuracy. In this study, we intend to use the GPS tracker in capture fishery application to obtain details about the fishing ground location and as an effective method for artisanal grouper fishery. Eight GPS tracers were installed on 10 boats for grouper fishery in Saleh Bay, West Nusa Tenggara Province, Indonesia. On the basis of the GPS position, we could plot their fishing ground and also measure the distance for each trip and the time required for each fishing operation. Results of this study showed that the fishing grounds of grouper fishing boats were 5–10 nautical miles from the fishing landing port and mostly at the western part of Saleh Bay. In general, speargun and hook and line (troll line and handline) fishers had different fishing grounds, where speargun fishers tend to fish within a marine protected area (MPA) and hook and line fishers tend to fish in the southern (outside) part of the MPA. From the results of this study, a similar analysis method could be utilized in Banyuwangi sardine fishery for the science and technology research partnership for sustainable developments project (SATREPS). © 2019 Elsevier B.V., All rights reserved.",Capture Fishery; Grouper Fishery; Saleh Bay; Conservation; Fish; Fishing (oil Wells); Fishing Vessels; Global Positioning System; Location; Artisanal Fisheries; Fishery Management; Fishing Ground; Marine Protected Area; Saleh Bay; Science And Technology; Similar Analysis; Spatial Management; Fisheries,Conservation; Fish; Fishing (oil wells); Fishing vessels; Global positioning system; Location; Artisanal fisheries; Fishery management; Fishing ground; Marine protected area; Saleh Bay; Science and Technology; Similar analysis; Spatial management; Fisheries,,,M Y U Scientific Publishing Division myukk@myu-inc.jp,09144935,,,,English,Article,Final,All Open Access; Gold Open Access,Scopus,2-s2.0-85063221831
"n., Supartono; R., Tambun, Robert; D.H., Sutisna, Dedy Heryadi; R., Mualim, Rahmat; Y., Krisnafi, Yaser","Supartono (57207260128); Tambun, Robert (57207244060); Sutisna, Dedy Heryadi (57207250343); Mualim, Rahmat (57207253881); Krisnafi, Yaser (57195219016)",57207260128; 57207244060; 57207250343; 57207253881; 57195219016,Forecasting potential fishing areas in fisheries management area 718 (FMA-718) in Indonesia using GIS and Monte Carlo Simulation,2019,AACL Bioflux,12,1,,102,120,0,1,,https://www.scopus.com/inward/record.uri?eid=2-s2.0-85062374640&partnerID=40&md5=23cc8c39c3e34577968a506652a94b9a,"Indonesia Defense University, Bogor, Indonesia; IPB University, Bogor, Indonesia; IPB University, Bogor, Indonesia; Jakarta Fisheries University, Jakarta, Indonesia; Indonesia Defense University, Bogor, Indonesia; IPB University, Bogor, Indonesia; Jakarta Fisheries University, Jakarta, Indonesia","Supartono, null, Faculty of Defense Technology, Indonesia Defense University, Bogor, Indonesia, Faculty of Defense Technology, Indonesia Defense University, Bogor, Indonesia; Tambun, Robert, IPB University, Bogor, Indonesia, Department of Fisheries Resources Utilization, IPB University, Bogor, Indonesia, Department of Fisheries Resources Utilization, IPB University, Bogor, Indonesia; Sutisna, Dedy Heryadi, Department Fishing Technology, Jakarta Fisheries University, Jakarta, Indonesia, Department Fishing Technology, Jakarta Fisheries University, Jakarta, Indonesia; Mualim, Rahmat, Department Fishing Technology, Jakarta Fisheries University, Jakarta, Indonesia, Department Fishing Technology, Jakarta Fisheries University, Jakarta, Indonesia; Krisnafi, Yaser, Department Fishing Technology, Jakarta Fisheries University, Jakarta, Indonesia, Department Fishing Technology, Jakarta Fisheries University, Jakarta, Indonesia","Fisheries Management Area-State of the Republic of Indonesia 718 or abbreviated FMA-RoI 718 has a very large fishery potential, namely 13% of the national fishery potential. The most dominant fisheries potential in Fisheries Management Area 718 (FMA 718) are squid, tuna, mackerel and shrimp. Problems of the local fishermen on FMA-RoI 718 are the lack of the information related to the Fish Catching Potential Zone (FCPZ) and fish movement predictions on FMA 718, resulting in reduced efficiency and productivity of fishing. This research has succeeded in combining the Monte Carlo method and the Geographic Information System (GIS), the Monte Carlo simulation is used to predict the potential and movement of squid, tuna, mackerel and shrimp, GIS is used to present the forecasting results into a potential fishing zone map in FMA-RoI 718. Data used to predict fish position data and fish potential in FMA-RoI 718 in 2013-2016 owned by TNI-AL. The prediction of potential squid is at position 9° 40"" 20"" S 138° 57"" 33"" E which is equal with 34%, the potential of mackerel is most likely to be at position 6° 51"" 9"" S 134° 6"" 10"" E which is 40%, the potential of tuna fish is most likely to be at position 5° 48"" 0"" S 133° 51"" 53"" E which is equal with 94%, the potential of shrimp is most probably at position 8° 0"" 10"" S 138° 15"" 24"" E which is equal with 38%. The results of this study can be used by local fishermen in FMA-RoI 718 to improve the efficiency and productivity of fish catches. © 2019 Elsevier B.V., All rights reserved.",Catch Composition; Fma-roi 718; Prediction; Remote Sensing; Spatial Information,,,,"BIOFLUX SRL 54 Ceahlau street, Cluj-Napoca 400488",18449166; 18448143,,,,English,Article,Final,,Scopus,2-s2.0-85062374640
"M.A., Welliken, Marius Agustinus; E.H.P., Melmambessy, Edy Hery Polikarpus; S.L., Merly, Sendy Lely; R.D., Pangaribuan, Rosa Delima; B., Lantang, Bonny; J., Hutabarat, Johannes; A., Wirasatriya, Anindya","Welliken, Marius Agustinus (57205336836); Melmambessy, Edy Hery Polikarpus (57204560101); Merly, Sendy Lely (57205345132); Pangaribuan, Rosa Delima (57204564131); Lantang, Bonny (57208009782); Hutabarat, Johannes (57225657726); Wirasatriya, Anindya (56444480600)",57205336836; 57204560101; 57205345132; 57204564131; 57208009782; 57225657726; 56444480600,Variability Chlorophyll - A and Sea Surface Temperature As the Fishing Ground Basis of Mackerel Fish in the Arafura Sea,2018,E3S Web of Conferences,73,,04004,,,0,12,10.1051/e3sconf/20187304004,https://www.scopus.com/inward/record.uri?eid=2-s2.0-85059654823&doi=10.1051%2Fe3sconf%2F20187304004&partnerID=40&md5=24b6bf3dd70ef9d1ada069f907d56cd8,"Universitas Musamus Merauke, Merauke, Indonesia; Universitas Diponegoro, Semarang, Indonesia; Universitas Diponegoro, Semarang, Indonesia; Universitas Diponegoro, Semarang, Indonesia","Welliken, Marius Agustinus, Department of Aquatic Resources Management, Universitas Musamus Merauke, Merauke, Indonesia; Melmambessy, Edy Hery Polikarpus, Department of Aquatic Resources Management, Universitas Musamus Merauke, Merauke, Indonesia; Merly, Sendy Lely, Department of Aquatic Resources Management, Universitas Musamus Merauke, Merauke, Indonesia; Pangaribuan, Rosa Delima, Department of Aquatic Resources Management, Universitas Musamus Merauke, Merauke, Indonesia; Lantang, Bonny, Department of Aquatic Resources Management, Universitas Musamus Merauke, Merauke, Indonesia; Hutabarat, Johannes, Department of Aquatic Resources, Universitas Diponegoro, Semarang, Indonesia; Wirasatriya, Anindya, Departemen of Oceanography, Universitas Diponegoro, Semarang, Indonesia, Center for Coastal Disaster Mitigation and Rehabilitation Studies, Universitas Diponegoro, Semarang, Indonesia","Arafura Sea is one of the waters in the eastern region of Indonesia that is rich in marine and fisheries potentials because of its fertile conditions which is suitable for fishing ground. One of the fish resources which have important economic value at the Arafura Sea is big pelagic fish such as Mackerel. Thus this study aims to determine the spatial and temporal distribution of Mackerel in the Arafura Sea based on fishing boat coordinate data, to know the distribution of chlorophyll - A concentration and SST from MODIS satellite data in the Arafura Sea and to determine the correlation of chlorophyll - A and SST to the Mackerel catch distribution. This study was conducted in December 2016 until February 2017 in the Arafura Sea, image data analysis of MODIS level-3 conducted at the Laboratory of Oceanography FPIK UNDIP. The data used are Mackerel catch data, the Chlorophyll - A data and SST from MODIS satellite from June to August 2015. The results of this study showed that the distribution of Mackerel catch from June to August more were caught in August a total of 62.2 tons for 19 trips. While the chlorophyll - A between June and August ranged from 0.30 to 8.04 mg/m 3 and SST in June-August ranged from 24.6 °C - 28.4 °C. The correlation between chlorophyll - A and Mackerel catch results showed very strong correlation (correlation coefficient (r) 0.934). While the correlation between SST with the Mackerel catch showed a strong correlation (correlation coefficient (r) 0.664). © 2019 Elsevier B.V., All rights reserved.",Chlorophyll-a; Satellite Data And Mackerel Catch; Sea Surface Temperature; Atmospheric Temperature; Chlorophyll; Fish; Fisheries; Fishing (oil Wells); Information Systems; Information Use; Radiometers; Satellites; Submarine Geophysics; Surface Properties; Surface Waters; Chlorophyll A; Chlorophyll-a Concentration; Correlation Coefficient; Image Data Analysis; Satellite Data; Sea Surface Temperature (sst); Spatial And Temporal Distribution; Strong Correlation; Oceanography,Atmospheric temperature; Chlorophyll; Fish; Fisheries; Fishing (oil wells); Information systems; Information use; Radiometers; Satellites; Submarine geophysics; Surface properties; Surface waters; Chlorophyll a; Chlorophyll-a concentration; Correlation coefficient; Image data analysis; Satellite data; Sea surface temperature (SST); Spatial and temporal distribution; Strong correlation; Oceanography,,"Warsito, B.; Hadiyanto; Maryono",EDP Sciences,25550403; 22671242,9782759890163; 9782759890552; 9782759890644,,,English,Conference paper,Final,All Open Access; Gold Open Access,Scopus,2-s2.0-85059654823
"R., Pratiwi, Rianta; S., Sukardjo, Sukristijono","Pratiwi, Rianta (57196478953); Sukardjo, Sukristijono (6602396209)",57196478953; 6602396209,"Effects of rainfall on the population of shrimps Penaeus monodon fabricius in Segara Anakan Lagoon, Central Java, Indonesia",2018,Biotropia,25,3,,156,169,0,7,10.11598/btb.2018.25.3.830,https://www.scopus.com/inward/record.uri?eid=2-s2.0-85055911310&doi=10.11598%2Fbtb.2018.25.3.830&partnerID=40&md5=29cf79ec70a5fa862f42573ea93051a3,"Lembaga Ilmu Pengetahuan Indonesia, Central Jakarta, Indonesia","Pratiwi, Rianta, Research Centre for Oceanography, Lembaga Ilmu Pengetahuan Indonesia, Central Jakarta, Indonesia; Sukardjo, Sukristijono, Research Centre for Oceanography, Lembaga Ilmu Pengetahuan Indonesia, Central Jakarta, Indonesia","Segara Anakan Lagoon (SAL) widely recognised as traditional fishing ground for many fisheries organism and is located at a area with a high rainfall. The objectives of the present study are to determine the effects of rainfall on the distribution of Penaeus monodon Fabricius in the SAL and/or mangroves waters and to explain the cause of the yearly fluctuations in the shrimp catch in this area during 13 years period (1998 -2011). The effects of rainfall on the local distribution and abundance of the shrimp in the SAL, Cilacap, Central Java, Indonesia, were examined for three periods by Anco method: first period (of commercial catch production, 1998 - 2011), second period (December 2010- November 2011) and third period (December 2011 - April 2012), as part of a shrimp fishery and eco-biology study in this region. The marked increase in the rainfall from 557 mm in East Monsoon (June-August) to 1,225 mm in second transition season (September-November) and West Monsoon (December- February) in the Segara Anakan region enhanced the seasonal movement of shrimp into the fishing ground zone IV and produced an initial increase in the abundance of adults (CL > 25 mm) in the region (312 to 2,630 individuals). This initial increase in adult abundance enhances the shrimp reproductive potential and the heavy rainfall indirectly assists the recruitment of young shrimp to the estuary and their growth and survival to increase shrimp abundance in the following year. Lower rainfalls (July- August-September) adversely affect shrimp population and usually result in smaller size of the population (312 individuals). Statistical analysis on relationship between shrimp catch with annual rainfall showed highly significant at 1% level. © 2018 Elsevier B.V., All rights reserved.",Abundance; Distribution; Penaeus Monodon; Rainfall; Segara Anakan Lagoon (sal),,,,Seameo Biotrop iru@biotrop.org,1907770X; 02156334,,,,English,Article,Final,All Open Access; Gold Open Access,Scopus,2-s2.0-85055911310
"I.M., Apriliani, Izza Mahdiana; Y.A., Nurrahman, Yusuf Arief; L.P., Dewanti, Lantun Paradhita; H., Herawati, Heti","Apriliani, Izza Mahdiana (57193758059); Nurrahman, Yusuf Arief (57203101394); Dewanti, Lantun Paradhita (57193731219); Herawati, Heti (57202194466)",57193758059; 57203101394; 57193731219; 57202194466,"Determination of potential fishing ground for hairtail (Trichiurus sp.) fishing based on chlorophyll-a distribution and sea surface temperature in Pangandaran waters, West Java, Indonesia",2018,AACL Bioflux,11,4,,1047,1054,0,8,,https://www.scopus.com/inward/record.uri?eid=2-s2.0-85051086027&partnerID=40&md5=e6fcd0469bfed7b8de66e9af73286d24,"Universitas Padjadjaran, Bandung, Indonesia; Universitas Tanjungpura, Pontianak, Indonesia; Universitas Padjadjaran, Bandung, Indonesia","Apriliani, Izza Mahdiana, Laboratory of Fishing Management and Technology, Universitas Padjadjaran, Bandung, Indonesia; Nurrahman, Yusuf Arief, Department of Marine Sciences, Universitas Tanjungpura, Pontianak, Indonesia; Dewanti, Lantun Paradhita, Laboratory of Fishing Management and Technology, Universitas Padjadjaran, Bandung, Indonesia; Herawati, Heti, Laboratory of Aquatic Resources, Universitas Padjadjaran, Bandung, Indonesia","Optimization of fishing activities is supported by various factors determining the success of fishing operation. One of the determining factors is the determination of fishing ground. Fishing ground is the area where the target fish is located. This area has certain parameters such as chlorophyll-a, temperature, and salinity which can be utilized for efficient and optimum fishing operation. Hairtail (Trichiurus sp.) is one of the commodity with high economic value in Pangandaran. Fishermen in Pangandaran generally still use natural instinct in finding hairtail fishing ground, resulting to the uncertain amount of catch. This study aims to improve the catch effectivity by establishing potential fishing zonation for hairtail fishing in Pangandaran, West Java, Indonesia. This research was conducted in October-November 2017. The method used is spatial analysis method by collecting data of chlorophyll-a, temperature and hairtail fishing production data. The results showed that there are 7 areas scattered in Pangandaran waters which can become potential fishing ground for hairtail fishing. © 2018 Elsevier B.V., All rights reserved.",Chlorophyll-a; Fishing Activities; Hairtail; Optimum Fishing Operation; Pangandaran; Sea Surface Temperature,,Funding text 1: Acknowledgements. The authors would like to thank to Teguh Firmansyah for the help in the research process and Padjadjaran University as funding sources through the Unpad Internal Grants (HIU) of 2017.; Funding text 2: The authors would like to thank to Teguh Firmansyah for the help in the research process and Padjadjaran University as funding sources through the Unpad Internal Grants (HIU) of 2017.,,"BIOFLUX SRL 54 Ceahlau street, Cluj-Napoca 400488",18449166; 18448143,,,,English,Article,Final,,Scopus,2-s2.0-85051086027
"S.M., Purnama, S. M.; D.Y., Hutapea, Destri Yanti; R., Permala, Rizki","Purnama, S. M. (57215468186); Hutapea, Destri Yanti (57224194227); Permala, Rizki (57193565725)",57215468186; 57224194227; 57193565725,Utilization of AIS (Automatic Identification System) sensor for mobility monitoring of fishing vessel based on PFZ (Potential Fishing Zones) distribution,2018,IOP Conference Series: Earth and Environmental Science,162,1,012040,,,0,2,10.1088/1755-1315/162/1/012040,https://www.scopus.com/inward/record.uri?eid=2-s2.0-85050505556&doi=10.1088%2F1755-1315%2F162%2F1%2F012040&partnerID=40&md5=8c4c4dd7e3a1b6e14798e3a974529ddf,"Lembaga Penerbangan dan Antariksa Nasional, Central Jakarta, Indonesia","Purnama, S. M., Remote Sensing Technology and Data Center, Lembaga Penerbangan dan Antariksa Nasional, Central Jakarta, Indonesia; Hutapea, Destri Yanti, Remote Sensing Technology and Data Center, Lembaga Penerbangan dan Antariksa Nasional, Central Jakarta, Indonesia; Permala, Rizki, Remote Sensing Technology and Data Center, Lembaga Penerbangan dan Antariksa Nasional, Central Jakarta, Indonesia","Indonesia is known worldwide as an archipelagic country with a vast territory and a country consisting of many islands. The length of the coastline reaches about 81,000 km2, so Indonesia is the largest archipelagic country in the world with two thirds of its territory consisting of oceans. One of the efforts that need to be conducted is to improve the economy and accelerate the development of the marine sector. With this policy, the security of marine and marine resource management is very important. Exclusive Economic Zone (EEZ) and continental foundation are vital areas that need to be guarded and guaranteed for the benefit of maritime sovereignty of the Republic of Indonesia. The development of science and technology of remote sensing, LAPAN in cooperation with IPB to make satellite LAPAN / IPB-A3 or A3LISat. These satellites serve as monitoring of paddy field resources. These satellites are orbiting 14 times a day in the territory of Indonesia is equipped with AIS (Automatic Identification System) sensor where the sensor is to monitor the mobility of the ship. The AIS sensor can provide location coordinate information and temporarily obtain ships vessel information in Indonesian seas. This research tried to utilize the AIS sensor and combined with PFZ (Potential Fishing Zone) information result of remote sensing data and analyzes the mobility of fishing boats recorded by A3 satellite whether it is in accordance with the PFZ information extracted from remote sensing satellite LISat data. © 2018 Elsevier B.V., All rights reserved.",Automation; Fisheries; Marine Biology; Orbits; Remote Sensing; Satellites; Ships; Automatic Identification System; Development Of Science And Technologies; Exclusive Economic Zones; Fishing Boats; Marine Resource Management; Marine Sector; Remote Sensing Data; Remote Sensing Satellites; Fishing Vessels,Automation; Fisheries; Marine biology; Orbits; Remote sensing; Satellites; Ships; Automatic identification system; Development of science and technologies; Exclusive economic zones; Fishing boats; Marine resource management; Marine sector; Remote sensing data; Remote sensing satellites; Fishing vessels,,"Susanto, R.D.; Susanto, R.D.",Institute of Physics Publishing helen.craven@iop.org,17551307; 17551315,,,,English,Conference paper,Final,All Open Access; Gold Open Access,Scopus,2-s2.0-85050505556
"Avrionesti; M.R., Putri, Mutiara Rachmat","Avrionesti (57203092428); Putri, Mutiara Rachmat (56122483300)",57203092428; 56122483300,Identification of Decapterus sp. potential fishing grounds in Java and Western Kalimantan Seas,2018,IOP Conference Series: Earth and Environmental Science,162,1,012022,,,0,1,10.1088/1755-1315/162/1/012022,https://www.scopus.com/inward/record.uri?eid=2-s2.0-85050490010&doi=10.1088%2F1755-1315%2F162%2F1%2F012022&partnerID=40&md5=db9f4c22628b89b462d85c370a131278,"Institut Teknologi Bandung, Bandung, Indonesia","Avrionesti, null, Department of Earth Sciences, Institut Teknologi Bandung, Bandung, Indonesia; Putri, Mutiara Rachmat, Department of Earth Sciences, Institut Teknologi Bandung, Bandung, Indonesia","Decapterus sp. is one of the main targeted species for small pelagic fish in Java and western Kalimantan Seas (Karimata Strait and South China Sea). Decapterus sp. mainly catch at around 40-70 meters depth. They live in warm waters (more than 26°C) with salinity greater than 30 ppt, pH greater than 7.75, and concentration of dissolved oxygen (DO) greater than 4.2 ml/l. Datas were obtained from World Ocean Atlas 2013, NCEP, and result of numerical model. The aim of the research was to investigate the seasonal variation of decapterus sp. potential fishing ground. The results show that variation of seasonal oceanographic conditions has an impact to the potential fishing ground pattern of decapterus sp. The catching prediction area was at 20 m depth, except when second transition season which was at 40 meters depth. Fishing period should be done during the rainy season according to the widest area of potential fishing ground. © 2018 Elsevier B.V., All rights reserved.",Dissolved Oxygen; Concentration Of Dissolved Oxygen; Fishing Ground; Oceanographic Conditions; Rainy Seasons; Seasonal Variation; Small Pelagic Fish; South China Sea; World Ocean; Fisheries,Dissolved oxygen; Concentration of dissolved oxygen; Fishing ground; Oceanographic conditions; Rainy seasons; Seasonal variation; Small pelagic fish; South China sea; World Ocean; Fisheries,"This research was funded by Research and Innovation, Institut Teknologi Bandung – 2017 entitled “The Ocean Current System of Indonesian Waters and its effects on Marine Fisheries Production”. We also thank to Master Program of Earth Science, Faculty of Earth Science and Technology, Institut Teknologi Bandung.","Susanto, R.D.; Susanto, R.D.",Institute of Physics Publishing helen.craven@iop.org,17551307; 17551315,,,,English,Conference paper,Final,All Open Access; Gold Open Access,Scopus,2-s2.0-85050490010
"M.L., Syamsuddin, Mega Laksmini; n., Sunarto; L., Yuliadi, Lintang","Syamsuddin, Mega Laksmini (55909338600); Sunarto (59608363600); Yuliadi, Lintang (57193562866)",55909338600; 59608363600; 57193562866,Oceanographic factors related to Eastern Little Tuna (Euthynnus affinis) catches in the west Java Sea,2018,IOP Conference Series: Earth and Environmental Science,162,1,012044,,,0,3,10.1088/1755-1315/162/1/012044,https://www.scopus.com/inward/record.uri?eid=2-s2.0-85050471992&doi=10.1088%2F1755-1315%2F162%2F1%2F012044&partnerID=40&md5=b7554a26c25b68ad9a2b8e9839d894a2,"Universitas Padjadjaran, Bandung, Indonesia","Syamsuddin, Mega Laksmini, Department of Marine Sciences, Universitas Padjadjaran, Bandung, Indonesia; Sunarto, null, Department of Marine Sciences, Universitas Padjadjaran, Bandung, Indonesia; Yuliadi, Lintang, Department of Marine Sciences, Universitas Padjadjaran, Bandung, Indonesia","The satellite data included sea surface height anomaly (SSHA) from AVISO, sea surface temperature (SST) and chlorophyll-a (Chl-a) from Aqua MODIS and Eastern Little Tuna (Euthynnus affinis) catches were used as a combined dataset to understand the ocean variations and further addresses their relations with the Eastern Little Tuna catches in the Java Sea. The fish catches and remotely sensed data were analyzed for the 5 years datasets from 2010-2014. The relationships of oceanographic factors and catch distribution were explored with a generalized additive model (GAM). Catch rates varied temporally relatively significant over year-round. The Eastern Little Tuna catch rates have the peak season in March and October (900 ton to 1000 ton). The ELT catch peaks during the transition season from southeast to northwest monsoon (September to November) and decreases during southeast monsoon (June to August). The GAM results showed that the 3-oceanographic parameter combination models explained the highest deviance (41.4%) with Chl-a explained the highest deviance (23.3%). High probabilities of Eastern Little Tuna catches corresponded to marine productivity of Chl-a concentration ranging from 0.3-0.5 mg/m3, for SSHA ranging from 0-8 cm and SST ranging from 28-29°C. We recommend to have further investigations through the use of long-term historical time series to predict fishing ground locations and an emerging need to improve our climate understanding and forecast skill to conserve small pelagic catches. © 2018 Elsevier B.V., All rights reserved.",Atmospheric Thermodynamics; Surface Waters; Eastern Little Tunas; Euthynnus Affinis; Generalized Additive Model; Marine Productivity; Parameter Combination; Remotely Sensed Data; Sea Surface Temperature (sst); Sea-surface Height Anomalies; Oceanography,Atmospheric thermodynamics; Surface waters; Eastern little tunas; Euthynnus affinis; Generalized additive model; Marine productivity; Parameter combination; Remotely sensed data; Sea surface temperature (SST); Sea-surface height anomalies; Oceanography,"The authors wish to thank the Ministry of Research, Technology and Higher Education of the Republic of Indonesia for the research grant. We thank Padjadjaran University, Marine Affairs and Fisheries Indramayu, the Goddard Space Flight Center/NASA, Physical Oceanography Distributed Active Archive Center, NOAA Climate Prediction Center, MSAT Committee and also CSPACE Project Team.","Susanto, R.D.; Susanto, R.D.",Institute of Physics Publishing helen.craven@iop.org,17551307; 17551315,,,,English,Conference paper,Final,All Open Access; Gold Open Access,Scopus,2-s2.0-85050471992
"W.E., Rintaka, W. E.; E., Susilo, Eko","Rintaka, W. E. (57201774900); Susilo, Eko (57192946819)",57201774900; 57192946819,"Validation of potential fishing zone forecast using experimental fishing method in Tolo Bay, Central Sulawesi Province",2018,IOP Conference Series: Earth and Environmental Science,137,1,012041,,,0,5,10.1088/1755-1315/137/1/012041,https://www.scopus.com/inward/record.uri?eid=2-s2.0-85046110542&doi=10.1088%2F1755-1315%2F137%2F1%2F012041&partnerID=40&md5=855b77e08dc3a04fd6412dffd89b376f,"Ministry of Marine Affair and Fisheries, Indonesia","Rintaka, W. E., Institute for Marine Research and Observation, Ministry of Marine Affair and Fisheries, Indonesia; Susilo, Eko, Institute for Marine Research and Observation, Ministry of Marine Affair and Fisheries, Indonesia","The national scale of Indonesian Potential Fishing Zone (PFZ) forecast system has been established since 2000. Recent times this system use Single Image Edge Detection algorithm to automatically identify thermal front from remote sensing images. Its generate two fishing ground/FG criteria: FG (high probability) and potential fishing ground/PFG (medium/low probability). To quantify the accuracy of this algorithm, an experimental fishing/EF was carried out in Tolo Bay, Central Sulawesi Province at September 2016 the late southeast monsoon period by using a pole and line fishing vessel. Four fishing activities (P1, P2, P3, and P4) were conducted during this study at a different location nearby the PFZ forecast position, two of them had good results. Based on distance measurement, these locations P1 and P4 were associated with PFZ forecast position. They were associated with PFG and FG criteria. The distance between EF to P1 and P4 were 9.7 and 6.69 nautical miles. The amount of catch for each location was 850 and 900 kg, respectively. The other locations P2 and P3 were also associated with PFG criteria, but there was no catch. We conclude that the number of the catch is influenced by the distance from PFZ forecast position and criteria. © 2018 Elsevier B.V., All rights reserved.",Edge Detection; Forecasting; Location; Remote Sensing; Wetlands; Fishing Activities; Fishing Ground; Forecast Systems; High Probability; Remote Sensing Images; Single Images; Southeast Monsoon; Thermal Fronts; Fisheries,Edge detection; Forecasting; Location; Remote sensing; Wetlands; Fishing activities; Fishing ground; Forecast systems; High probability; Remote sensing images; Single images; Southeast monsoon; Thermal fronts; Fisheries,"This study is part of research activities 'Validation of Potential Fishing Ground Areas' founded by the Ministry of Marine Affairs and Fisheries through Institute for Marine Research and Observation in 2016. The authors would like to thank Dr. I Nyoman Radiarta, M.Sc. for valuable advice and comment, and also thanks to surveying team members and PT Timur Laut Maritim and Northeast crew members for their contribution giving assistance during the experimental fishing survey.",,Institute of Physics Publishing helen.craven@iop.org,17551307; 17551315,,,,English,Conference paper,Final,All Open Access; Gold Open Access,Scopus,2-s2.0-85046110542
"H.A., Haridhi, Haekal A.; M., Nanda, Muhammad; Y., Haditiar, Yudi; S., Rizal, Syamsul","Haridhi, Haekal A. (56142291600); Nanda, Muhammad (57191890658); Haditiar, Yudi (57195066924); Rizal, Syamsul (57211267611)",56142291600; 57191890658; 57195066924; 57211267611,"Application of Rapid Appraisals of Fisheries Management System (RAFMS) to identify the seasonal variation of fishing ground locations and its corresponding fish species availability at Aceh waters, Indonesia",2018,Ocean and Coastal Management,154,,,46,54,0,32,10.1016/j.ocecoaman.2017.12.030,https://www.scopus.com/inward/record.uri?eid=2-s2.0-85043756887&doi=10.1016%2Fj.ocecoaman.2017.12.030&partnerID=40&md5=8c44fb34b52f5df18e618c22941abe2a,"Universitas Syiah Kuala, Banda Aceh, Indonesia; National Central University, Taoyuan, Taiwan","Haridhi, Haekal A., Department of Marine Sciences, Universitas Syiah Kuala, Banda Aceh, Indonesia, Earth System Science Program, National Central University, Taoyuan, Taiwan; Nanda, Muhammad, Department of Marine Sciences, Universitas Syiah Kuala, Banda Aceh, Indonesia; Haditiar, Yudi, Department of Marine Sciences, Universitas Syiah Kuala, Banda Aceh, Indonesia; Rizal, Syamsul, Department of Marine Sciences, Universitas Syiah Kuala, Banda Aceh, Indonesia","The information lost by Aceh's coastal communities after the mega-earthquake and tsunami on December 26, 2004 was innumerable. To regain the information that was lost, we applied a technique that was able to quickly generate information, was cost-effective, was gathered from the coastal community and stakeholders, and could produce relevant results for managers and politicians. The technique is called the Rapid Appraisals of Fisheries Management System (RAFMS). By using this technique, we were able to trace the fishing ground locations, one of the most important pieces of information kept by the fishermen, and the fish species availability during each season. The RAFMS was performed from December 3rd, 2005 until March 24th, 2006, covering 13 study sites along the coast of Aceh province. The wind field data from the National Center for Environmental Prediction's (NCEP) and chlorophyll-a data from the Sea-Viewing Wide Field-of-View Sensor's (SeaWiFS) during August 2005 and February 2006, which correspond to the southwesterly and northeasterly monsoon season, respectively, were used to compare the results from the assessment. The study found that the fishing ground locations and the fish species that are caught by fishermen are highly influenced by the monsoon system, where the high season are significantly different at the east and west coast. © 2018 Elsevier B.V., All rights reserved.",Aceh; Fishing Ground; Monsoon; Rapid Appraisals; Atmospheric Thermodynamics; Band Structure; Cost Effectiveness; Fish; Location; Aceh; Coastal Communities; Fisheries Management; Fishing Ground; Monsoon; National Center For Environmental Predictions; Rapid Appraisals; Sea-viewing Wide Field-of-view Sensors; Fisheries; Chlorophyll A; Coastal Zone; Detection Method; Earthquake; Fish; Monsoon; Seasonal Variation; Seawifs; Tsunami; Wind Field; Indonesia,Atmospheric thermodynamics; Band structure; Cost effectiveness; Fish; Location; Aceh; Coastal communities; Fisheries management; Fishing ground; Monsoon; National center for environmental predictions; Rapid appraisals; Sea-viewing wide field-of-view sensors; Fisheries; chlorophyll a; coastal zone; detection method; earthquake; fish; monsoon; seasonal variation; SeaWiFS; tsunami; wind field; Indonesia,"The assessment was funded by Australian Centre for International Agricultural Research (ACIAR) , World Fish Center (WFC) and Syiah Kuala University (grant number C2004/130 ). This research is also partly funded by the Directorate General of Higher Education, Ministry of Education and Culture, the Republic of Indonesia in the scheme of International Research Collaboration and Scientific Publication for years 2012–2014 and the Laboratories Start-up Grant – Syiah Kuala University (grant number 5308.005.001–091-AN ). We would like to thank Dr. Len R. Garces and Dr. Michael D. Pido who introduce us the Rapid Rural Appraisals (RRAs) and/or Participatory Rural Appraisals (PRAs) methods. We thank the Panglima Laot for their cooperation and support during the site visit. We thank Dr. Ferreira da Costa, an anonymous reviewer and particularly the Editor-in-Chief Dr. Victor N. de Jonge for their careful and very useful reviews and for the opportunity to improve the manuscript accordingly.",,Elsevier Ltd,09645691,,OCMAE,,English,Article,Final,,Scopus,2-s2.0-85043756887
"G., Navarrete-Forero, Gabriela; S., Miñarro, Sara; T.K., Mildenberger, Tobias K.; A., Breckwoldt, Annette; S., Sudirman, Sudirman; H., Reuter, Hauke","Navarrete-Forero, Gabriela (57188760635); Miñarro, Sara (57188762869); Mildenberger, Tobias K. (57194241204); Breckwoldt, Annette (55245837600); Sudirman, Sudirman (25636569700); Reuter, Hauke (7203074025)",57188760635; 57188762869; 57194241204; 55245837600; 25636569700; 7203074025,Participatory boat tracking reveals spatial fishing patterns in an Indonesian artisanal fishery,2017,Frontiers in Marine Science,4,DEC,409,,,0,15,10.3389/fmars.2017.00409,https://www.scopus.com/inward/record.uri?eid=2-s2.0-85038009767&doi=10.3389%2Ffmars.2017.00409&partnerID=40&md5=27004a80664dc389b0460ebe9725a534,"Escuela Superior Politecnica del Litoral Ecuador, Guayaquil, Ecuador; Leibniz Center for Tropical Marine Research, Bremen, Germany; ICTA-UAB Institut de Ciència i Tecnologia Ambientals, Cerdanyola del Valles, Spain; Technical University of Denmark, Lyngby, Denmark; Leibniz Center for Tropical Marine Research, Bremen, Germany; Alfred-Wegener-Institut Helmholtz-Zentrum für Polar- und Meeresforschung, Bremerhaven, Germany; Hasanuddin University, Makassar, Indonesia; Universität Bremen, Bremen, Germany","Navarrete-Forero, Gabriela, Escuela Superior Politecnica del Litoral Ecuador, Guayaquil, Ecuador; Miñarro, Sara, Department of Theoretical Ecology and Modelling, Leibniz Center for Tropical Marine Research, Bremen, Germany, ICTA-UAB Institut de Ciència i Tecnologia Ambientals, Cerdanyola del Valles, Spain; Mildenberger, Tobias K., Section for Ecosystem based Marine Management, Technical University of Denmark, Lyngby, Denmark; Breckwoldt, Annette, Department of Social Sciences, Leibniz Center for Tropical Marine Research, Bremen, Germany, Science-Stakeholder-Interaction-Processes, Alfred-Wegener-Institut Helmholtz-Zentrum für Polar- und Meeresforschung, Bremerhaven, Germany; Sudirman, Sudirman, Department of Fisheries, Hasanuddin University, Makassar, Indonesia; Reuter, Hauke, Department of Theoretical Ecology and Modelling, Leibniz Center for Tropical Marine Research, Bremen, Germany, Faculty of Biology and Chemistry, Universität Bremen, Bremen, Germany","The Spermonde Archipelago holds one of the largest artisanal fisheries in Indonesia, providing livelihoods for local communities and many other people involved in international trade networks of seafood. High demand and a lack of enforcement of existing fisheries regulations turn into high pressure for the coral reef ecosystem, contributing to its overall degradation. Estimations on the ecological impacts of different levels of fishing pressure, as well as fisheries stock assessments and marine resource management require precise information of the spatial distribution of fishing effort, which involves great uncertainty when only anecdotal information is considered. We explored the feasibility of applying participatory boat tracking to complement fisheries data during the NW monsoon season 2014-2015. We conducted interviews, measured catch landings, and distributed GPS data loggers among hook and line fishermen to identify fishing grounds by gear-dependent patterns of boat movement. Most of the fishing activities involved two gears (octopus bait and trolling line for live groupers) and three fishing grounds. The mass of catch landings was dominated by Octopoda (CPUE = 10.1 kg boatday-1) while the most diverse group was the fish family Serranidae, with Plectropomus leopardus being the main target species. In conclusion, boat tracking combined with interviews and catch surveys has proven a useful tool to reduce uncertainty in information on spatial resource use, while allowing a high level of participation by fishermen. © 2017 Elsevier B.V., All rights reserved.",Artisanal Fisheries; Coral Reef Fisheries; Gps Tracking; Indonesia; Participatory Data Collection,,"We thank the kindness and hospitality of Badi Island's Community. Thanks to Andi M. Yusuf, Adriani Mutmainah, Amanda Putri, Zulung Walyandra, Johannes Leins, Budimawan, Dewi, Hafez, Neil Muhammad, Sebastian Ferse, Sainab Husain for support in Indonesia and Bremen. Thanks to Lida Pet-Soede for providing relevant information of Spermonde's octopus fisheries. This study was carried out within the frame of the Indonesian-German SPICE Program (Science for the Protection of Indonesian Coastal Marine Ecosystems). The SPICE research program is funded by the German Federal Ministry of Education and Research (BMBF, Grant no. FKZ 03F0643A). Also, the German Academic Exchange Service (DAAD) financed part of the study through the scholarship. PKZ: A/13/91883 given to GNF. Studies by SS were supported by Directorate of Higher Education, Republic of Indonesia",,Frontiers Media S. A info@frontiersin.org,22967745,,,,English,Article,Final,All Open Access; Gold Open Access; Green Final Open Access; Green Open Access,Scopus,2-s2.0-85038009767
"S., Nurdin, Suhartono; M.A., Ahmad-Mustapha, Muzzneena Ahmad; T.B., Lihan, Tukimat Bin; M., Zainuddin, Mukti","Nurdin, Suhartono (56103486700); Ahmad-Mustapha, Muzzneena Ahmad (23100915000); Lihan, Tukimat Bin (23975999900); Zainuddin, Mukti (6506490325)",56103486700; 23100915000; 23975999900; 6506490325,"Applicability of remote sensing oceanographic data in the detection of potential fishing grounds of Rastrelliger kanagurta in the archipelagic waters of Spermonde, Indonesia",2017,Fisheries Research,196,,,1,12,0,47,10.1016/j.fishres.2017.07.029,https://www.scopus.com/inward/record.uri?eid=2-s2.0-85026769649&doi=10.1016%2Fj.fishres.2017.07.029&partnerID=40&md5=d20bdb70cdefb9f369848c6b94006276,"Universiti Kebangsaan Malaysia, Bangi, Malaysia; Faculty of Marine Science and Fisheries, Makassar, Indonesia; Hasanuddin University, Makassar, Indonesia","Nurdin, Suhartono, School of Environmental and Natural Resource Sciences, Universiti Kebangsaan Malaysia, Bangi, Malaysia, Government of South Sulawesi Province, Faculty of Marine Science and Fisheries, Makassar, Indonesia; Ahmad-Mustapha, Muzzneena Ahmad, School of Environmental and Natural Resource Sciences, Universiti Kebangsaan Malaysia, Bangi, Malaysia; Lihan, Tukimat Bin, School of Environmental and Natural Resource Sciences, Universiti Kebangsaan Malaysia, Bangi, Malaysia; Zainuddin, Mukti, Faculty of Marine Science and Fisheries, Hasanuddin University, Makassar, Indonesia","Rastrelliger kanagurta is among the pelagic fish of commercial value caught in the archipelagic waters of Spermonde, Indonesia. The dynamic oceanographic pattern in this area influences the distribution of this pelagic fish. Understanding the relationship between the distribution of fish and environmental factors is important in exploring fisheries resources. This study used Rastrelliger kanagurta fishing-catch data during the high-catch season in the second quarter, which was from April to June (2008 and 2009), and satellite data of chlorophyll-a (chl-a), and sea surface temperature (SST) from MODIS-Aqua. The study aimed to identify the relationship between fish distribution with chl-a and SST constructed using the Generalized Additive Model (GAM), detect the potential fishing grounds, and determine the impact of climate change on fish distribution based on temperature projection of IPCC-AR5-RCPs. The distribution of Rastrelliger kanagurta was significantly associated (p < 0.0001) with the preferred range of chl-a at 0.30–0.40 mg/m3 and SST at 30.00–31.00 °C. The potential fishing ground maps showed that areas with high potential catch were located near the coast to offshore (3–20 M), with acceptable level of map accuracy at 83.34%; with kappa value at 0.70. Increased temperature of 1.80 °C resulted in movement of potential fishing grounds to the southern part of Makassar Straits leading to the archipelagic waters of Spermonde. In contrast, increased temperature of 2.60 °C and 3.30 °C resulted in lesser potential fishing grounds area which shifted further to the south. The results of this study indicated applicability of remote sensing in contributing to optimal fishing effort and decision making for long-term management of Rastrelliger kanagurta resources. © 2017 Elsevier B.V., All rights reserved.",Climate Change; Gam; Modis; Pelagic Fish; Spermonde,,,,Elsevier B.V.,01657836,,FISRD,,English,Article,Final,,Scopus,2-s2.0-85026769649
"R., Ardianto, Romy; A., Setiawan, Agung; J.J., Hidayat, J. J.; A.R., Zaky, A. R.","Ardianto, Romy (57193567343); Setiawan, Agung (58583856900); Hidayat, J. J. (57193566278); Zaky, A. R. (57193565476)",57193567343; 58583856900; 57193566278; 57193565476,Development of an automated processing system for potential fishing zone forecast,2017,IOP Conference Series: Earth and Environmental Science,54,1,012081,,,0,5,10.1088/1755-1315/54/1/012081,https://www.scopus.com/inward/record.uri?eid=2-s2.0-85014925249&doi=10.1088%2F1755-1315%2F54%2F1%2F012081&partnerID=40&md5=556b1a87586d923bee6f22890805ffc3,"Ministry of Marine Affairs and Fisheries, Jakarta, Indonesia","Ardianto, Romy, Research and Development Centre for Marine and Coastal Resources, Ministry of Marine Affairs and Fisheries, Jakarta, Indonesia; Setiawan, Agung, Research and Development Centre for Marine and Coastal Resources, Ministry of Marine Affairs and Fisheries, Jakarta, Indonesia; Hidayat, J. J., Research and Development Centre for Marine and Coastal Resources, Ministry of Marine Affairs and Fisheries, Jakarta, Indonesia; Zaky, A. R., Research and Development Centre for Marine and Coastal Resources, Ministry of Marine Affairs and Fisheries, Jakarta, Indonesia","The Institute for Marine Research and Observation (IMRO) - Ministry of Marine Affairs and Fisheries Republic of Indonesia (MMAF) has developed a potential fishing zone (PFZ) forecast using satellite data, called Peta Prakiraan Daerah Penangkapan Ikan (PPDPI). Since 2005, IMRO disseminates everyday PPDPI maps for fisheries marine ports and 3 days average for national areas. The accuracy in determining the PFZ and processing time of maps depend much on the experience of the operators creating them. This paper presents our research in developing an automated processing system for PPDPI in order to increase the accuracy and shorten processing time. PFZ are identified by combining MODIS sea surface temperature (SST) and chlorophyll - A (CHL) data in order to detect the presence of upwelling, thermal fronts and biological productivity enhancement, where the integration of these phenomena generally representing the PFZ. The whole process involves data download, map geo-process as well as layout that are carried out automatically by Python and ArcPy. The results showed that the automated processing system could be used to reduce the operator's dependence on determining PFZ and speed up processing time. © 2017 Elsevier B.V., All rights reserved.",Atmospheric Temperature; Automation; Environmental Engineering; Fisheries; Food Supply; Satellites; Surface Waters; Automated Processing; Biological Productivity; Chlorophyll A; Marine Research; Processing Time; Satellite Data; Sea Surface Temperature (sst); Thermal Fronts; Oceanography,Atmospheric temperature; Automation; Environmental engineering; Fisheries; Food supply; Satellites; Surface waters; Automated processing; Biological productivity; Chlorophyll a; Marine research; Processing time; Satellite data; Sea surface temperature (SST); Thermal fronts; Oceanography,,"Permatasari, P.A.; Amalo, L.F.; Wijayanto, A.K.; Husna, V.N.; Yusuf, S.M.; Setiawan, Y.; Nur, I.A.",Institute of Physics Publishing michael.roberts@iop.org,17551307; 17551315,,,,English,Conference paper,Final,All Open Access; Gold Open Access,Scopus,2-s2.0-85014925249
"R., Hanintyo, Rizki; E., Susilo, Eko","Hanintyo, Rizki (57192948580); Susilo, Eko (59936313000)",57192948580; 59936313000,Comparison of Chlorophyll-A Measurement Using Multi Spatial Imagery and Numerical Model in Bali Strait,2016,IOP Conference Series: Earth and Environmental Science,47,1,012010,,,0,7,10.1088/1755-1315/47/1/012010,https://www.scopus.com/inward/record.uri?eid=2-s2.0-85009347579&doi=10.1088%2F1755-1315%2F47%2F1%2F012010&partnerID=40&md5=01afedd0c10a379a80e9db3af96fb30c,"Balai Penelitian Dan Observasi Laut - KKP Jalan Baru Perancak, Indonesia","Hanintyo, Rizki, Balai Penelitian Dan Observasi Laut - KKP Jalan Baru Perancak, Indonesia; Susilo, Eko, Balai Penelitian Dan Observasi Laut - KKP Jalan Baru Perancak, Indonesia","One of abundance of nutrient in coastal area is chlorophyll-a, where chlorophyll-A is a driving factor to derive fishing ground location. There's several method has been used to derive chlorophyll-A concentration from insitu data, remote sensing satellite data, and ocean dynamics models, but we are not decide those data for certain area in coastal area and open ocean. In this paper, we will use Aqua-Terra MODIS, Landsat -8 and INDESO Satellite observation dataset to detect chlorophyll-A and also using dynamic modelling produced by INDESO and MyOcean/Marine Copernicus. Using a lot variation of data to understand the differences of spatial resolution and accuracy with observed insitu data. After calculating data comparison with insitu data in bali strait on 2014, we can conclude that Landsat-8 data has the highest r value r=0.41. For model data, comparison between insitu data and MyOcean data has r=0.3. in the other hand, insitu data and INDESO data model has r=0.26. In coastal areas (case 2 water), Landsat-8 data performed to give detail information of chlorophyll-a. Furthermore for open ocean areas (case 1 water), we can use numerical model from MyOcean/Marine Copernicus because it has lower resolution and able to forecast. For those data, it can help non artisanal fisheries to predict chlorophyll-A area in their fishing ground areas. © 2017 Elsevier B.V., All rights reserved.",Chlorophyll; Coastal Zones; Fisheries; Numerical Models; Artisanal Fisheries; Chlorophyll-a Concentration; Data Comparisons; Lower Resolution; Remote Sensing Satellites; Satellite Observations; Spatial Imagery; Spatial Resolution; Remote Sensing; Aqua (satellite); Chlorophyll A; Coastal Zone; Data Set; Hydrological Modeling; Imagery; Landsat; Modis; Numerical Model; Nutrient Dynamics; Open Ocean; Resolution; Satellite Data; Spatial Analysis; Terra (satellite); Bali; Indonesia; Lesser Sunda Islands; Sunda Isles,Chlorophyll; Coastal zones; Fisheries; Numerical models; Artisanal fisheries; Chlorophyll-a concentration; Data comparisons; Lower resolution; Remote sensing satellites; Satellite observations; Spatial imagery; Spatial resolution; Remote sensing; Aqua (satellite); chlorophyll a; coastal zone; data set; hydrological modeling; imagery; Landsat; MODIS; numerical model; nutrient dynamics; open ocean; resolution; satellite data; spatial analysis; Terra (satellite); Bali; Indonesia; Lesser Sunda Islands; Sunda Isles,,,Institute of Physics Publishing michael.roberts@iop.org,17551307; 17551315,,,,English,Conference paper,Final,All Open Access; Gold Open Access,Scopus,2-s2.0-85009347579
"L., Sara, La; H., Halili, Halili; A., Mustafa, Ahmad; B., Bahtiar, Bahtiar","Sara, La (17346530800); Halili, Halili (57215010361); Mustafa, Ahmad (57188733643); Bahtiar, Bahtiar (58628457700)",17346530800; 57215010361; 57188733643; 58628457700,"Appropriate escape vent sizes on collapsible crab pot for blue swimming crab (Portunus pelagicus) fishery in Southeast Sulawesi waters, Indonesia",2016,Journal of Fisheries and Aquatic Science,11,6,,402,410,0,12,10.3923/jfas.2016.402.410,https://www.scopus.com/inward/record.uri?eid=2-s2.0-84993999208&doi=10.3923%2Fjfas.2016.402.410&partnerID=40&md5=9db8b58818bc6bdb5add542e8340709b,"Universitas Halu Oleo, Kendari, Indonesia","Sara, La, Department of Fisheries, Universitas Halu Oleo, Kendari, Indonesia; Halili, Halili, Department of Fisheries, Universitas Halu Oleo, Kendari, Indonesia; Mustafa, Ahmad, Department of Fisheries, Universitas Halu Oleo, Kendari, Indonesia; Bahtiar, Bahtiar, Department of Fisheries, Universitas Halu Oleo, Kendari, Indonesia","Background and Objective: Blue Swimming Crab (BSC) fishery in Southeast Sulawesi faces huge pressure as indicated by smaller Carapace Width (CW) of <7 cm, small biomass of 10-20 ind kg–1, CPUE of 2-3 kg per trip and fishing ground moving further afield. There is no study on selective crab pot for BSC had been done. This study conducted to find out the appropriate escape vent size of crab pots used by fishermen. Methodology: This study used collapsible crab pots equiped with escape vent in the left and right sides in order small sizes have opportunity to escape and return to the sea to grow and attain maturity. Those escape vent sizes of crab pots tested were 4.0×3.5, 4.5×3.5 and 5.0×3.5 cm to find out only BSC of =10 cm CW retaine in the crab pots. The BSCs of <10 cm CW escaped from crab pot and gathered into “codend” which was tied in the vent. The BSCs retained in the crab pots and escaped in the codends were measured its CW using caliper, wet weighed their body using electronic balance and identified their gonad maturity and then all recorded in the data sheet. The BSC data was analyzed using “the gear selection ogive” which formulated in the mathematic equation forming sigmoid curve. Results: From three escape vent sizes, the crab pot with escape vent size of 5.0×3.5 cm retained BSC at L<inf>50%</inf> was 10.74 CW while, L<inf>50%</inf> of escape vent size of 4.5×3.5 cm and 4.0×3.5 cm was 9.26 cm CW and 8.75 CW, respectively. Conclusion: The curve of gear selection ogive shows that the minimum legal size of BSC at L<inf>50%</inf> to be recommended is 10.74 cm CW which is found at the escape vent size of 5.0×3.5 cm. This CW has already reached maturity stage and at least once producing eggs. © 2017 Elsevier B.V., All rights reserved.",Crab Pot; Escape Vent Sizes; Minimum Legal Size; Portunus Pelagicus,,,,Academic Journals Inc. openaccessjour@ansimail.org,19960751; 18164927,,,,English,Article,Final,All Open Access; Gold Open Access,Scopus,2-s2.0-84993999208
"Supartono; J., Haluan, John; M.F.A., Sondita, Muhammad Fedi Alfiadi; Manuwoto","Supartono (57195573063); Haluan, John (55846428000); Sondita, Muhammad Fedi Alfiadi (57041367200); Manuwoto (57041310100)",57195573063; 55846428000; 57041367200; 57041310100,Jakarta North Coast development impact on fishery activities,2016,Asian Journal of Scientific Research,9,1,,13,23,0,2,10.3923/ajsr.2016.13.23,https://www.scopus.com/inward/record.uri?eid=2-s2.0-84953372228&doi=10.3923%2Fajsr.2016.13.23&partnerID=40&md5=c9a0eaf70fced585b39dbd7f7e4bf68e,"Naval High School, Surabaya, Indonesia; IPB University, Bogor, Indonesia","Supartono, null, Naval High School, Surabaya, Indonesia; Haluan, John, Department of Marine Science and Technology, IPB University, Bogor, Indonesia; Sondita, Muhammad Fedi Alfiadi, Department of Marine Science and Technology, IPB University, Bogor, Indonesia; Manuwoto, null, Department of Marine Science and Technology, IPB University, Bogor, Indonesia","Pressure State Impact Response (DPSIR) approach to analyze the factors which can cause the pressure to the coastal ecosystem and representing the analysis and identification of the environment data using Geographic Information System (SIG). The results show that in terms of demography and socio-economics indicator in Jakarta, there is significant increase in population from 1,137,211 in 1998 to be 1,182,749 in 2004. The density of 7,486 kirr-2 in 1998 increases to 8,475 kirr-2 in 2004. The rate is the highest in Jakarta (2.09% per year). Those increasing changes bring implications for the environment, such as conversion of land use, increased water consumption and environmental pollution. In terms of environment indicator, there has been a change in land use during the period 1998-2004, from total area 16,529,0 in 1998 become 16.579,3 in 2004 Jakarta is the most important megapolitan city for Indonesia with northern part facing to the Jakarta bay as fishing ground for small-scale fishermen coast so that could provide real added value to the economy and local communities. Now-a-days, Northern coast of Jakarta has undergone some of the most drastic changes over the last in few decades. The Jakarta waters in state threatening for the sustainability of the marine environment. It is crucial to apply a research which arms the impact of coastal development to the fishery activity,to optimize the fishery resources that have been found and to arrange the follow up strategic of coastal resources management. This study has been conducted utilizing environment monitoring result in Jakarta Bay. The methodology applies Driver deteoriting function of many fields and shrunk the extent of the reservoir. Applying six chemical parameters used in this study: pH, DO, PO<inf>4</inf>, NO<inf>3</inf>,NH<inf>3</inf> and salinity infers the condition of marine environment unsuitable for marine life. The area classified as suitable fishery category is 36,256,4 ha in 1998 and in the contrary it falls significantly into 23,993,2 ha in 2004 but 21,277,0 ha remain is in the category of unsuitable. Using DPSIR methods, the study recommends: (a) Designing programs that encourage the creation of power employment and reduce migration, community of understanding for important coastal ecosystems, and regulation of residential land, (b) Regulation to expanding industrial at outside and industry-environmental friendly and (c) Regulation on domestic and industrial waste, development in environmentally bases and allocation protection area as buffer pollution. © 2016 Elsevier B.V., All rights reserved.",Driver Pressure State Impact Response; Fishery Activity; Jakarta North-coast; Sustainable; Threatening Marine Environment,,,,"Asian Network for Scientific Information 308-Lasani Town, Sargodha Road Faisalabad",19921454; 20772076,,,,English,Article,Final,All Open Access; Gold Open Access,Scopus,2-s2.0-84953372228
"S., Nurdin, Suhartono; M.A., Ahmad-Mustapha, Muzzneena Ahmad; T.B., Lihan, Tukimat Bin; A.G., Mazlan, A. G.","Nurdin, Suhartono (56103486700); Ahmad-Mustapha, Muzzneena Ahmad (23100915000); Lihan, Tukimat Bin (23975999900); Mazlan, A. G. (6508246447)",56103486700; 23100915000; 23975999900; 6508246447,Determination of potential fishing grounds of Rastrelliger kanagurta using satellite remote sensing and GIS technique,2015,Sains Malaysiana,44,2,,225,232,0,38,10.17576/jsm-2015-4402-09,https://www.scopus.com/inward/record.uri?eid=2-s2.0-84923914538&doi=10.17576%2Fjsm-2015-4402-09&partnerID=40&md5=cc84af8f72fe0fe5a322803a18132f88,"Universiti Kebangsaan Malaysia, Bangi, Malaysia; Universiti Kebangsaan Malaysia, Bangi, Malaysia; Marine Affairs and Fisheries Department of South Sulawesi Province, Makassar, Indonesia","Nurdin, Suhartono, School of Environmental and Natural Resource Sciences, Universiti Kebangsaan Malaysia, Bangi, Malaysia, Government of South Sulawesi Province, Marine Affairs and Fisheries Department of South Sulawesi Province, Makassar, Indonesia; Ahmad-Mustapha, Muzzneena Ahmad, School of Environmental and Natural Resource Sciences, Universiti Kebangsaan Malaysia, Bangi, Malaysia, Universiti Kebangsaan Malaysia, Bangi, Malaysia; Lihan, Tukimat Bin, School of Environmental and Natural Resource Sciences, Universiti Kebangsaan Malaysia, Bangi, Malaysia; Mazlan, A. G., School of Environmental and Natural Resource Sciences, Universiti Kebangsaan Malaysia, Bangi, Malaysia","Analysis of relationship between sea surface temperature (SST) and Chlorophyll-a (chl-a) improves our understanding on the variability and productivity of the marine environment, which is important for exploring fishery resources. Monthly level 3 and daily level 1 images of Moderate Resolution Imaging Spectroradiometer Satellite (MODIS) derived SST and chl-a from July 2002 to June 2011 around the archipelagic waters of Spermonde Indonesia were used to investigate the relationship between SST and chl-a and to forecast the potential fishing ground of Rastrelliger kanagurta. The results indicated that there was positive correlation between SST and chl-a (R=0.3, p<0.05). Positive correlation was also found between SST and chl-a with the catch of R. kanagurta (R=0.7, p<0.05). The potential fishing grounds of R. kanagurta were found located along the coast (at accuracy of 76.9%). This study indicated that, with the integration of remote sensing technology, statistical modeling and geographic information systems (GIS) technique were able to determine the relationship between SST and chl-a and also able to forecast aggregation of R. kanagurta. This may contribute in decision making and reducing search hunting time and cost in fishing activities. © 2017 Elsevier B.V., All rights reserved.",Chl-a; Fish Forecasting; Satellite Imageries; Spermonde Indonesia; Sst; Chlorophyll A; Fishing; Gis; Marine Resource; Modis; Perciform; Remote Sensing; Satellite Imagery; Sea Surface Temperature; Greater Sunda Islands; South Sulawesi; Spermonde Archipelago; Sulawesi; Sunda Isles; Rastrelliger Kanagurta,chlorophyll a; fishing; GIS; marine resource; MODIS; perciform; remote sensing; satellite imagery; sea surface temperature; Greater Sunda Islands; South Sulawesi; Spermonde Archipelago; Sulawesi; Sunda Isles; Rastrelliger kanagurta,,,Penerbit Universiti Kebangsaan Malaysia penerbit@ukm.my,01266039,,,,English,Article,Final,All Open Access; Gold Open Access,Scopus,2-s2.0-84923914538
"R., Hamzah, Rossi; S., Budhiman, Syarif","Hamzah, Rossi (56236774300); Budhiman, Syarif (55027315900)",56236774300; 55027315900,"Estimation of the thermal front movement for coastal areas based on sea surface temperaturefrom landsat 8 (case study: The North Coast of Java Island, Indonesia)",2015,,,,,,,0,0,,https://www.scopus.com/inward/record.uri?eid=2-s2.0-84964053682&partnerID=40&md5=9bcbae4c9686b1c56fa1d0ea13f4ffb3,"Lembaga Penerbangan dan Antariksa Nasional, Central Jakarta, Indonesia","Hamzah, Rossi, Lembaga Penerbangan dan Antariksa Nasional, Central Jakarta, Indonesia; Budhiman, Syarif, Lembaga Penerbangan dan Antariksa Nasional, Central Jakarta, Indonesia","In the north coast of Java island there are many small groups of coastal fishermen, who don't have a luxury to have information such as Sea Surface Temperature (SST) and potential fishing zone. Their operational cost inreased because have to look around and spent some extra fuel to search for the presence of fish. SST as a parameter for potential fishing zone can be obtained from the calculation of the thermal band LANDSAT 8. SST was then used as the primary input in thermal front detection using Single Image Edge Detection (SIED) method (1992, Cayula and Cornillon). SIED method has been implemented using low-resolution satellite imagery for Indonesian waters including Suomi National Polar-orbiting Partnership (NPP) with sensor Visible/Infrared Imager and Radiometer Suite (VIIRS). The purpose of this study is to know the movement of thermal fronts in coastal areas. So that the coastal fishermen who gone fishing for only one day can get the potential fishing zone information periodically and reduce their operational cost for daily fishing efficiently. Besides that for increasing the spatial resolution from Potential Fishing Zone (PFZ) information becomes more detailed and specific for particular region which having coastal fishermen. © 2017 Elsevier B.V., All rights reserved.",Landsat 8; Pfz Information; Sst; Thermal Front; Atmospheric Temperature; Coastal Zones; Edge Detection; Fisheries; Orbits; Remote Sensing; Satellite Imagery; Surface Waters; Landsat; Low Resolution; Pfz Information; Polar-orbiting; Primary Inputs; Sea Surface Temperature (sst); Spatial Resolution; Thermal Fronts; Oceanography,Atmospheric temperature; Coastal zones; Edge detection; Fisheries; Orbits; Remote sensing; Satellite imagery; Surface waters; LANDSAT; Low resolution; PFZ information; Polar-orbiting; Primary inputs; Sea surface temperature (SST); Spatial resolution; Thermal fronts; Oceanography,,"Lagmay, A.M.F.A.",Asian Association on Remote Sensing Sh1939murai@nifty.com,,,,,English,Conference paper,Final,,Scopus,2-s2.0-84964053682
